gene_id,direction_1,direction_2,direction_3,direction_4,direction_5,direction_6,direction_7,direction_8,direction_9,direction_10,direction_11,direction_12,direction_13,direction_14,direction_15,direction_16,direction_17,direction_18,direction_19,direction_20,direction_21,direction_22,direction_23,direction_24,direction_25,direction_26,direction_27,direction_28,direction_29,direction_30,direction_31,direction_32
780,0.10514873694930683,0.1424820784558131,0.024496376322247482,0.13372940287806548,0.20915161067478347,-0.03928215385163086,0.24617107571841354,-0.1360185187945156,0.26837831704853293,-0.10634912175808821,0.2625838742898948,-0.22218696444825195,-0.3048627075677517,-0.051367083104514946,-0.020386593669538284,-0.026558462106536024,0.039678979557346686,0.15336119325532474,-0.009064595351927994,-0.04821631081211939,0.07013413435640413,-0.027230677186737984,0.2866482826781881,-0.10481748563642437,0.2579515277982174,-0.12362554404715588,0.1444496851155667,-0.10565480733462246,-0.06475935956290026,0.15595281258369673,-0.16706416668261834,-0.11483735799332236
7849,-0.041835781854031126,0.07316154254501785,-0.19694465214942733,-0.024514431844262923,-0.01724650241683836,-0.1406172460080806,-0.08685533123526545,-0.043473761149191735,0.07006194678927649,0.02734627097603123,0.04847922818841584,-0.20133768173041958,0.06973119929857172,0.12925609319132522,-0.057314894580075805,0.08005080536619529,-0.0687739271619508,0.00839086709107561,-0.1158693375707577,0.2420661676022849,0.015010507994447008,-0.06173558402778739,0.11254567899232114,-0.1052451829750767,-0.010363883936337413,-0.06481817588437645,-0.09732591450400248,-0.019425413991250487,-0.04811206914487093,-0.12990826103786962,0.17971171430088473,-0.023148717445147623
6193,-0.1208169087856911,-0.1454065045452053,0.09012804994508664,0.0738018332101416,-0.07019050041084039,0.23192209796277896,-0.05453745786194544,0.062215942470217334,-0.0625254850563379,-0.09704288073273999,-0.06818218230880765,0.15973508659303973,0.06276517769338207,-0.07880428881524545,0.060312825348589776,0.09628158232947467,-0.06913573027572764,0.17400755129241158,0.14939155757136072,-0.17918694410179764,-0.032737170288509296,-0.06140590668863598,0.03385496834711877,0.043974882837109576,0.2140717907598505,-0.19624551090561831,-0.07100634805456718,-0.09169649585765854,0.07678315791682039,-0.08706922205746019,0.0360926721021696,0.07192127668598937
23,-0.013057222073465236,0.11889612464706273,-0.10791135571056315,-0.025738617318045547,0.015541241742083222,-0.016537189917629747,0.10657750264128867,0.09320207123242624,-0.05225628508715471,-0.2802736046656096,-0.10477863169641953,0.1286703626881754,0.12754155679382487,-0.02947513680846267,-0.1837941960425375,-0.041937196242285354,-0.08817213540129419,0.02364181199036555,-0.05577273813255478,-0.07493853358795932,-0.0983897177349435,-0.22013109724393068,-0.01667406073547453,0.031039281187192333,0.08424401192926557,-0.10638285007490987,-0.07678249108543495,0.06642651680698096,-0.03889053436049233,0.08145043812812715,0.06065504390394588,0.0822122591810301
9552,0.29551880774605643,-0.10010356397972983,-0.09707732639018271,-0.24646927060625584,0.4450478546968813,0.037834672043946804,0.022869198815771794,0.05679893403880577,0.2197620413608743,-0.08924465420123359,0.01868937807459043,-0.3425460900796126,0.004439726708055921,0.0578364156900234,-0.06996724009222906,0.091303105280254,0.10036497590453354,-0.045453990768511,0.29746776232250133,0.14933198978672282,0.22959765685241512,0.14235827763886383,-0.06808457127746902,-0.09897755767022862,0.2076225291528014,-0.05929566797203315,-0.36936344593161496,0.2243383709219311,-0.23741947234806962,-0.16679446314184018,0.14428632678244588,0.302229571340081
387,-0.03743802864537728,0.18330917690029092,-0.0021507703676410996,-0.03321982338080508,-0.025366557867588537,0.13236201115986712,-0.2660842023751817,-0.15861830798173143,0.07526785697180267,0.16354169790665254,0.24283034973898476,0.12567413209661304,0.11729876938355115,-0.29555835391501445,0.06194336788787925,-0.04156208126800926,0.0017012531861768986,0.21972925433518475,0.21077891042002464,-0.18815245395309485,0.18468380624134748,0.05052866205986438,-0.2803620124572101,0.12244539254976962,0.05108459004107156,-0.2869384411865522,-0.1695443612621049,-0.2369572415077663,0.02031725351089688,0.19589459034086326,-0.06833860790248894,0.4273000621110097
10921,-0.18909440707870204,0.09821948562357946,0.021761746876286663,0.03515282742548444,0.07090620589201038,-0.31679732984701525,-0.20340521619007368,0.01675987289894456,-0.2686492872585472,-0.06608053822981208,-0.17467551038786738,0.04539334154242966,-0.027354408970423755,-0.19620956468076747,0.1531451070979663,-0.08468466111583617,0.023379965979843702,0.05380013777987435,-0.05455738636893452,0.029451659525744026,0.15225009908957327,0.32255474158369035,-0.09507302009442313,-0.1515064124571905,0.03551554528705383,0.07831020575553556,0.12039993335146303,-0.11690242001635076,0.24220659949450607,0.15692820758127835,0.17137500742236858,0.15203101543695663
10285,-0.14759994021867617,-0.0950067224230694,-0.1825067063628133,-0.0278905364452651,0.04572509520048925,-0.23029497877508345,0.04777390363033401,-0.05027286891576074,0.09039306462779562,0.15782369115933303,0.23944947140213213,0.056101042860599026,-0.08633559834946077,-0.030233912757064735,-0.08414286133143255,0.12173353202852367,0.10057275424218588,-0.12112339820241351,0.004582719261168907,0.26105898644465014,-0.3152064754702906,0.569916720449964,0.38661062469768087,0.012670555426189896,-0.24198329736945212,-0.18257611448125835,0.15686234993798545,-0.17678002344435287,-0.36421195399846196,0.19576749767941398,-0.047799669464700094,-0.0050923829671323225
533,0.20786060045184418,0.015142178479692644,0.10859108620872608,-0.20956033923545783,-0.19800559824452676,-0.2049159868260766,0.07030736743031502,0.008859213170365544,0.27026081464307367,0.25694704628790865,-0.15216758548127263,0.08114788589533509,-0.43398941759991516,-0.12168354217448894,-0.43447816054712474,-0.12968566116845223,0.1251167509281908,0.07705085712527808,0.13749160810019545,0.20467340674662016,0.09796637708630791,-0.039771750433403016,-0.11915324564127343,-0.3564800676224244,-0.13464365959609909,-0.29184440819074975,-0.23930611622859072,-0.01961754128257572,-0.09566386619046861,-0.11599353241605903,-0.18275679930564503,-0.1962291267218166
6194,-0.04088286133074166,-0.026122740058301768,0.08158638988317778,-0.06547457103842447,-0.18223654464504077,-0.16698226191711157,0.004890358941773857,-0.00529437429460789,-0.012450531137460679,0.030766051236001398,0.1685103283588226,0.1504764429472556,0.22240064724398548,-0.10313553456120904,0.005589750449503028,0.0689674784058478,-0.22439260756682808,-0.07029114031456134,-0.11881783886601414,-0.09160058237721687,0.15497470842249284,-0.10146907827809483,0.037305446939779295,0.1800793661361986,-0.09767679728134404,-0.2845344387835559,-0.07645592482782722,0.09816509203231955,-0.21810260395655698,-0.15333443175615005,-0.007013367737492432,0.08706448813900634
23326,-0.2835421116695108,-0.14788164903508239,0.1066879667417436,-0.26271921602856196,-0.6206547561490359,-0.5582153789935674,0.1626510456675285,-0.01952865787992602,-0.438701058919319,-0.02049311927862651,0.0192034159623471,-0.12900428137832176,0.5172675746727236,0.027835352162876855,-0.13721281589428438,0.08633618806476438,0.2231868578907365,-0.3193102812706178,-0.2237790175205659,0.2234910652881656,0.21203343733467986,-0.1607828431759115,0.07160337142283268,0.4427849375427392,-0.09671153634954227,-0.09028796105146314,0.012418874916173198,-0.07621682072342358,0.023819335537064168,0.09701301643871416,0.49768237955429484,-0.07054595270763157
351,0.03867599992680373,-0.14849070104499545,0.3038826808881652,0.1933797500511139,-0.19782477398381904,0.1215814615358345,-0.10326322599676953,-0.14486291635209628,0.03203157696819151,-0.31992179352353306,-0.2436223775256869,-0.056184303239948434,-0.021550173076848415,0.10357311083604122,-0.10198559876009762,-0.126376302440956,-0.13229117321774078,-0.32445161128904954,0.06625625888608544,-0.36359354440439806,-0.1843292150118564,-0.2669822359939455,0.1979206395169245,0.07218074934133042,0.09197632900925887,0.03884133569252465,-0.11034422276326628,0.04881661360669918,0.4965155410771269,0.05753338322878967,0.031042878131199162,-0.11093661187955386
1213,0.007130735195906351,0.050350672327872284,0.031890568526992354,0.012688877808872831,0.011422596808091469,0.10944944587500127,-0.055368845766323595,-0.004016306630404572,0.009573348002421073,-0.09255251046184933,-0.0005134473386595182,0.07503138080302912,0.05074547219777386,0.0023727700334072975,-0.0035287994615282223,-0.13890261515358898,0.06743221904441249,0.06110323902663395,-0.0676631575975666,0.003529908380911492,0.0767532478555985,-0.060848336289787,0.018494689909755484,-0.1609001015287727,0.07540963166683473,0.12380218625788633,0.028196168168542913,0.03217895969408461,-0.026081510695624147,-0.12411932140586882,0.04800592331398354,0.17500135610185363
9761,-0.1204516435289838,-0.1858150436701645,-0.19943484923682708,0.1606089008911247,0.15114309480000376,-0.20308707813753674,-0.10283128714408837,-0.1346093733112552,-0.3205197163487179,0.10446164506463086,-0.04465102324253486,0.02095279496496036,0.3773416848175318,-0.27114746391712036,-0.37880183555852615,0.05531995110035432,-0.16603490402655954,-0.1022200915145229,0.48230121532785236,0.010410605388514068,0.2280303258284718,0.3474321352810264,-0.02710746865037244,-0.052156858255492336,0.006493032333816232,-0.053866936046109176,0.15157800141553848,-0.006625919992343391,0.04308974489679381,-0.3586648688885505,-0.04603565431520862,0.0773732538455472
1465,0.11819799268885464,0.004428263318710012,-0.34024704672931083,0.018505990588723344,0.27761626107975496,-0.3784513985261482,0.0005071507421653833,0.15166963021259494,0.07030457652521706,-0.017158451586100073,0.009464713297224415,-0.022729493788378595,0.15311419124683712,0.24604813750228377,-0.243769537585736,0.09250352623367099,-0.07813955432877782,0.1520103562314323,0.005857481778524565,0.10685661364011777,-0.15292092511856448,-0.15995947457672338,0.03571250482453176,0.03498744088890383,0.060151024298338206,-0.06370178288399446,0.06832249964644753,0.11945318240277122,0.12544516318448665,-0.03339726278689644,-0.018286024502018473,0.07853148958919533
808,0.14808228677661947,-0.39372572065534717,0.08166238781197921,-0.21123467455112793,0.10910672281026176,0.05463508224451695,0.054312328923654854,-0.02035310816228729,0.09455563036468558,0.07419666130873569,-0.07285324056919272,0.003956802953796963,0.41070607936231107,0.11335108748005551,-0.38829178719845986,0.05217682662499396,0.09380083299533098,0.12313592865416347,0.019232744722432984,0.17576184895336425,-0.09854107146539956,-0.028131406510717962,-0.07978795929231293,-0.18014988507825705,0.2130992293737333,0.08456196194998461,-0.21091292834669537,-0.09342318598457153,-0.0526701567686252,0.15402570644346406,-0.1481673154227981,0.20173626521569382
5792,0.20709247539225806,-0.2106518914915933,-0.12345239997747107,0.14006757496133784,0.057062875772187195,-0.1287591481659042,-0.0320408117927073,0.05824589554019201,0.07211734262614852,0.0905769851757039,0.09106516272305336,-0.3131278250026778,0.1569965076394593,-0.15641732740925426,0.21658995902984782,0.13559760681127078,-0.1560017589842581,0.034852153834573345,0.07607052856872339,0.28391785566678884,0.362280886973027,-0.20802277964923094,0.07876394103687982,-0.17239176793082542,-0.11833904302985637,0.010157853315326761,0.027993002538483983,-0.16689403311900766,0.062147159187770376,-0.07536547601663701,-0.04206557174771658,-0.23022194729838963
3337,-0.14476348287349547,-0.06180792785803544,0.4052825436522281,0.0541741947018997,-0.2279880507097912,0.3844370546079581,0.05296750845971506,-0.1567795999251587,0.04464430562088235,0.0100144019518969,0.09004430324712355,-0.04856117735427365,-0.16954028572801005,-0.15849052182527654,0.17918806447346408,0.015214975362839854,0.11979960557790163,-0.16247014241008495,-0.1447086360491163,-0.027853781306620005,-0.011036618520124537,0.19839448445441582,-0.12955682496565973,0.05935082558500575,-0.057249874552764486,0.034777292304028366,-0.05981741618578439,-0.2015961590761784,-0.16754019293452987,0.10856298171335554,0.0613195131293999,0.012209046188503868
7494,-0.5859962403696541,-0.3054180814163872,0.16388997358256716,-0.019795737133354297,-0.2556837223809814,-0.11256283166341835,-0.030735023738576027,-0.04702298489522609,-0.046169361580868096,-0.08670501765745275,0.392288313327671,0.0006002929436310704,-0.07302491870004522,-0.3987735250734418,-0.6396520902678801,0.5745943540256802,0.34317227763400376,0.03807902434188077,0.24699008625954957,-0.04968024774378409,-0.24564149143587405,0.09683980786848513,-0.007120262701940701,-0.100515344588309,-0.08520296516867513,0.3437514811714073,-0.344291913865477,0.2004746136478638,0.2789567476017066,0.451074740702933,-0.1998886155071948,-0.19135937187406124
2896,-0.04631184537784594,0.04813853166172686,-0.39843074156956015,0.21291482556501903,0.11044731902894103,0.1271757774325167,-0.07298546989044039,0.25675149254927115,0.1421969100608343,-0.18781031497785303,-0.24742909419165032,0.008107173265724547,0.024096343858488543,0.27326070365257343,-0.07502261098250554,0.059953914478295914,0.10543350756294138,-0.13802443312884427,-0.14649351982853415,-0.060065783426215685,-0.15189005665135563,0.053958292563202975,-0.10774937558604873,-0.02403197418043965,0.18502300136127267,0.004450718283768013,-0.08060030480994183,-0.03909789867644739,-0.2851972136698698,0.03174474758698923,-0.09584820194087679,0.16087547268379493
3098,0.109522408369149,0.12716099949475687,-0.07461751644604142,-0.04597144782113195,0.08958544147604902,-0.12282959241069136,-0.06299981723304325,-0.011057837880310806,-0.38596977843496816,-0.1072649981842534,0.1784455962180294,0.1232714761455155,-0.13666215310584603,0.111297766508943,-0.07671594246286753,-0.08335051951279801,0.22021234385915758,-0.07231047357874151,-0.13232429780565802,-0.4085966144073618,-0.0578244498356136,-0.35711507816025045,0.0505269071805441,0.06971463936727781,-0.08320838408401227,-0.15694627607787187,0.12589208283431044,-0.36627780300164176,-0.04944923668759489,-0.03628783818892716,-0.1194575555317864,0.08849951190945143
11014,0.21981483582502095,-0.33954595559245854,0.019839637034301853,-0.11203208925636503,0.21483481680164387,-0.0323860373087837,-0.015349330850414327,0.33745419526655646,0.04178975143948734,0.06949196005586065,0.03786463075881431,-0.19560141932463873,-0.14908262854456455,-0.07725411447077678,-0.015586085635192053,-0.3390384464437879,-0.3392289929517352,-0.031783022229320515,0.29493745425452633,-0.04122225739185369,0.14498818487883788,0.32275655672104125,-0.051927947069018605,0.15920202449414134,-0.029008994912620056,0.19752593511048144,-0.024487372473451327,0.02909961646327889,0.09558462214733729,-0.17045511649363376,-0.32888722730917064,-0.27144098879493606
6500,0.08367183431185335,0.16699192991464604,-0.13258549110988574,-0.02418585655088339,-0.175442822861447,-0.08587893187934055,-0.13687035610028606,-0.003710461163523583,-0.22379313998781403,-0.05250917736575921,-0.13340518316187228,-0.009123503387023247,-0.12150259588604932,0.02193741462571492,-0.037741651692153745,-0.11374818423036726,0.020365110738277025,-0.12290975589864192,-0.1095457141340117,-0.30725926965856876,-0.1602342247211819,-0.061875966301477896,0.046578888983594656,-0.19462520630001143,-0.333831684088742,0.01888121215092953,0.14172839970819498,0.08199680369914086,-0.16524086223306297,0.02466240684086566,-0.06960541349866045,0.027410507327735492
823,-0.08264879544720012,-0.13674423247474252,0.14596381875060666,-0.024376405830735293,-0.10632793811256236,-0.07364438838725683,0.27014622989757064,0.00503579250595568,-0.13711512227388875,-0.17581214915123125,-0.11237620970909042,0.19976813503139268,0.07669745434573194,-0.30867471931546525,-0.10120189575124028,0.19759968584932808,0.287703880367929,0.015118654308051427,0.007240755920598513,-0.028365607208428296,-0.022596829262183555,-0.13386257198933582,-0.1334234768207636,0.1561636814643011,-0.052740119749201925,-0.13501202948099772,0.1250519778412318,0.04420500324583607,-0.24804329772926664,-0.01278221753748921,0.09845220181246962,-0.156340378082429
813,-0.19325499910796246,-0.03137065817464049,-0.028270118414711425,-0.04639088749842415,0.060341740947504975,-0.023400684570937143,0.290642743501885,-0.1995358876208021,0.04979317905143758,0.15096548416627936,-0.009219679794188671,-0.04913447671877994,0.03909292170287946,0.021543093008219324,-0.4174069355450992,0.03238067017146345,-0.2837863996993136,-0.2400256098390831,0.053048863695279565,0.04549165492013981,0.306727720157081,-0.01660347533886833,0.03914463671272053,0.15602747618273052,0.047369368928934175,-0.13312828785700273,0.05588300778238465,0.019985570586507347,-0.06360559304057124,-0.13503629553593774,0.3559157784013413,0.10149733282199017
1509,0.21034730291902345,0.05411520468936983,0.07876621391746019,0.13981197353528876,0.034575927357625325,-0.2825511316600775,0.10749259343633279,-0.016042726213326322,0.05048730990815553,0.08847825915117764,0.24689671473384428,0.16445036805807198,0.04492087474755377,0.00788045700927334,-0.06660408512619713,-0.17956503079346836,-0.036974055736066554,-0.046023895838394994,0.13936636354089463,0.13394760333155944,-0.12730974426531144,0.11451476549317413,0.22814474446823674,-0.2801738256359752,0.053494957188045034,-0.0295006340967523,-0.05008775501864721,-0.14443221265965117,0.09915429263708407,-0.12882731126165375,-0.26593057277517856,0.13146383122184868
4144,-0.10050816555621564,-0.07515740451900997,0.11099789283178745,-0.3553152600039618,0.11642387695942226,-0.05571667738858845,-0.2239263534338894,-0.052866329891809824,-0.19217326824874084,-0.21508359808942723,-0.1596123423446829,-0.07920702185407152,0.03786267554078699,-0.0018709369032547365,0.3440721296202393,0.17743080885094217,0.008365107173584475,0.47207486305136503,0.40371777764144584,0.18311940644387387,-0.02301673959666974,0.10327656231471277,-0.07010393443462122,-0.17263082333006144,0.12791184627679097,0.01659986267000763,-0.03408691797977927,0.24143886997220768,0.16654314882746238,-0.2718180838739868,-0.189812971867877,-0.20993564055672373
3925,-0.16316628104010653,-0.17686099775338926,0.003247036383134942,0.16572237682206833,0.034909393045593214,0.13275741851013032,0.13343673967513212,-0.3171104039145396,-0.021943539329576347,-0.17224475885659532,-4.8742263864842995e-05,0.0741247426577718,0.0900234216272373,-0.06598999677701432,0.10100456439612615,-0.1176274548258354,0.008169356796076182,0.11094918678038598,0.3299949269869528,0.19484910167269223,-0.33359638741082126,0.1148682526419447,0.10030943747158443,-0.19697226219616865,0.24867734225948152,-0.12737916234501123,0.20484200585479997,-0.0886871400320788,0.34426427754701994,-0.17584536994972336,-0.11899105469133023,0.10086361147562592
1891,0.18812453397583737,0.05058164154203819,-0.14845925282680253,-0.08480928815122778,0.08566226955385377,0.010043003017705976,-0.21066322132382143,0.20231052434869506,-0.03506776305673784,-0.25563380811802505,0.23943259087068225,0.28023132477189294,-0.06410026108969039,-0.3633848436020503,0.3875186287334239,0.13012285739024534,0.29313864852349364,0.3040395551431369,0.20267118862060596,-0.01694786679910984,0.058833033477932374,-0.04823557528541641,0.26612879280478774,0.027380780325385004,0.04927665639493673,-0.22272695988451569,-0.10856858352443316,-0.09565399597449997,0.3712974354759754,-0.19209376510576354,0.18666892764889065,-0.0015086856576125574
8826,0.32494421034044235,0.001649065062233953,-0.13764143350902489,-0.22190566290182911,-0.12156777810984545,-0.25411647692618117,-0.12749050738690018,0.15087856891764148,-0.3241683259027464,0.028322344675723348,-0.14136317486373412,0.03005568641199971,-0.10191870669077516,0.10292369107819567,0.06905116412151234,-0.02471546758123256,0.15637825744004,-0.04919428004198513,-0.11711153979720752,0.2612555619405918,0.10476124099803487,0.11459232916644767,-0.024369634964910146,0.23496245031842364,-0.16447678941153235,-0.07399766519874162,-0.17876270214062512,0.05119340407715384,0.1791162778574983,-0.061310973856924494,-0.2976266919338837,-0.03836492918613518
3303,-0.12879696647120917,0.03875178466823428,0.5074354261651015,0.01457443784242677,-0.255914251428516,0.30381258669621614,-0.18720751569883826,0.0046989114145803155,-0.010933126698629815,-0.07555611145258968,0.2659732371646719,-0.2317384699364113,-0.31546748301072586,-0.036566407646242215,-0.11389974945348195,-0.3085052416043607,0.03225565964273011,-0.10930872562039544,-0.20749276304757014,-0.43435056745631095,0.057422989017927584,0.026713205669485544,-0.21429605177049052,-0.05333290761944133,0.011714071080867274,0.06609022839737819,0.023959522880751965,0.1152452440463494,-0.3037233570274988,-0.05308156349147108,-0.03843208518101769,-0.21862055501902464
3329,-0.016264974395477038,0.0992433856739069,0.016701341668609412,-0.0701083128627126,-0.030105208598271586,-0.13124389639936176,-0.20923253783022566,0.009735353456882227,0.142048604637248,-0.05784699335130265,-0.08558527617200543,0.13221248596671512,-0.05480432516762449,-0.09091091308814171,0.10387386594190313,-0.09057656887719608,0.055244449054147146,0.0036593498759925204,0.21845691482562,-0.07816615264825393,-0.007362240166550744,0.002385747607874635,-0.17872378994208482,0.21923348715208343,-0.1346640128314564,0.17211565268174003,0.019099586389870356,0.08274985542420446,0.051529221281720265,0.02147804668061341,-0.08582811020635647,0.053023974197375486
1153,0.3508259191372015,-0.4646446192124405,0.27864845057324233,-0.25428291973986306,-0.136743822911789,-0.09966175682303985,0.037257095004244574,0.07884238138899517,0.16789409028246954,-0.15362538962022973,-0.10164084636628559,-0.11246566252553762,0.4292255437105615,0.016157024388820173,-0.18289849677014008,-0.3147694206622677,0.041472550199632315,-0.16492743214966474,-0.22261700944190613,-0.03301617598284932,0.24371694027177002,0.17782660582134954,0.20617090460665133,-0.1006856233653664,-0.04876499957505387,0.1588661594172764,-0.3149715405670523,0.3782592474902062,-0.0640384264469153,-0.2610206378344558,-0.20354667871115426,-0.12525515769921222
5720,-0.01521573032906021,0.02238255381353987,-0.06342487319553763,-0.05630698483179373,-0.04397589288066068,-1.4559694258933787e-05,-0.1406275274922048,0.06926930125377044,-0.011547392802448016,-0.1583913409758947,-0.09359633477556673,-0.05839019449571164,-0.10182499446687669,0.07444218248590162,0.05676621288884865,-0.14071286183152376,-0.0578702768295886,-0.06282894532498748,-0.018028347268821916,-0.01626486098916984,-0.04660312806983699,-0.01261737301761071,-0.03505746359941895,0.24364046945706722,0.16433748731055842,0.04263314824634706,-0.06749332510924967,0.12447275485662644,0.11054798118890245,0.012523446704962811,-0.15523916656478223,0.1068762618606827
5048,0.014323370486356608,0.1398296110032188,-0.005602266836927578,-0.066975086512645,0.3124823222770022,-0.10990426108550948,0.2026181852369165,-0.048499792749771294,-0.06466070701232976,0.055780530062260594,0.09085832834433119,-0.021701435768461372,0.13852493156921636,-0.1858024668836487,-0.17133524545250745,0.13761497110002338,0.01675349437522488,-0.26387311603503016,-0.11716132628517727,0.17274518078991782,0.006094597841699017,-0.11209806494182332,-0.015346604813546758,0.07638269354310873,-0.09844962597207978,-0.10877232764118847,-0.08113092298564885,-0.12291132316940136,0.36227850985396454,0.12769634755099185,-0.06188742106158563,-0.05887350402464866
10525,0.07936443632151305,-0.037854462485974814,-0.1478532386981021,0.07987337342778948,-0.15005376863274855,0.06240100526688485,-0.3175132636109212,0.021294391831495823,-0.03759296683229774,0.04580971175201238,0.09010931105895703,0.16788648943717793,0.09491183640521103,-0.03198378119616286,0.04603891103931962,-0.1130255380788141,-0.01623666901200835,0.04701777898084127,0.12977527793225846,0.016403950584928547,-0.004913323257745478,-0.07689152699135327,-0.33853376514630557,0.05938217626884128,0.08657856941916525,0.045352363612266404,-0.1422469699260483,0.050311022031480156,0.1456727637962781,0.03232539686148293,-0.05573814887101267,-0.20773168739688533
5708,0.1443289287733451,0.018768564253222538,-0.019159898101124524,0.036522409137394046,-0.014273758553284072,0.07654382688220293,-0.08146804922351608,-0.013627733539235017,0.009180432679533824,-0.05753639145538818,0.0792033638362435,0.02974526135987054,-0.024602608510443814,-0.06121591120527589,-0.0016870505183700256,-0.05443989256476304,0.0694534063211589,0.1332648911934549,-0.07366333868547507,0.020378765059029975,-0.058639754693268833,-0.0009568551128124709,-0.11299228239480928,-0.05763713716817191,-0.020772180325431967,-0.015983014961887938,0.11363855026780284,0.19100475046721346,0.008203179718932418,-0.01143150122974317,-0.15377514417228763,0.1237766918657273
2058,0.3047337158780193,0.03713797325406583,0.18899542569497166,0.00040515692689950327,-0.08014484201226493,-0.04857381741457638,0.13181748421074718,0.47346594802728315,0.09623761082713214,-0.26968615307184285,0.42242876269774454,0.4645100077882656,-0.6020960059541763,0.13342467040861114,0.4736702412956168,0.44898988855285277,-0.2224341732040435,0.32363824447548745,-0.07909389233518449,0.49647467262984124,-0.34420408103775835,0.03253718325329759,0.04445584345863244,0.22878884331677418,0.025356990490590186,0.3134205690529985,-0.3637530552299147,-0.10013763265787234,0.4151847540944664,0.1779114392883146,-0.06604836857887937,0.22469480843099132
5710,-0.125242265764486,0.056050134675939715,0.03414761551425208,-0.08158468531002366,0.06320636187965381,-0.002302213922826492,-0.007039579629208655,-0.1350398480734666,-0.03610225909763957,-0.04019271739019703,0.11889503195818275,-0.16434046160591365,-0.08613475321223221,-0.0036297868081930783,0.08732146387681773,0.01771987788525053,-0.07386831518492984,-0.03245500001783243,0.12253858802680447,0.024970575509542917,-0.05789662372785483,-0.13273696432991045,0.0411933221636556,0.09280751634197744,0.17364804563324912,-0.04500606509324314,0.019282140813637345,-0.013998149567481672,-0.035610293386870176,-0.07315533399675249,-0.09406732082938331,0.074463302790476
5223,0.02295967095493935,0.005056251560073561,-0.04372141982289286,0.06706439584553266,0.02946543168393943,0.10219371807474498,-0.1666129394606644,0.03818791782304364,0.02777491920812685,-0.05293081350319523,-0.09179949932369959,-0.10877828346970282,0.08297445092320392,0.14945861983173891,-0.08201579351425028,-0.012350828075223044,0.08577639095185373,-0.1291616777790724,-0.07308472219562182,-0.03691702374174325,0.03008444117580708,0.018170604408846974,0.06500811950506086,-0.012266548361245296,-0.2670488826535264,0.002101814541141896,0.21895882574020975,0.03678171881867739,-0.18640365119517338,0.022112232049738546,-0.018077414056782155,0.1244806211369236
6772,0.13874574489756528,0.1312213026242479,0.15804417079116007,0.10140025554368133,-0.06879184440965135,0.05284296413555731,0.00938273104904311,0.2555498952958704,0.0451077685884046,-0.2040101137723386,-0.07135956828031714,-0.05927021732636597,-0.045826636016987644,0.1473734129600291,0.19811687246722448,-0.08479732965255762,-0.22371242822173218,-0.29357227045265183,-0.18360896733952106,0.05553546247874131,-0.14325912693876647,0.14352269214131047,0.06792420886768369,0.08198841785525647,0.00807269065282165,0.08477952992505117,0.26339596943721966,0.06711528624579098,-0.05523847612831308,-0.04137371689313438,-0.04015366489421736,0.10244616946059258
2288,-0.08738088976955476,-0.1804482172431019,-0.08066992683408028,0.0876804372258959,-0.2161544450912386,0.03328689074477745,0.17593362845131172,-0.042177749725214375,0.3220312073331922,-0.024307169567966812,0.09383729362101521,0.14753216902054478,-0.24407042226792194,-0.08172995675586633,0.36713169841919235,0.0426722856279818,0.14149884844830538,-0.2159086458567557,-0.22200985052539038,-0.18802505936057154,-0.22201979813485695,-0.15182964211000902,0.3814489718791863,-0.2529886811772866,0.3360991578839676,-0.053388565761020905,-0.055291421131553956,-0.1159801526370672,0.011807835354658886,0.2733206158506295,0.07226803226349557,-0.018888764193227086
3895,0.1462942943967681,0.31955388291867126,-0.20983897864288037,0.17505618788316535,0.04592126855430866,-0.12435243886261196,-0.012924768738227187,0.037971229478927615,0.2548425555108012,0.23991664833139403,-0.32968891818470836,-0.0972646769800963,-0.3412805680382201,-0.0768201397732666,0.12854665528131265,-0.013668908673399807,-0.012445060617220996,-0.12139502527816633,0.09715286721232406,-0.31070950065214153,-0.08156656144353351,0.06741782522285929,-0.46095927062357034,0.29958172960943097,0.037748007032074475,0.20036025994847287,-0.15057784180196687,0.12697646355096256,-0.05938724864692263,-0.08819595634767197,-0.04664729501649644,0.11327958545150679
10972,-0.4700452218737432,-0.3631263839201531,0.03853983934351634,0.2243310410849549,0.09661387279580924,0.062099621539984315,-0.3349074176249063,-0.08412154608485652,0.21491516976763553,0.07939266961053751,-0.04703869715501432,-0.008972259193724295,0.055022128409104726,-0.06610438195364388,-0.10070245056482392,-0.0011540729724596485,-0.1406813057114882,0.0945131984592252,0.3468465975861797,-0.32835713167985225,-0.07459086099905247,0.1953996285830896,0.055455275561414975,-0.1437735179834004,-0.31456048494571615,-0.36345308166955,-0.010849952663379691,0.25255395547104503,0.010495389288866118,-0.11479722418647735,0.2576900267806997,0.24455192794897646
226,0.005436483640948199,0.02065363026160137,0.03639742755968455,-0.1179123506494203,0.04428355735248712,0.02549822274912384,0.05944089975045919,-0.07728553324721862,-0.015378547242716631,-0.03498804252025042,0.13289109699094565,0.12187530984408071,-0.03325621706006323,0.02585701088803321,0.022963540064676633,-0.014620964735514804,0.023364161458067648,-0.1312756830387204,-0.062270029186828856,-0.0135893941296898,-0.05662302716080568,-0.0702533880804188,-0.046442332057988554,0.0656285487636515,0.011468133449811376,-0.03280566263699888,0.09574329860437585,-0.009604807021321087,-0.0878689201415015,-0.05751392848551615,0.003097377891929362,-0.0903058149482965
10099,0.0737672980554393,0.18604741905009997,-0.10985306930236405,-0.03531603383139184,0.015025396811121814,0.02953632451396071,-0.0324146707087659,-0.022770123213461047,0.1685977715968027,0.13535613062027962,-0.10449694650362452,-0.39102391684338833,0.03658204342639207,0.18977337335597272,0.2610210510369253,0.0765475280254843,-0.1606361171770509,0.05360811012513901,-0.08969189205234138,0.27607719401398223,0.164085316827355,0.028608878091412215,-0.07759069880472932,-0.07888114361016385,-0.14884914919434716,-0.02459283756500889,0.13219993629055024,-0.10683517789655608,-0.0583787615767302,-0.15368242367203502,-0.11550328477953357,0.08868226981859544
2778,0.054796596169951584,0.0012681881980542249,0.0500233866580094,-0.010196957535822122,0.02603455569636466,0.012422800360249522,-0.14326085247321343,0.036368528231341256,-0.16647745576362735,0.01397827625053214,0.005705715021607546,-0.061466096384429104,-0.0036190044164441932,-0.1580886458727048,-0.045302802123444036,0.0207239849729726,0.0038217588070932895,0.09375164057635141,-0.05344349650274879,0.0582120417550904,-0.06485245063421383,0.10524005293194118,0.00801391609545611,-0.042946930288232314,-0.03870929655924606,-0.03883752975597662,0.07102022748286606,0.1652985043310918,0.15118653618714467,0.07577823221814463,-0.00016295160024669213,-0.015037663316406146
3091,-0.040762280569389533,-0.14773271969124946,-0.05973671372137711,-0.14836175028953838,0.017702482547694784,-0.2221200216867595,0.044962429453972295,0.0522407508836451,-0.20134060555209837,0.2947028328987732,-0.2834918950431301,0.25393491520847067,-0.18594411905452013,0.00029763214073372246,-0.2259662225548849,0.0037727096362239663,0.17617850194855963,0.23535944723077232,0.3613624024332937,-0.06866026258001512,-0.04911628832352847,0.2920257560649492,0.34458378208384327,-0.14633975899322157,-0.1169548600922481,-0.1248476574220927,0.19366920952791303,0.059995647432918346,0.23528870756454576,-0.18898056570270624,0.17689685680676745,0.1289695840963888
16,0.10324943011962809,-0.07767498759658784,-0.09140952059405054,0.001584833441816433,-0.2541529531945926,0.15654938053299863,0.049893592517398465,0.14265617911381062,0.039416587772653326,0.31646556249261015,0.022841289686535426,0.202496223951063,0.04682045232410011,0.09705021342360459,0.10903677998961991,0.39723367258557246,0.1090185163226018,-0.08276892518374222,0.29623734350087905,-0.00011489638598251913,0.15575685342481335,0.08704232369241953,0.276230823904735,-0.0516334240990882,0.17933074576436842,0.1048259627198275,0.11058126495001874,0.040023538197155484,-0.0351654134301686,0.2848217352441726,0.07250793483331963,0.09013359746937692
6184,0.015186427711322524,0.05320446283734513,-0.05319817847029411,0.3899286391615848,0.1408121507605469,-0.0789854482280726,0.23592144504903084,-0.1699983052268531,-0.06079757368710902,-0.0030506044751443134,-0.027099059930750232,0.1628172048205707,-0.14357970764682434,0.06802711382333147,-0.05734860811537787,-0.17636124738269943,0.09910363449276278,-0.10357645240051042,0.20187342622136953,-0.05456947492953907,-0.2425660655544027,0.2559687154374242,-0.31401769232609444,0.026720169975660017,0.0358150641864297,0.35103524899746874,-0.058659413954826455,-0.09686304808874047,0.03572182265621398,-0.14119826664650945,-0.05222270477462618,0.3653185770510965
10606,0.2509801723207759,-0.08160386171291308,-0.020886924845330217,0.04708905221062822,-0.006181326065030636,-0.1532223432432,0.0186479629088277,0.05785776793316245,-0.001851876964231103,-0.00042307254538474613,-0.07881002542554702,0.0615744046096108,-0.02427743998316381,-0.19329566382219773,0.13645520651643,0.13006611993714384,-0.012986866508049257,-0.04003468578183022,0.13210683676952326,0.05019007173560406,-0.07786880882811129,-0.04142672490420423,0.063844422417913,-0.03292681299899683,-0.04833804201409751,0.006288978472505673,0.0917123257289461,-0.14071351392385292,-0.15544042927974736,0.09048785314015403,0.1394256072966299,-0.10101147804650035
10904,-0.27651413875000225,-0.07020132822483252,-0.2668635678272529,-0.162377341662481,0.45997580345802774,-0.1968349570606123,-0.1221348306558275,0.2633336048170706,-0.13807590172215142,-0.054011360015563836,-0.5334557160905368,-0.0019478263977699413,-0.17369465886074237,0.2179618536156084,-0.1545843797096487,0.00558501898888429,0.24061251712038864,0.007966872029893162,-0.04829562401109027,-0.08435183395599731,-0.3154653612461918,-0.14902966259989414,-0.10082057632058891,-0.022749102412332207,-0.1358749570391187,0.07431843579323266,0.11647417850632986,-0.16916583467775,-0.09655543058196726,-0.19587131917767467,0.06689752146430955,0.005219470496321175
3033,0.27648923196100134,0.06423123008967759,-0.014538187316545633,-0.03673722180656629,-0.13448381701224804,0.17674439596085262,-0.18910635793128083,0.017691544597722608,0.3001428644948386,-0.22222781859613025,-0.011857616748905063,-0.14627913023772035,-0.10820215008372583,0.1160168963249696,0.045747329765638695,0.09645845496090129,-0.13180758037826668,-0.08083562049509888,0.1350638268115168,-0.18712543077453464,0.13822256732199753,-0.1448052239631507,-0.024593551419863094,-0.00478408404687888,-0.2406776975904714,-0.43660218375716386,-0.3946469742084467,0.09753037380027442,-0.012382894909013807,0.056425683006485705,0.13715854315835618,0.1438203606213497
2771,-0.11613657454672567,-0.0767587733295117,-0.0030912608465757355,0.2921161943443099,0.1890509140752443,0.18272434804601592,-0.05607894605056626,0.0005113376111608843,0.22424080402092492,0.04496157359843913,0.1707824109790542,0.036859540361083895,-0.06577210969499386,-0.01224652323992756,0.0925202039504851,0.2004049537545252,-0.0044915579972814364,-0.06860071274790792,-0.02211601161683249,-0.15346762132918537,0.20886001299559978,0.23936691610889846,-0.12492243275713444,-0.0851188877893448,-0.162502314904967,-0.30839184808615006,0.10512930631383692,0.3278245969027693,-0.06576792681322863,-0.10260014785258653,0.06763399150424278,0.003310348475611194
9491,0.029047051063658156,-0.06463327273059605,-0.014690956304218407,-0.17938959229338158,0.014784487872318246,-0.02855794129649196,-0.17266871228366165,0.17785274971733459,-0.20318398083788453,0.13195409645386688,-0.22006341229487308,0.1094455388771368,0.018155827442206694,-0.15742011784916204,-0.06428887362739479,-0.043093207447720126,-0.12070302541690534,-0.09833034364315342,0.05373559305218071,0.14559105362048227,0.28845134287636287,0.2096262735219312,0.22464361093244986,0.08456120520800035,0.078132386740947,0.01707700318070023,0.13873546868968967,0.17745796546535234,-0.020219542367257363,0.05135561697661197,-0.13816784867183837,-0.10273747329516482
10398,0.0038631919477400928,0.08459404226670615,0.08710412670896153,0.0659010113253419,-0.05071059284976294,-0.23365144342951305,0.04149023343477292,0.07359515346742379,0.018064768953049728,0.07181906821428352,-0.0669414276428775,0.05154488631143038,0.06009346960409393,0.0049380592756046015,0.08502804153226437,0.04010287313515719,0.0871777042390399,-0.0635646426018837,-0.0975778712443306,-0.11058759917529773,-0.08135901654789701,-0.13053247851798372,0.09507843325334592,-0.4453047511552502,0.08486524556093897,0.01308060246289926,0.002853829721578622,-0.255053633860775,0.18329677106135758,-0.022294196131946938,-0.2035194233303406,-0.037749257534828516
4313,0.21019664665109616,-0.06648636674237644,0.11445427940240477,0.013195643960787713,-0.061016380115958696,-0.13754761417782863,0.015086557737510244,-0.20362263464774333,0.03954155436932231,-0.17488359279119298,-0.02762302308881341,0.22043134612035686,-0.05375382045749129,0.001613241735764022,-0.11563606240327791,0.19024685147310685,0.03902685897059918,0.009245763025229108,0.0793662780455395,-0.026879694804027427,-0.1583781566646067,0.08414073370706314,-0.08946121785796773,-0.11027988614495836,-0.2532157339844825,-0.05249102897747052,-0.02175251875432707,0.10072085634307842,-0.2473600499936592,0.022369871560187594,-0.15148734739111666,-0.01808611922146477
6599,0.016210846213462356,0.10827195802664219,-0.2498820889348479,0.24180588913213596,0.15265329131631672,0.049388454989936624,0.04410327780907624,0.2411595073553485,0.07892973436547977,-0.30636829339394334,-0.4725919651031854,0.13023678930934818,-0.06828007391852754,0.4013559339401723,-0.07468086276337596,-0.0227450871283065,0.004672746101656784,-0.20775303207939744,-0.07639269567909514,-0.009524384941536979,-0.026699412692072235,0.023864715452330078,0.06505371293154288,0.11378898383367253,0.01474950053326246,0.24001945775956748,0.026494065532726742,-0.19292825410399886,-0.4601404290266381,0.03938374210921683,-0.30366339900071543,0.11495415763142847
9375,0.23945896931854777,-0.0522343636046343,0.13241744057558247,-0.08053252752933619,-0.14178272717779836,-0.12143324529158896,-0.24615846799147809,-0.07023038021507892,0.013254196635262575,-0.05691613409542118,-0.09187613767229755,0.33628990994293007,0.015556291203103584,-0.22844401979042067,-0.12995692295361497,0.052378412916835634,-0.2580753767524949,0.09286818269538351,0.07438119176720809,-0.33370399300023146,0.08274391248685638,-0.052024203599193436,0.077287452797818,-0.11466867505633124,-0.1290310910011082,0.13383609759044918,-0.15958507801040925,-0.08049535415801506,0.2900642755264137,-0.04756550082972649,-0.034348274329829384,-0.4539626822608464
8396,0.1036926671299147,0.012294247979929859,-0.11736147919358217,0.1291633652528765,-0.08018969209442228,-0.004779612794807879,0.06984943690823865,-0.028717128807260246,0.04176046724828253,-0.1870148896008655,0.06696418283046948,-0.028667973034007734,-0.11580633452502041,0.02348764700586039,-0.12724803374785226,0.12248015537069935,-0.10655977463103848,-0.21052130112179335,-0.021330410328945306,-0.047563168458771905,0.05705017847294165,-0.0706424468199383,0.2332516398904566,0.08423765269613086,0.06016604304113983,0.35135611455902527,-0.04233715588031383,-0.03999700474933764,-0.11009200999953861,-0.043153266858495784,0.009140170853628773,-0.058535377390391455
5829,-0.05947514759679647,0.07002410325709718,0.0708834447586391,0.013001211008242673,-0.049157103730815534,-0.06177052544713506,0.2929723400936659,-0.2892383833720524,0.09645776419492937,-0.0015832833343899723,0.0816698941944772,-0.03462929556956603,0.052809934253671455,-0.16382519650503488,-0.19955584134864857,-0.08386097674599799,-0.3004831010597858,-0.09556658701190988,-0.09768586810457812,-0.3947034446492387,0.07958596610362906,-0.03543614921692395,0.3011717124384413,0.32075406713203597,0.12131120263570949,-0.08809115067759539,-0.10005729533295288,0.2772529672771249,0.27102309967722116,0.08568862045225999,0.00893950627796718,-0.13851824785769584
9276,0.024661820743565405,-0.11737192797332824,0.06279412256544875,0.21909709902160046,0.01754196006424824,-0.015714723239304288,-0.10742353147855754,0.05630005663317292,-0.027381841972647643,0.002621826390573711,-0.11202868984446968,0.10734272977432852,0.32714847890449067,-0.06860605196093297,0.16446039288636238,0.11852500832947369,0.012480002249993032,-0.026277252843395982,-0.18027861346172072,0.1952174410924702,-0.037652262441000284,-0.05229306223555349,-0.021200454986300393,-0.023703530151230404,0.19703689276764622,0.13607645036941612,0.07643258793141328,-0.29329334124731393,0.45236895738245925,-0.11305038298107355,-0.13143062349754245,0.15098065109970615
5211,0.190385989378063,-0.11942223901621052,0.06352776548338131,0.14952438986844357,-0.1399131467196928,0.1310739450031061,0.009758674720978728,0.03809207284992222,0.04763728965143902,-0.016789525688443465,-0.029835928168860153,-0.037736616405185316,-0.018229616816617215,-0.0017628127972311707,0.03534667999417162,0.14254411377466422,-0.07715753872630536,0.011681580701502856,0.01849186902549947,0.10523295278534417,0.03952177619081971,-0.013701545297561058,0.026303990602814863,-0.23727538460930775,0.06269787255901965,-0.12512707224430583,-0.020183781798776206,0.21208146046470688,0.11248487372208578,-0.047199682333169665,0.15469918120021142,-0.11371365469465901
10857,0.11991472956619831,-0.14775300316996848,0.08440729971959314,0.025392337776780825,-0.045059279747576717,0.12296138673286014,0.11419735715423884,-0.12461692796432679,0.0005713851805472183,-0.14534265985962327,-0.09655552262188717,0.10486342856525488,0.15157045644364,-0.06603296703905999,-0.02492235949384761,-0.237499488762754,0.10421968395151553,-0.06064420672290178,-0.07944177709101856,-0.22990455731323042,-0.020828835111504854,0.012607941055850386,0.02631468850574405,-0.4152830988532519,-0.08663881419501678,0.16833412727790406,0.13875910225823823,-0.16472861009034703,-0.34613983429456513,0.05415108468067433,0.09150269731885946,-0.2500506502725704
3693,0.1468775634223563,-0.2609786291086049,0.13701479542806455,-0.1591412542399311,-0.28601819782927995,0.1291476803433511,0.44618292042444085,-0.03466631831702476,0.09920257742217063,-0.18708781150369158,0.4552331735124817,-0.1834184534736867,0.13675288890974077,0.06463738842607172,-0.016319568112135342,0.09585796764758034,-0.22462129661781627,0.03643484177875537,0.20166246304745597,-0.2671779170898469,-0.21572298171266813,0.31033722811342623,0.027170998343825598,-0.12126690309182804,0.23213225814585484,-0.029113511900997577,-0.07994901500155355,0.35363277967972406,0.00826816246710223,0.31581140661103574,0.11598770063973508,-0.3647574492227511
5355,-0.1836418804656006,-0.022132784020701603,0.19080584436551498,0.08437012563317771,-0.14176651027428827,0.12494561928749566,-0.187579420661208,-0.26148072670137223,0.055176476490112515,0.031249244001385523,-0.08401377410645736,0.012325758051975933,0.0046195028438959515,0.022088671142616992,-0.057260579069847495,0.03885461101369439,-0.1956196717588931,-0.007143036209635109,0.23777125406644933,-0.2063095456066038,-0.10623555193424192,-0.08966027303356403,0.09549858620931492,-0.18302240628168379,-0.039932333951070875,-0.20916776390501665,-0.03116212280584491,0.05260074493201467,-0.030257465818025693,0.164813886155945,0.3059507254360949,-0.0057870301744885125
4780,0.0192687899230996,-0.053429517621985584,0.2170118881751483,-0.08057214333038236,0.10014558102654769,0.23703021669153415,0.005724779080660904,-0.10687110817095187,-0.0892742225250581,-0.05987643349123455,0.07975314435053164,0.12952133235292718,0.19093323153379244,0.07334248159441004,0.07687267195038118,-0.2516505200793677,0.20642000605182184,-0.10087904108171823,-0.11605317996907925,0.08562159265592992,-0.04110808755031469,0.2691129849947925,-0.058727631805664635,0.20212431573418926,0.24215096323716426,0.15294330434102593,0.1892588261445516,-0.09697492807300746,0.07445249784693478,0.01218539486292237,0.30359623592586227,0.11604970851462158
4154,-0.16202415772612913,0.06877764145062029,-0.06889021276538093,0.2117651049909197,0.18794152245032633,0.013781545853303327,0.0760424380064585,0.41771562384914757,-0.011854258114286089,0.02898468259604126,0.12943927029758145,0.04926688251231076,0.10898346238154025,-0.1377783352801412,-0.4417288064536216,-0.06368196381100602,0.13506715549972395,-0.0005711391007005353,-0.008121361289941169,0.08477898038864443,0.14007601851499601,0.018362721539586773,0.005928271404099636,-0.009155513935321697,0.10818071948818879,-0.10600895311688573,-0.04298956120145532,-0.22240261338237902,-0.09937870765241812,-0.05141846932831774,0.230227379443133,-0.11986480452939685
4836,0.09489547232935362,0.04097241554519036,0.01261298984805461,-0.05938121973582322,0.01788976379201013,0.10831720105576038,-0.1490713498415106,-0.06882268267240992,0.19078125416589223,-0.2431301934049246,0.2422559898910111,0.06135505357867408,0.1339347518845299,-0.008040237794511964,0.11852111990615727,-0.3460921519979229,0.07736386758995209,-0.0262492224317147,0.15395821627121517,-0.2650446994911615,-0.10825101571221568,-0.16936263920446246,0.024324770685703476,-0.0038591351156008116,-0.04607841964986709,0.24408605686126653,0.13664544363342146,-0.196877477192429,0.056718445014589905,-0.11696023801529368,-0.1816254957176567,-0.2451651999963185
8553,0.06443719602406531,0.018449539362678593,-0.11267007021003266,-0.13819337324953712,0.02116807077455261,0.019993707891663166,0.22146897632800194,-0.019123984959045076,-0.00799720937500176,0.06963370161504637,-0.1276036327209849,-0.19890700729238026,-0.01563713448944585,-0.12937452914597225,-0.1750099750835194,-0.14977148544184973,-0.12364551485404617,0.15802773005078827,0.09704718782445805,0.1096230265683907,0.1805176607753368,0.06482369922686301,0.05885252920490864,-0.13015881535658977,-0.03702281353529023,0.13111641131412566,-0.19678801800808157,0.0008737852402886172,-0.3188985787700952,-0.30809870910580606,0.0006208450443988143,0.029230675339977013
54386,0.047100789584691306,-0.5770317531016869,0.4592986216223073,0.19222404501636775,-0.45480397165429376,-0.41136851468766245,-0.49017210058677185,-0.357459956002005,-0.17255052715592617,0.1128570011995927,0.294910880228605,-0.16149356794345304,-0.07888570348486296,0.2168217423001752,-0.3614935157226733,-0.03166241723250556,0.26082101280124675,0.13308166902418017,0.075305336246312,0.02841766081601494,-0.17308449771747692,-0.05308366992262847,0.008874310844386916,0.30916560385395003,0.13984398889973798,-0.37101431484808334,-0.2365317503758231,-0.15975325503200896,0.016254601689588633,0.01994638645239064,-0.13177743864804428,0.0228486688706513
25793,0.12051654339687275,-0.132521929175194,-0.07372664864962915,-0.06521151652411722,0.1673009738748621,-0.23787677700680396,-0.2294564991304593,-0.2983976461255382,0.20750228679743676,0.19810733748743486,0.061292854619894824,-0.17848564059427344,0.11139617732947854,0.09768481848847826,0.1750606587863107,-0.07460308461498841,-0.017029768580465163,-0.06886733834624996,-0.14490239721928336,-0.02848667297027482,-0.13382003789612398,-0.21461175918830275,-0.02268047299442565,-0.006265038267838791,0.2637690938699814,0.02788037196698253,-0.004642279864545202,0.04315159259502355,0.1371232731247828,0.26570804459122216,-0.1330186222155554,0.2541333206432881
5654,0.013663315952400654,0.05582639067121445,0.03920797443311366,0.12082310137635016,0.0053371652790900805,0.11287506469382928,-0.10270447862728037,0.012551854790384138,-0.1642733795363473,0.039877842807243775,-0.0349583256428048,0.0710163272223854,-0.16409741495406724,0.0702493487298466,-0.04746173040089922,-0.044245311526035884,0.008465913139822354,0.022641360134228346,-0.2530710439937128,0.07764340251584469,0.0721847591593807,0.05765615167610171,-0.13410138942115513,0.015402805250447033,-0.16080729318942422,0.17634286324410012,0.1632555819810275,0.22560980490670213,-0.09215719618861525,-0.13880566698670857,-0.24652781380793895,-0.010429955947205858
4043,0.05287534253594431,0.029262247825445724,0.02915637485376938,0.18127993932093323,-0.05751928833511414,0.06310204826802168,0.10109185365963627,-0.18176269232746803,0.13161974260420467,0.01448108582253654,-0.02675026763043693,0.08581116781814087,-0.04192927439295875,-0.10641672636168999,-0.08302789672471655,-0.19944902420355817,0.03313898961151862,0.17357998499065633,0.0074645000361859126,-0.28391629888981107,0.11897792511862973,0.1674031714289532,0.24922523090587842,-0.3228408019817209,-0.05150512872738067,0.25501554250584,0.026641992229574907,0.2500440387268598,-0.03876661262959958,0.02734983839188632,-0.14454969254893063,-0.1326026495035373
8804,0.2653199651089163,0.11315303579594418,-0.17596426572961296,-0.11221929905899332,-0.27821093899658605,-0.1088047814727105,0.18660477745535592,-0.12991181447650876,-0.11412367273542694,0.05010503285035516,-0.06761275774538222,0.18349766019292538,0.05278357011291492,0.18734497393304922,0.2629953601504822,-0.11414268767889177,-0.2655531683361288,-0.010899658757211373,0.08593481729523651,0.060233610272989305,-0.3492658229283969,0.008301403981813218,-0.14434695064251113,0.08001590558563057,0.11392097315296137,-0.15054088411714478,-0.16048374026935427,0.08490989824962678,0.19548866026822034,0.3114070227433549,0.16185782415862401,0.17440205018522045
5111,-0.0755104293910091,0.10061630561948016,-0.0716633581713607,-0.1238801656785496,0.0797746461334419,-0.012061640278686631,-0.030280234824812884,-0.04552792424604896,0.10868151032991988,-0.017089008844511863,-0.141246244129047,0.03549543836792728,0.043631338997865435,-0.3472299107109331,-0.08275009308596286,0.23364246643810666,0.2415819075873922,-0.02974612761497066,-0.11040598419058055,-0.08449195140350527,0.05246008018884922,-0.08951221794886537,-0.010141513861535716,0.08173205627000486,0.05089302573244799,0.019928622591922355,-0.20033770111607102,0.20232972310457698,-0.03213000752655447,-0.005681625941404186,-0.1192233663144845,0.08226615118394345
5641,0.07437627365621953,-0.11718506019363685,0.17400800439103298,-0.13837023295240355,0.1298693720007364,0.1043425372044938,-0.024479955210331347,-0.11986411489353388,0.005203442907187399,0.06201202786316885,0.05736652739336351,0.22312164178037985,-0.1401802497539443,-0.13103785076235341,0.07369166867208544,0.08105822893809085,0.09672361381368365,0.05302983600734602,0.016414162744947534,-0.08272098984624525,-0.035262496734902345,0.16144346890969186,0.08386556416639307,-0.16925326576334349,0.010254086301881411,-0.08064496858368926,0.0912001086616697,-0.02261638292924243,0.10320302942502592,0.050117564056398584,0.1534355790504065,0.07221340879925596
3611,0.08296626288705004,-0.0170942120787377,0.15205689586478505,-0.08220564081149319,-0.041536398703958546,0.13492546853554666,-0.26929412711408035,-0.035874360943428184,-0.018903596741773186,-0.011606135729109245,0.14782386989495597,-0.1370893340057504,-0.1967601395873144,0.1648243233050261,-0.08526924468469597,0.014069855008453513,-0.17071130081389116,0.21127424524528315,-0.22586831765428622,-0.033094097321973326,-0.008215869092563922,-0.19497057897317024,-0.10542293413950951,0.08306845984012386,0.1283924102231059,-0.04191846183715276,-0.1284066999380873,-0.17623411600512723,0.20513322354696253,-0.013008015240652097,-0.08498192342400995,-0.4182536101919303
481,0.08794252135927862,0.08651994450868461,-0.1434854797371578,0.19141475306143496,0.0574767011836231,-0.051412399798729,-0.18672299256185454,0.12900773300976232,-0.1889475507756364,-0.4923739057220327,-0.3598939678881647,-0.1077745458304637,-0.16871198665777346,-0.41866265130508873,0.5983027301141204,-0.2649019957280608,0.26715834216662715,0.2378024915146137,-0.29838302707887837,0.6747029258238901,-0.08804788853202984,0.13644650945765996,0.15594647242146337,0.2840876327317366,0.16359973971615682,0.29293619282228694,-0.14677993674147669,0.016205245390692596,-0.1757590366135301,0.2670307528133106,0.0903500961985986,0.13998440061314646
6856,0.01423466337880002,-0.15688442824594315,-0.04574336795837326,-0.041238429739536904,-0.1451541289387153,-0.3184166889141633,-0.03910719255970751,-0.0692078385990698,-0.021819404182390072,0.06797807084513686,-0.15679407657615732,-0.1686668377524987,0.08688166835872901,0.12508949681228557,-0.10874474984675965,0.26733169396809753,-0.1628254590840364,0.3138967918825814,-0.047695070071389234,0.18397817672354413,-0.13313232839503145,0.06865587061128059,-0.092326139616105,-0.0993483402384787,-0.2251989206202857,-0.017053304641446422,-0.09383391662568434,0.18776543939971468,0.09176972669554147,0.031843779609551336,0.10739082094473543,0.08369248347142973
7296,0.06223869593330589,0.3213905190025218,0.49146067607897853,0.431148061161419,0.07890435359668613,0.16482168510281456,-0.19237119864429794,0.2291054835978261,0.7220678765874677,0.3957333881499978,-0.10953887617110213,-0.38414134959512436,0.050763249557631784,0.13207408631599735,0.10899590874588976,0.18641122725098713,-0.45766860520181807,-0.05128283983287343,-0.07174696085923084,0.5443990522331889,0.43499056696968985,0.21643662058259325,0.03105742760032293,-0.21417583816873892,0.26977847453711845,0.1910746745788581,0.05651676430606107,-0.048215023673740184,0.13949859282780744,-0.19860284321542085,-0.010688712397524329,0.1328047604400249
23386,-0.13157524479930924,0.013233760621964422,0.028197985249154237,-0.07479209184739045,0.22240024161827188,-0.1424768401957892,0.07082339013083021,0.17356904315407545,0.14445583936580447,0.003623496391127561,-0.05883440849391904,-0.170216841127474,0.18628828107098588,0.042536209390345,0.08885696629525708,0.17059097326412873,0.0348932750502518,0.005220837409773828,-0.013289048315726687,0.010141369241929803,0.0639821678675843,0.45205561699215685,0.07887838481053015,-0.02732910542380555,0.20606737593940727,-0.5542942110918685,-0.12857085735135826,-0.01462151180576861,-0.39034703288381184,0.18533251504275117,0.08467821205711326,-0.1881920938119595
7153,0.1666145711040536,-0.06965211316888842,-0.029748122516676072,0.06804801303698763,-0.0030631232661126498,0.25564802863761044,-0.06792399937188408,-0.18809542260681059,0.18790515736758212,-0.39113742373454263,0.20440892454770046,0.1282982174526103,-0.5090330012798974,-0.07421747346402788,0.12484691365236983,0.21209873207131763,-0.040587666453351816,0.3235961267713499,0.2603556180083616,-0.01954608383789425,-0.11062603875199159,0.040595558621117286,0.007697377216071379,-0.05266766953082797,0.00802962935933421,0.032964242506500506,-0.17524110452661337,0.21815143916808755,0.06088696747492212,-0.12267095537836047,0.18835894414293164,0.4412477727913571
10494,0.0038047041070186295,0.039307879034561066,0.028842550058459714,-0.12207762055788114,-0.06407763326321171,0.2480786484037661,-0.14152728838960354,0.12340646548271492,0.1175049871710323,0.0665232695783779,0.27741375477680646,-0.10102884799588913,-0.05631447088462221,-0.2206966679585612,0.04041663933826637,-0.08926467108360883,-0.10346521208287872,-0.41285968485557306,-0.21561328919332617,0.026505808971184208,-0.04914134504067653,-0.054592904542269206,-8.217903235626078e-05,-0.08167854953350129,0.23839228981542065,-0.055633936102203164,0.07523395260858708,-0.10260309957466511,0.006915103907545113,-0.2962948645529088,-0.11637127345522977,0.09985791292689923
10969,-0.0005302212700587969,0.012836290926474602,0.060931373060717116,0.025152899192107062,-0.025611837210288386,0.05784643202648444,-0.1305877435674657,-0.014813129493954249,0.1417187619787027,-0.04616947930918883,-0.08992073005571206,0.0903868501921004,-0.2968863999647497,-0.0434255866600903,-0.10425842625765724,-0.10099775791550386,0.033882719608223165,0.03056303335567339,-0.06888025815798472,-0.021424615377962735,-0.028070361991729367,-0.042169921294828244,-0.10164494834662859,-0.031140392920455374,0.04143897912255069,0.011171394032796563,-0.17692178175969708,-0.036219655204225015,0.13888656695891885,-0.11071173058972227,-0.11085841022924525,0.05698708519332803
23365,-0.08937040722721949,-0.012166363172877587,0.08868203714795714,0.03514902685469644,0.04194716765008745,-0.014325807323745473,-0.09078493086610204,-0.16186897936341701,-0.10658037687873177,-0.04739310840793175,-0.08744496398372432,-0.10777095503173466,0.12060490440738086,0.1717777541581045,0.032079323809692986,-0.14558825387635765,0.005263586204401672,-0.0637423287810444,-0.024749343847282997,0.12215557290539086,-0.1318136790113178,-0.018389600770546525,0.18256018299863036,-0.17016565497169867,0.34385413255131647,-0.10311110278809557,-0.07984320476769641,-0.008791684799721356,-0.04458965245017577,-0.13232622140942002,-0.1425673435143657,0.055018119104166645
6342,-0.036597809695198436,-0.1686309323745401,0.04178122940795284,-0.07942133666053136,-0.105271972188093,0.02266699718955471,0.08992989235623691,-0.07473782820980773,-0.08018030598189504,-0.2754839252283699,0.05056043107368746,-0.19381950121650451,-0.009264673396104992,-0.12006099973454366,-0.11194332532787109,0.046617807209301775,-0.02662778630722391,-0.033859762727448166,-0.01021414179808032,-0.027580361008530573,0.05351229845048193,-0.11585424870294406,-0.05616593171514304,0.025409446997384476,0.11908506525313313,0.06893435111124935,0.051525216331986486,0.12326478629223182,0.03726147784888064,0.16321406879633138,-0.27463628747353525,-0.06331041188937032
10730,0.06874668393477126,0.05395492343718043,-0.057138789652146874,0.0065233253131434955,0.07899254671662811,-0.07926430017880026,0.053552329184927035,-0.028860144588936126,-0.09321386484173888,-0.04375270146675721,-0.0687150473194975,0.08559253059996111,0.0370497581067002,0.1394619333819867,0.0016464671379634145,0.04023237186132562,0.06378935072535338,0.033924705155276,0.012727251212066783,0.06540736609141135,-0.062044477794002954,-0.1008192558460848,0.060203461976890436,0.012202523734039575,0.033146498730528315,0.17354587941425362,0.048117992870599396,-0.08282207470801319,0.139058311192523,-0.09490918201103288,0.07107619655531881,0.21546742031872843
79073,-0.03133765487957219,0.3615467299785932,0.06229590434843264,0.06085411647229257,-0.14580342852925632,-0.09871890944545977,0.31497352696430114,-0.17395492550846653,-0.28882299344270707,-0.02609307748215609,-0.22552042614814735,0.04712923221179044,-0.07581667321610222,-0.35242575506931745,0.4593048279224182,-0.19211681165187777,0.2264187718674918,0.08994741326136137,-0.03730940824338553,-0.26627766731212466,0.3957603279381825,0.2833541760355068,-0.270860211964278,0.009540342177754447,-0.20255369065949302,0.11924062443697823,-0.2535049142350193,-0.11903424622788672,-0.0871898021163819,-0.13403191448439247,0.3003550859826387,-0.42339069810062385
7165,-0.0997971077838526,-0.016612457037415332,-0.24117009771738285,-0.09309420774249144,-0.049620268578839444,0.055867834681075916,0.13545421718060746,0.08778127396180142,-0.22706606653330177,-0.11860814212361155,-0.03323830129257399,-0.12650257245735566,-0.10704138280758126,-0.059371337910723826,0.08526461101935306,0.0588166055511026,-0.13816964158248526,-0.19967737074070932,0.22236515263906695,-0.005142294936306488,-0.0663619313300617,-0.10405263735422765,-0.05817853767712862,0.10781634207132354,-0.013321282939814704,0.08563815789958504,-0.05687123137739694,-0.021585834954933526,0.019907194348755056,-0.00799230750355967,0.0720059465953408,0.15542666510292077
10491,-0.09326119580649951,-0.2680752943741395,0.0743616525092542,0.09297557451627912,-0.1979784771112384,0.28719293115193884,0.13160112135516186,0.04298984496164753,0.18006998581958844,0.04547323252189875,-0.03062079151374128,0.07843631904613385,0.06177348499097594,0.042078840201506776,-0.36664639322344483,0.052142928957193364,-0.1371369534870358,0.09576272694067438,0.08447793927515224,-0.033101502043058735,0.023090123095494346,0.07446825139568129,0.26811698599196065,-0.40504462830903676,-0.024385797146964604,-0.02035517694529384,0.05835351622619946,0.3754064621234127,-0.07851198117095821,-0.3107294439235817,-0.1084094146876451,0.08235695588762666
10131,-0.1121718335422289,-0.265762597078206,-0.11349311283988987,0.07623377523102652,-0.010878206189288782,0.10174161006788836,0.30474752977891834,0.10673043656413135,-0.10066586855432982,0.012194725306911736,-0.21365758106880187,-0.01060751712352435,0.18273644394604593,0.19059666029368055,0.23411584796403545,-0.09604442376867849,0.14144599414539377,-0.4044879470637634,0.05100615630463297,0.189941695009168,-0.2603327489515446,-0.047242101722583967,-0.1395753451653637,-0.03012272189559097,0.05767918025659933,0.10003465612468264,-0.005688147570895736,-0.06917217906925596,0.19614954526336623,-0.25183623406518446,-0.055976714127504636,0.2485575083624455
3482,0.023562321156687535,0.006755725724271202,0.20186312617585578,-0.005218397060622381,-0.08583459230158913,0.07607208475837669,0.17203965867037066,-0.3271722776853225,0.1405301894150702,0.08383123257996065,-0.009175865727844377,0.29936953999442595,-0.12926690438809924,-0.08389098003804574,0.012853232434630173,-0.16314180635827463,-0.3845230229139847,0.1451930700067156,0.16230897530322552,0.1188024276799132,0.11397111484038941,-0.08301253089525362,-0.06552593873352,0.2519212384511842,-0.30619058892114476,-0.21012510104050997,0.26509768191822924,-0.01228661601552979,0.09618294623991507,0.07313312798935469,-0.0927166523543691,0.17350311616727987
26227,0.3937943311414627,-0.22505142932126784,-0.10004684973534594,-0.26249828843551304,0.0022487031203679985,-0.022011422832504072,0.7582147839992837,-0.02863945380641207,0.2597458079330533,0.17229013223892675,-0.023901305954968397,0.3465641390979787,-0.40160911956781853,0.49242570553082327,-0.21230671963755238,0.39479399548869154,-0.1293848157818457,-0.20955446022270388,0.1081492376419575,0.17307585501546602,0.5265615575337622,-0.3237846995958521,-0.22021620197544978,0.1719155936752467,0.041997490505572554,-0.06094746075823073,-0.13452711073998302,-0.0910079438558225,-0.21379532419027014,-0.03565436364613947,-0.20769852842568015,0.0545207426153875
26020,0.17881350605443097,0.14529665809855258,-0.021175609481825966,0.04201225204114679,0.06929953430765083,-0.11916443477459869,0.07499612608158533,-0.03821130646008966,0.0978171818111696,0.12190383592553522,-0.02081856945121503,0.10038309270164823,-0.1142133745776613,0.026477932734691848,-0.1521510000219132,0.1474026665812386,0.0890569634633727,0.2037243473088295,-0.15079175227549757,-0.11323387610121842,-0.10370133229468816,0.2015317013977827,-0.12379750172674307,0.3096116624805682,-0.2002589727694997,0.14582798532023025,-0.15616642482323595,-0.042088173003084636,0.03970961449087202,0.030518995381202455,0.043848039139446224,-0.10774096480901486
6659,-0.27480800594741533,-0.2063879450171796,-0.3739143085517892,-0.2285507839099039,0.00903923878472245,0.07781184009354233,-0.23867057610093068,0.5839263316391767,0.6128667552179212,0.12223571364988381,-0.5588928069807028,-0.12603538946676163,0.3369350039577473,-0.16779661683180666,0.24181884039291524,0.2117959894084263,0.502311865476343,-0.23354501742756575,-0.033565210158838184,0.01193972774069745,-0.04268859054133323,-0.38096268495971425,-0.0019292300207908338,0.31425518699037386,0.20649238596129382,0.08024420354557772,0.19578477877706693,0.03364051832782623,-0.1099785293350103,-0.07375227745808885,0.21860425074796194,-0.08105330444252996
847,-0.037498318185034615,-0.06324367774258775,-0.001069964046947657,0.0451530002847179,-0.11791440717577384,0.1931609822793313,0.017148574519201352,-0.14947858658138297,-0.06799543454200058,-0.16874548451231225,0.20991898103541606,0.07915914444316452,0.17664562761798283,0.11069985137537906,-0.027402411239929442,-0.11249723983148952,-0.199866060817725,-0.16780933438795814,0.005540585476893333,-0.10581428847737187,-0.13102779568052944,-0.3214385779368881,0.2946451246874041,0.22500039178251532,0.2345643299797109,-0.11973323298730291,0.20315309849592877,0.16563703409566705,-0.11087210256456925,0.13134416271303043,-0.03716078655161044,0.13155837595565717
6009,-0.18969026532226604,0.146333622459468,0.013089632820416485,0.060155943410895474,0.0912262067524796,-0.23516053947269763,-0.02203863591586391,-0.08991485636881065,-0.3990066069877386,-0.04992580331711507,0.1252879267832638,-0.23776843007060142,0.26558423627052036,0.06443123341558257,-0.08273078272144033,-0.2359275958810102,-0.39546807453631294,0.1324343083806339,0.39117030775409173,0.18876425559279236,-0.19776290369395275,0.08069717762676246,-0.10936752675477296,0.2646854084845115,-0.5174464971232495,0.09058170915929259,0.049034278401071114,-0.06065933272025281,0.04820148758043218,-0.10347737141019178,-0.032686501984129784,0.049690705179694566
9261,0.06291911006412997,0.1536174302345176,0.3938912477409659,0.19286523718996104,0.12007705736986744,0.08763863546607159,-0.06127858631798869,0.3304970976222862,0.4338367666361788,-0.11053143980898414,-0.07498648513962874,-0.04012787089595563,-0.13472939279747367,0.19000313037506586,0.06146822449963289,-0.007347362369464399,0.12781437179246066,-0.25132641761913577,-0.12402680211528774,0.09382316402012429,0.3145397460964965,0.15072471586616007,-0.031648989055054415,-0.08513846497898413,0.32299876297333463,-0.02822276716136275,0.024615869395364864,0.18711531792263567,0.13289330578616193,-0.30657058178610186,-0.07684990393193876,0.03533839370097944
9805,-0.27461323909169844,-0.19608894865011786,-0.19811599230847415,0.053406704888139374,0.13957906058162464,0.018857309086094655,0.11655786825143204,-0.06439707671795818,-0.2687705761516931,0.1415834518533181,-0.2759341060416577,-0.14155091217895768,0.2211194177335706,-0.20710782337061695,-0.2482730833168299,0.037092912152633495,-0.06314066122991875,0.07236371102255978,-0.28911244821533155,-0.0940010925632346,0.32535285277290976,-0.14604918974124423,0.13534967477992196,0.38563252675850185,0.002782524445788419,-0.15766798407407528,-0.05330916077740033,-0.07168685818010616,0.05029498602550673,-0.3204792938857296,0.015659609612419783,-0.2467494590826652
3725,-0.012147828728145911,0.0020761961846808754,-0.25505220665249173,-0.16242375201511522,-0.16182539180072933,0.2504865385690893,-0.04367726889345469,0.049732948201377664,-0.12945037558264294,0.11189513340755836,0.10434658196225524,-0.13227814683327,0.05113304878396791,-0.0533385927568442,0.0491716752004674,-0.23840171132058635,0.17361265283577554,0.08623898872115332,0.0004261370220364311,0.13078488224328083,-0.32296171585664035,-0.4209861712016017,0.20042148276033828,0.11151303044685985,0.019107846612739107,-0.08650677632765315,0.11890356663676892,-0.30192742185208854,0.1626680827781133,-0.06367723880362035,0.03897936013530632,0.14421871126491143
6464,0.2952433112868873,-0.14134797694041043,0.11112392469965482,-0.10811398514052577,-0.04065493222559501,-0.005792285851719374,-0.06894206074353586,0.1500007816389123,-0.0750351886842566,-0.049342808107570836,-0.0644277618427634,0.07860309489089697,-0.0610625387619594,0.06175410140480537,-0.2088494363789102,-0.2040509280750756,-0.0134368448102927,-0.03585470896796124,-0.023199804558001993,-0.06840584466061544,0.12621603966661346,0.10219567616353098,0.06573480311962422,-0.059337893453090644,-0.10510781742700863,0.007905662946427175,0.12148956479871025,0.11193538264146395,0.0742246748219843,-0.016889861577179296,-0.07805796354177351,-0.019525649992511735
8878,0.12927575182292306,-0.09636063107191314,0.287161510934833,-0.13419144591734244,0.16030658872473225,0.08240629014957787,-0.18838004552854254,-0.08836095638498412,0.1637357091747574,0.024476414254987262,-0.06452455859152895,-0.07980159284188904,-0.05263098748389426,-0.2270597535531725,0.013623368705524847,0.0841596683855326,0.017106415555577056,-0.174740008241628,0.22817044132816994,0.2895810010689338,-0.12159359267727363,0.2841085676361406,-0.21655648511291234,0.15707441668528857,-0.006285820495866163,-0.19899992766266933,0.0684663095676347,0.25774912846510944,0.10824965370057993,0.21743157623762432,0.0498967438765508,0.25802705425468947
5547,0.13798127650971964,0.11851196604768661,0.05186235709340587,0.05168296595444474,-0.021533907976500295,-0.03478409789237259,0.0211456924200871,0.21071975709651442,-0.14819401086072817,-0.23434022792301712,0.0886050335962204,0.02342348928977886,-0.02636605630559815,0.05839970418543896,-0.10147401715587141,0.028990600696392855,-0.03771838109922665,-0.14232377232307813,0.09731973249075519,0.08768650688895631,-0.14642839742110805,0.022556714934129876,-0.13551909145290336,-0.013335365679266598,-0.09170366570317677,0.20651488606240548,0.3983981247749884,0.07351439881728354,-0.1160438237159321,0.07188697516868617,0.025111486090252075,-0.11736493712069287
7874,0.04124966106443398,-0.04615167091232359,-0.16854165306069746,-0.07790188270499578,-0.10370203146896655,-0.10155177200350966,0.09277715221502562,-0.27721408524325114,0.003114439846416132,-0.04919330441979004,0.28633421167267614,0.006525704989683442,-0.02227416253923654,0.03317988329236682,-8.852085731576731e-05,0.12516604477269744,-0.15851440220303234,-0.10430964045247726,-0.03651161347073091,0.0005539201492643105,0.10982504139038336,-0.3085145378345328,0.019953136355082227,0.015674366134379142,0.08748397123972887,-0.015524403816397688,-0.040107356920529615,0.0002441920144898674,-0.12937834743174534,0.058904041043555254,0.18745642759318787,0.06546897979616476
4792,-0.4807067052776224,-0.5137561702492549,-0.049339252482604005,0.2350906624796268,-0.44599404095932116,1.0230936560695016,0.0042410362194248525,-0.3087494669606748,0.3076619023858898,0.18027516150842415,-0.5199489574284051,0.08953053984117187,-0.17707899663369886,0.02945793702443874,0.11067825510376615,0.17482451073142652,0.34047856449222924,0.20160990517254535,-0.46927096766246756,0.007000048709144521,0.143673726929464,-0.24996320213512957,0.3060684170061924,0.7276438312313166,-0.14564463981615958,-0.3097297668875186,-0.25858482733616506,0.03139195768820263,0.7890219341261349,0.21918000351296096,-0.07300923663412792,-0.1443938465846849
10146,-0.00040633182622384505,-0.0038901066138521474,0.04088465491215836,0.015886822846822496,0.051742737850817816,0.31850489911144025,-0.051495456169002134,0.018746408647925157,-0.28919985712803986,-0.1179440922677423,-0.05998536113681995,0.14569506880371647,-0.07335882570449308,0.20584427850415996,0.09350519950832492,0.0031593379432052764,-0.2851449494442493,0.15049274218349362,-0.18199246939444294,-0.1415802341421194,0.11475504590868704,-0.2804090768124646,-0.15159775484676474,-0.02137300545506458,0.20151211345050954,-0.20601018371922897,-0.01522224321585714,-0.04027329732175656,-0.32284688794974586,0.10343437115052787,0.26183412466941336,0.2088501706086508
9868,-0.29383192701880106,0.05984356004590142,0.0013286980329796471,0.02802575139216264,0.2698860206873475,-0.24485163592740497,0.006330727578899578,-0.08428660571718125,-0.1435204731361381,0.008007709735299288,-0.1608363963042581,-0.09205185017746247,0.07500113020430786,-0.2113585540609361,-0.07436678214582601,0.09171285164685963,-0.23707780356222533,0.1567675666504235,-0.2896657586372546,0.20995967881984132,0.2141281257476285,-0.07256448470569207,0.003457365686833256,0.04858738450090274,-0.3025718217399489,0.05416024951455377,0.14289019395431363,0.06706273678965013,-0.09626965361505516,0.20907364845660367,0.04573283983378985,-0.2122130986989169
6117,0.009930765949647867,0.5266507414784602,-0.17998892679575967,-0.35346841595433226,0.1417810553801225,0.0009278207174967839,0.11439358037194348,-0.10529171808230636,0.04517263135951566,0.05696155606137065,0.2194310662216108,0.020198026502259683,-6.359625722089738e-05,-0.29752257812853516,-0.2524298070813821,-0.0994622093399533,0.39665424680960776,-0.2309624561869333,0.2620651015899731,-0.008275342125081669,0.15674949558259213,0.10401246894682684,0.1268841894122815,-0.14291347661712517,0.22334925091690983,-0.3149506384887027,0.31994930234509006,0.041822131462420545,-0.20615572236818475,-0.11361278580393792,-0.17160120237757356,0.0016005530165097504
7538,-0.27267209237782014,0.19302687723871234,0.13485686399162544,-0.2750177443072483,0.011843430532109742,0.10258126556266106,0.06021011820143926,-0.15598859171486387,-0.10213649600152494,0.15371868366432503,0.33399358333668766,-0.2300036716397202,0.0685993860778089,-0.1324342991980004,-0.18586980921947552,-0.08745892530698421,0.19323079946758345,-0.0456044082433303,0.34326261218827187,0.1922373491209829,-0.14520697945351163,-0.052254687323370116,0.027059173474795542,-0.14970119431251155,-0.2591601026709364,-0.5213099472834004,-0.000554226677302465,-0.28103121810056836,-0.2016385581144012,0.03988272856288112,0.20328570609204272,0.027998096068059166
1845,0.08945220892223964,0.13162977725148395,-0.18713063876947605,0.11746630861246628,-0.16481238013914318,0.13223068767095394,0.0658062010054811,-0.11562328335688586,-0.09639849978658944,-0.033592356531818475,0.20743583786809938,-0.14841888963485558,0.029917760632359056,0.11698709287349238,0.13421405167323594,0.0010230474627645008,-0.00835128316354086,-0.0593155528803991,-0.06348278898764742,0.11665598474915197,0.13759109527830118,-0.0728768070734759,0.014591007480673567,0.2155855357834107,0.13178186422789206,-0.16912519071705848,0.1373868321003134,-0.012166805885289511,-0.11819663329282049,0.10233651606127281,0.1953842563374602,0.03336452571105394
10765,-0.21343015429509588,0.1099204931519135,-0.19261067964216677,0.3022905726664322,0.17359516592985166,-0.00272499157758483,-0.06391826974012414,-0.03000820360440115,0.14016061709236602,0.23225658296798116,0.14118457939775284,0.44930112361834484,-0.19266620453899405,0.1678625060042511,-0.8607878552814369,-0.2953652892393503,-0.226259514808861,-0.014122221287387385,-0.0740114250607829,0.039381107164886076,-0.1623459681799695,0.28221093418298826,-0.24199147401336063,-0.13702813111290252,-0.2082785686990239,-0.23865002037278785,0.6042607603147895,-0.4943189387230605,-0.03248523826640326,-0.09628558339339259,-0.12763750664632,-0.03863269885202693
4172,-0.0033700974943264472,0.4371468468680935,0.07589485990149555,-0.05622593445806098,0.11371829452702044,-0.1131126902538153,0.21352556032774211,-0.059506157345616914,0.07413695503494999,-0.15470776463029923,0.07027809123014184,-0.13066102102239702,0.1087070858774458,0.06121647001545097,0.04350620984764454,0.21973668863860563,-0.07238043388049968,0.09514631012208616,0.012637281416731863,-0.27944804494869424,-0.09588539769308038,-0.15255452153515275,0.07863626534580911,-0.18649165640888404,-0.2109481460969408,0.25533723053656365,-0.0435219882091301,-0.15507107431910527,0.32449378921218097,-0.0300128509061196,-0.530267951671853,0.059628326639135025
25932,0.00362295445717,0.21925820263455298,0.15789536007664753,-0.06679569310460563,0.021971639328114387,0.14237643348797024,0.0770533523135274,0.11720716462017111,0.056963618477673554,-0.040888163683437,-0.0017363388852841496,-0.06865940320013293,0.08065482462143869,-0.020072967161822487,-0.28067129943798436,-0.18885578499711791,-0.004148648301804587,0.033750255602872335,-0.030541877585593187,0.07577364116703057,0.08915086195185402,-0.29735392885515416,-0.10942045569132923,-0.05221187858738379,-0.09756146043950092,0.442036303105947,-0.02705755251411657,-0.039763783939270665,0.18312174497576972,0.17990976581289428,0.1587526011294527,-0.10624514095297855
22883,-0.3735050350208538,0.0056832682694566575,0.050224351783794086,0.08206408746082121,-0.040668340591173545,0.008062786886469058,0.30428561506353974,0.013344819203031637,-0.07588590487330066,-0.057011556014008376,-0.1649853615888251,-0.11230479078236714,-0.19300643330013717,0.009526009365991241,0.15568587962351496,-0.02370095494561589,-0.17945162021077604,0.206881503601875,-0.38838872218788156,-0.011985731814761797,-0.06537739084384245,-0.07857155558779799,-0.136848808291785,0.05439206727150221,-0.040283198134351814,0.11862621036977969,-0.3049485083446147,-0.09549326105860055,0.16536693403937244,0.15591521910901354,-0.13450647789379794,0.3958774829263135
3398,0.05698914876099054,-0.05636608159147637,0.023911341472796586,-0.014499051914659876,-0.045753154270764984,0.03980059917513289,0.03881260710980442,-0.043880111211981966,-0.00027293969925336076,-0.11215473104912906,-0.17628395245581857,0.14061651396299593,-0.1267037244344709,0.1402764339562254,-0.18966787235612972,0.0187453910350362,-0.07976270966468678,-0.07029820347788752,0.006393018522597506,0.01332112304365665,0.10039052166324501,0.13560066611115285,0.14138128920860724,-0.20769475327598744,-0.04168973669524711,-0.03269725784698935,0.034569957416574044,-0.0029600887445142003,0.009315039432435456,0.025108641076561078,0.09527654382633154,-0.14410730699293417
1635,-0.07847912337343205,0.053589595588682884,-0.011083323236325522,0.07855054759829976,-0.11791382294821641,-0.11776454865282741,-0.12346124501685532,0.053568586148727136,-0.2849527117115972,-0.16686980142879834,0.07358168414478225,0.004783696739543567,0.2626885670102513,-0.03222248619009259,0.32398090399808177,-0.13774937504033233,-0.01581951826372604,0.17028402579918483,-0.20024466022806028,-0.13440656727218872,0.04564879918459679,0.3247587018707882,0.01835847075768148,0.039950300265426564,-0.035993965163874354,0.0922415725555687,-0.16970206459823528,0.12329057357029935,0.17042437780935102,0.0010606191861722183,-0.29664489514663406,-0.17075276753825927
2195,-0.017442986209761428,-0.12624388885013457,-0.05177046294380988,0.3692268881843642,0.11885212862552413,-0.01643270257650366,0.1566563914795242,-0.2720703962448872,0.09417469261259691,0.20194151269736152,0.3976563732951501,0.15837560022418598,0.07233203029877175,0.08016811331086711,0.3479056434149993,-0.029469866739989574,0.278670031848259,-0.11232748985849458,-0.04091344141442395,0.026944704601598757,0.06173242935343185,0.08565896651189149,-0.1568706974744185,-0.00955165157850415,0.00950366512179982,0.5056321421391873,-0.023953215328390884,-0.10912950588985863,-0.020792182926211673,0.09853976151938953,0.17261413973444173,0.02801341796809598
8243,-0.028100719938070572,-0.08293557219857442,0.07470520779557031,-0.07723825776899514,0.007693960165624572,-0.030168130518761518,0.11561416612029606,0.09972861086498752,-0.009566668966879282,0.08950004968599466,0.14523568360989708,0.10478675346434578,-0.07300989599806373,0.09499964246112717,-0.13466894253261186,0.04098975630021976,0.07111550380778513,0.10902862275373104,0.010500758293160472,0.025829654118251236,0.018350039866525204,-0.1494485437044358,-0.01050486952279174,-0.022709643802686134,-0.1614567813223951,0.08747953724060539,0.012721426478179849,-0.06579999242124383,-0.008922187417928145,-0.010313181561128862,0.05666640024157478,0.08632723025645528
11188,0.008886532726869465,-0.011100113618732662,-0.17700417210915623,0.21317082279723715,0.036402068697677585,0.2957726763083304,-0.06071957927784924,0.015408910570413546,-0.03576982977468682,0.3032543148704121,0.11834350819069897,0.17459438078191575,-0.14246643624243546,-0.0869069060067695,0.15325010475459708,0.00633340576834838,-0.16786888101350825,-0.02905698956484135,0.24449680156449752,0.16410845417463638,0.11629354567186018,-0.32504716198376343,-0.016867856518551484,0.1648783609857306,-0.008752110604374459,0.3214097846521265,0.18488846402990497,0.15293178138971145,0.07067907178294425,0.1927036272407778,0.13133190862494643,-0.12806619505756867
11137,-0.11627902548363929,0.08924948952276603,-0.034376757183055384,-0.1068290265140855,0.1133525537823725,-0.1075610393622874,0.21854398255281832,-0.23586463230644492,-0.07026394288643495,-0.022796965159698774,0.05025449828668596,-0.12616077359118735,-0.099000299763492,0.031324514121655336,0.06909723560289947,-0.17804368472751195,0.09914842867729592,0.006544790823120492,0.02667325785683578,0.11576880562960805,0.07240517160655888,-0.20424180874985612,-0.10511502389941653,-0.11147410956814754,0.19268741997138314,0.11498949787622771,0.23012618300590118,0.02659947652182957,-0.07576972419375014,-0.20128625680512177,-0.3116198424397003,-0.17148715095383033
23463,0.11984722308345237,-0.3046267661033908,-0.01217923741167708,-0.3966912300352892,-0.28669558327775063,0.01155829279087776,0.011811455800694617,0.23230044287645193,0.04442196763921643,0.4061971312594679,-0.09571272878861999,0.05722845181787109,0.4059560806152101,0.2586457750148885,0.2719472875018032,-0.024322822082803317,0.06012978417654278,-0.3185755994429629,0.16486037457186337,-0.03194147465531783,0.10008795800119036,0.10300624925560649,0.14438210772420143,-0.1687794966355577,-0.11677283774170527,0.42587182371807897,-0.14200501387949782,-0.053039541374744,0.021397402779768506,0.03485238188331064,0.21820303529479493,-0.10107463638665729
8607,-0.010881807017143875,0.12050401252117023,-0.06818203706032101,-0.12159905703130885,-0.0620208809693956,0.3066387091424159,-0.02357409808519393,-0.021479056550064612,-0.03818305158732203,-0.025576651583283774,0.0023758652898190047,0.001909490981114197,-0.11862700095143913,-0.188352412532012,-0.15753943452204705,0.01803137311443307,-0.055013909079476446,-0.014140385954218525,-0.13336473251263248,-0.19670562786876908,-0.07230201484503337,-0.07115312083211747,0.06031890895365211,0.10179158877500963,-0.07410228935482142,0.056528547577510684,-0.01630911244890874,0.11731372288204371,0.026847812106485385,-0.49661559877655487,0.02529747472202515,-0.06112086921876899
8720,-0.06832516176737131,0.035748954091314664,-0.3154160595804131,0.1698024223480268,-0.014678588346751514,0.07495424872149307,-0.07267597995693072,0.14638702652057317,0.119577674598283,0.08875929805790714,-0.07526659922148123,-0.2665335701105722,0.026105398343064135,-0.5666162238663668,0.07082721617903366,-0.021044320680590527,0.39088695986445526,-0.23952142589087122,0.19283940430280844,0.1391954706514244,-0.009630102091129496,-0.174123420893242,-0.45257990582409224,0.24488003904940664,0.05660367313060441,0.021863168196599538,0.18598924751939416,0.18898974343788527,0.1679384439148586,-0.23343277862798517,-0.034830264463184164,0.0810964498691219
3638,-0.19891077134046506,-0.5725235962689831,0.00035797347172764076,-0.2653161703105033,-0.07517800074923299,-0.3379520445681089,0.5254994195103948,0.03837075803022363,0.14226623180483494,0.5753594963268192,0.12767930264100397,-0.6258406922568289,0.19614903165814107,-0.0715927242867342,-0.1317544967171798,0.19618547553419993,-0.14617548419036255,0.26613850469877237,0.26006726313031475,-0.05279299874735499,-0.22849706927442515,0.1978927714581728,-0.09849929381245642,0.2881486068423072,0.3432343476936465,-0.09504008883064147,0.0692986180103443,-0.25794024440160485,0.005547007540679272,-0.012223815775591448,0.45559654774011826,-0.03729141784405169
10670,0.04667035242745039,0.16066279096393649,-0.018741259866378052,0.13345696153278502,0.15444511423768037,-0.08857427406209885,-0.18496078673053123,0.21131637116439658,0.016151478542026563,0.22178357556145317,0.20177011429243444,-0.35465579483061827,0.011543559350185277,-0.2347834186003899,0.10557827264729884,0.102772698899495,0.0940005369694881,0.006002575327515601,-0.08825398176267461,-0.05688044711772056,0.2456389907540869,-0.19537590795446347,-0.19431804014244178,-0.0816609091932089,0.036522265965325346,0.29700694361526536,0.09710088342998284,0.1852147060555551,0.17349035085318815,-0.06593174357071017,0.20937616357663294,0.52053426562505
8870,-0.4471787057914899,0.3118452654061046,-0.43193368587946007,0.5113172632010656,0.06235299721959136,-0.47595280625102176,0.14702014785566445,0.24747153142031192,-0.6036336229175218,0.20210253093920985,0.3345118330131578,-0.17957506588104252,-0.210272044344679,0.44694475119650245,0.3178545660115505,-0.22527283364419184,0.8203668576125546,-0.08342567544943617,-0.424890092782945,0.21064099054487512,-0.19656833873606358,0.36146949495615216,0.25060692584645766,-0.4081348655886644,0.020056694217962665,0.09995662497798317,-0.35264924507290374,-0.023193437782676834,0.01601160078584674,0.14595463082530338,-0.17844152957243475,0.15048980062199732
9246,0.3116485337332201,0.09296412782995477,-0.09987838809171452,-0.011739475878429747,0.06551282077120799,-0.09709319155683767,-0.07585025810346425,0.2302415843316993,-0.21074649679079593,-0.05525595395800743,0.17651597638500136,0.17465742296916092,-0.017033099228899104,0.008479358806800265,0.1016767894006385,0.014625893775615758,0.2077956569170248,-0.24201999560103965,0.12728761162807137,-0.19281424420154503,-0.07452909430811877,-0.18757418585357075,0.08346054799350462,-0.23821520092713794,-0.07787047377922791,0.1405260604444902,0.12966098176584456,0.2812362311314138,0.14383040948416143,-0.09289713112362763,0.2681813376346462,-0.18310144204975742
10051,-0.14625322344222763,-0.11760964634622983,0.44891510545943863,-0.2789281031123003,-0.1244722222991353,-0.4151546030145229,-0.3403793533548306,0.0945292530766038,-0.25262004702989743,-0.28560843326778723,0.1942399259235126,-0.2428799485113971,-0.07643481302508105,0.04349015942667399,0.2619861126743535,-0.12194653786646215,0.2506679655354059,0.0026968503294919235,0.06332145795859581,0.047306567943164846,-0.3209014817009572,-0.30950872405464674,-0.1261834214932879,-0.024359163264496605,-0.0009906026771405872,0.11819845162567891,-0.21161058259443113,0.16472910166325502,-0.0554337156354571,-0.4664445577296812,-0.07543459185771606,-0.36630383568427405
9097,0.11604178066730543,0.014187384453311571,-0.140176140815159,0.037286684243970816,0.09081186728070426,0.015274766798640298,0.022976756343837477,0.04949025108940097,-0.07167064814306265,0.0449926771875014,-0.10357502897589829,-0.17485641760890103,-0.05265430115083725,-0.03123041974517103,0.11445938858663363,0.24313881781340024,0.09833428659182862,0.2016519006800112,-0.12970017644928294,0.26965036991534314,-0.04033300180749067,-0.1449257583916417,-0.24105299090408,0.18687776511078408,0.13280729622936707,0.10500409206423497,0.03342566394010077,-0.18969696594444382,-0.1254877625799114,-0.18178373185166624,-0.24125985711717768,0.1158155166267037
1958,-0.04890863037704652,0.03361615675776366,0.04940295558390312,-0.11895696760004038,0.0026769601232731945,0.023823617483677933,0.15238734137818144,0.021812194561217597,-0.03163901360914708,0.1612826944555226,0.08988235519960174,0.24187714420981324,0.048434681360068385,-0.3249509772416672,0.07187959166289878,0.14458776318811417,0.016421986195953933,0.09537023046866358,0.04239543969706428,-0.10827098195495007,0.07189234287759459,0.21193215472424914,-0.13720580134094354,-0.06503501932196293,0.03402691323943949,-0.004849093988434045,0.07585858288230947,-0.0377944500507752,-0.005559213316743573,-0.059524419653434274,0.15412321853007632,0.01768605670828696
4860,0.34227607423145606,-0.3343765007196726,0.005403972996231942,-0.37346623412797686,-0.25324362672385226,-0.057889986245665714,-0.1268897117166641,0.08119992639410908,0.021181442663866713,0.05595604253845548,-0.4412974148924949,-0.1064334326508604,0.10927571148383211,0.17895208393971457,0.10121574363325431,0.09036886183182782,-0.14961250528478354,-0.048291863190720416,-0.2585395188688176,0.16803165036786924,0.09019283767136188,0.0230696815614615,-0.09707077219076563,0.0010557030013082134,-0.18405988118797442,0.15887137875469368,-0.05496652673515268,-0.05698241507049528,-0.08802380191044197,0.02389733825913744,-0.019437412208493092,0.04485273067583887
1786,0.19493143804341692,-0.03081853962994979,0.03620914203004686,-0.1512213313845567,-0.18044270256024747,-0.019379800829597327,0.06058610186609354,0.031204214326795363,-0.1350146790111458,0.01948154047176543,-0.07611406145874003,0.07099430904180039,0.12776623608263563,0.0251754654422723,-0.16177173118005805,0.21704128841296613,0.015777978228445125,-0.09443411085562659,-0.27715138962777996,-0.10596362649512095,-0.12065390789464128,-0.028721664128735915,-0.050527740157254655,-0.26209635233335166,-0.1672425788872223,-0.1802382674588775,0.06557788626950105,0.2425023951721607,-0.05681118984214721,0.00798166090093466,0.0111782121053647,-0.028931755255529698
896,0.05554891216285884,-0.1246000623579687,-0.13319686193608202,-0.31482482176828563,-0.21371199358694454,0.08666284400957991,-0.04665581931817191,0.10480302645637717,-0.3022500673450791,-0.04404658876364196,-0.16807303758770914,-0.09290897055653978,0.1869309622857639,-0.4117624154612624,0.2784710617978754,-0.2885895633213849,0.4173156069229708,0.07705195005981769,0.028421419968120462,0.2991120084560332,0.048887922571130886,-0.04595490057935584,0.2647944117653,0.15284963215469743,-0.1643114019182875,0.39072241668297986,-0.17856282291902537,-0.374746050319277,-0.2034452640836383,0.1031386228388899,0.01867160494462707,0.1860842794331715
8508,0.0947502101910137,0.00222763408653853,-0.1869666917492846,-0.29064281363641065,-0.22884775501591617,0.22616165282585202,0.4064413410142836,0.2427485946950281,0.1600226569181607,-0.408826958780554,0.36479063356981817,-0.01555585517244919,0.2950808673446435,-0.4061873931043445,0.2789030604832834,0.22606831558172905,0.09849042853596382,0.3527164063243703,0.17340263412374513,-0.3605406325618918,-0.04963569370033924,0.005056075073125714,0.3034374206683497,0.288969098729269,0.007470241649288738,-0.054047460959020265,0.1004512800812242,-0.3710179364599134,-0.04308170382233019,0.13477912395548441,-0.037932424276264934,0.04516126577347573
4605,0.23546158774767192,0.03533775189287499,0.3769265464746068,0.0231241668218358,-0.09667054266907786,0.21701960041175958,-0.018992929723915582,-0.37745219745164343,0.1138960687865308,0.07710612440971802,0.17092696059554305,-0.27650505330129294,-0.03627980735131332,0.12513572949041535,0.3394934292522747,0.15437660278037071,-0.14482925861230417,0.21582992859806624,-0.10490315016311526,0.14330526715073816,0.21172054533534332,-0.21067907412755124,0.09967412020185422,0.056182165800381496,0.12672504235430596,-0.10743282987819427,-0.007811061004981119,-0.010816105270265382,-0.39938987305131796,0.14385896748062385,-0.06360479594440516,-0.05465762513805271
2037,0.16416304308347598,0.15781036899047185,-0.0670716928294607,-0.026997449405299686,-0.19883823287631183,0.2620189516454324,0.1595193800312412,0.05541819602884915,-0.2821234236917367,0.24257730081265957,-0.10982224193763301,-0.05021231131293717,0.19890543963468893,-0.004279462770874954,-0.09792764532012657,0.03319959580882693,0.051901622624982574,0.016441085101252775,-0.02821412155107348,-0.025804134671299814,0.20080638013731555,0.07831645750585,0.14151702240064415,-0.16447750879759274,0.056948564853585126,0.20243300499045405,-0.2054019414808919,0.16554843234882552,0.2251917132818334,-0.12346192938532718,0.17621662812798822,-0.040217301884780524
1994,0.059929552205976865,-0.027026756880053217,0.2116374798408392,-0.04255867224072029,-0.07092429325769418,-0.2160959196615063,-0.02349616864217376,0.08171994373385928,0.06498785204742066,0.07622839813760675,-0.07121223057596668,-0.032197852392911085,0.0038502459519023737,0.09193819986810249,0.006350014678317773,-0.16755161425005977,0.04152911799003557,0.18458644878295724,-0.06248252733591151,-0.18182982989575103,0.005385520496007216,-0.07981054704028415,0.0382837768622809,-0.18720953064610252,-0.16502247728707634,0.10761382047045914,-0.05644032936241537,-0.14868574399421353,-0.15126962829604593,0.2006234699197844,0.08660624689628243,-0.09228270700009962
9703,0.016149948123102494,-0.019764121989312208,-0.09295381685049463,0.043434721250708797,-0.20955578968924085,0.1032326696224506,-0.045218989904637436,-0.025025889461510735,0.03293129916139987,0.0056745077324300884,-0.0328108593658034,0.03428408141546748,0.12623068363080767,-0.10805511922396228,-0.14966619299476489,-0.21794127723885423,-0.09981300003993182,-0.11531666088360013,0.16660327017940274,-0.22251579545347652,0.12096483512193813,-0.05370822953543552,0.16968114596785658,-0.04472904516304507,-0.1479715905051772,-0.06402288527565647,-0.018458479910447845,0.06754772812637748,0.1397644237879322,-0.11547486962916097,0.0515238087608063,0.15741513271462465
7157,0.19993711747376303,0.29724326450872085,0.0377529130032672,-0.20051211900789725,0.12767624209449627,-0.11175952550320027,-0.45172914116777135,0.30679515880024694,0.15189423959886297,-0.16950922443060176,0.16966619593136767,0.5733007271099455,-0.01367804871188934,0.020773059026371464,-0.3313870501855805,0.12725175557731394,-0.06513588750241309,-0.032440690638875544,0.11456342753166236,0.19383794965278878,-0.09532566509671045,0.09008650170242302,0.10086394841328843,0.003907465633362226,0.24692269996861846,0.011261286786566665,0.10967056626100063,-0.07757804514074816,-0.2989842116944621,0.21292300225923944,-0.03339716888745207,0.012455183940011612
6118,0.1049715984542472,0.13450674740649898,0.012754016468222487,-0.07045983957517245,-0.16899946822365355,-0.07089852083857184,-0.2692384777862314,0.03590468066699049,-0.17354739439589242,-0.2631571409330532,0.1484583175309433,-0.3129637717042825,0.04244560625630284,0.2904203053229599,0.1209431397158857,-0.20321276308076971,0.05571850059541745,0.06827062522315418,0.16119329979920993,-0.3164533068739194,-0.227599025232949,0.08549182665730094,-0.025546349605716515,-0.06005470819824758,-0.1850872925389102,0.22444741619516326,0.11020640393462498,0.26839327690555115,-0.08758024581988162,0.02285408898672699,-0.1261934121521371,0.24099821384972436
10797,0.09111262799168637,-0.3597365697875299,0.17902421630428395,0.15565160407428802,-0.24003906305544276,-0.04945489517678042,0.11102048105681575,0.1678942359906491,-0.2654796840385556,0.016372425889391768,-0.2928480832457295,-0.07256997832395187,-0.26397579896081663,0.05379669896176747,-0.004383832329460909,0.47101511571987464,-0.27910695831026566,-0.0006190930051949678,-0.2931654686849725,0.06444739033557513,-0.0460501244330073,0.08645842488776816,-0.12825445629191437,0.2637336443333057,0.12641877635049323,0.4679158901162941,0.3008420309069503,0.2190569495237424,0.40890116912882124,0.01573962843126672,0.0031375795683900045,0.1139987369318034
5721,0.030533292044975534,-0.16415807662512047,-0.03812257836693409,0.0695225413039414,0.024291729960457073,0.017080043712448964,0.10193771814288,0.11634210312181972,-0.09112623097284869,0.12859170272504786,-0.11615816656631345,-0.20357834448735496,-0.19626853172924077,-0.11034123814707934,-0.30803703114653275,-0.1925994968841515,-0.1576581191819225,0.3104140623916497,-0.08508604154079652,0.10906848860152797,0.024288781444789173,-0.011197032170465807,-0.053253204296866766,-0.05425573344673204,-0.05546885885116573,0.02413610865831363,0.08799319855452387,-0.12174316079735338,0.09624386647202755,0.045805324185021895,0.02745282130045866,-0.0011907482467767815
1616,-0.19483914779273315,0.05137482765005357,-0.0716256576692778,-0.017974511852914783,-0.05275250241914776,0.02081157048409139,-0.10171791311734552,-0.02709589414073984,0.08410613158670062,-0.07499133563428458,0.2879828519348247,0.09572851496367366,0.0031199483206070873,0.045414164385801606,-0.21480342800255048,-0.1360389579097409,0.014455590493866346,-0.030002477657876545,0.03799904480124153,0.05441274670091608,0.04708504312205001,-0.0017045199496758259,0.23632840002677366,-0.028718347679961134,-0.17434643598242863,-0.006985042668451977,-0.09903138175174685,0.09916002776616802,-0.07761882434333497,-0.10647487029247948,-0.12257777882582167,-0.02063706733828227
60528,0.19398091544895701,-0.18462196595348648,0.16237056021488483,-0.3915854303829716,-0.19772005788924696,0.00936289420177433,-0.24163212209863175,0.12826172046839943,-0.06387360005675256,-0.22638149440684627,-0.05295632578752368,-0.10097123242273834,0.030061975998806667,0.17439547893243337,0.11366955907829815,0.048720677414702554,0.2588253565137007,0.05237673536826502,0.07869442296926955,0.001435032585845591,0.019311336185484883,0.28459088997102666,-0.10272880908696536,-0.01377806959670814,-0.004259487914445723,-0.01563673967351677,0.0001517906478081504,0.23543447893140698,-0.024009517668527058,0.2887012857206571,-0.007828575452560117,-0.5068268647148363
9918,-0.1514574873133062,-0.23019829721778454,0.01861919004772232,-0.036627950703465445,0.0711135945157607,-0.30041743558903544,0.11242155530506631,0.09817770434585935,0.0973718767519143,-0.24674418692491265,-0.20148408934264453,-0.1296187311386542,-0.010045004405501148,0.2557856647098172,-0.14989104905600226,-0.14291719494949937,-0.060034270918387714,0.06669695686260457,-0.14740402731965105,0.13594489422633352,-0.06737354481143487,-0.01131806636764936,-0.0130005548788182,-0.14634395476431722,0.10240965611746902,0.15919932233072895,0.15338572966655145,-0.09711978709821287,0.3906929760049161,0.019906619214471503,0.019549832278952222,0.0018686277447874922
9813,-0.26642129265554715,0.13853721059328516,-0.12883997271268824,0.14123585338908826,0.1467949418205224,-0.10428405190506704,0.08815241643170547,-0.07240674769084719,-0.2146127544618928,-0.025897113332325163,-0.19415363318919562,0.06292498041258196,0.026644281256196622,-0.20408994181353915,0.03623814730455872,-0.039711474839890265,0.0760632400349604,-0.028108351497637116,0.06519901886792705,0.08638231681824056,-0.17077205121981573,0.08135055160839019,0.06673247861470406,-0.14007519707533164,-0.11122032595820502,0.0008423102725272295,-0.14851607944005663,-0.04472382253199241,0.13154863549764773,-0.09779977355481766,0.08253752521491295,0.07884287950881395
11325,0.046148740248623366,-0.014409140144643529,0.0775036553977107,-0.056608830982148986,0.10469104186604214,0.003906330149127483,-0.02093037301442604,0.00838480011513822,-0.07914493829655683,-0.10841382543284334,-0.08856437909202398,0.057401757704872214,0.10638332896195489,0.09722870405315905,-0.09086094645733196,-0.008361378039149488,-0.02361085073620992,0.07713520026125384,-0.02253230708851855,-0.02605925135448859,-0.10898549677396478,0.14031679291290183,0.028142578814579725,0.04191036744417024,0.039014370178697036,-0.04086971012490776,-0.12576132697567852,-0.21124034359975488,0.06672318579912274,0.13885937956466932,-0.1546288576123662,0.05914005610552853
3930,-0.027003890205008922,0.2658551487105389,0.10236448911392607,-0.2589099141204336,0.2681445557181657,0.26367594220191515,0.5497707738659291,0.1185486897047227,-0.08506895848528216,-0.044075642879147565,-0.14411413584600524,0.0427524037169118,-0.06050977765857828,-0.3755147693278629,0.10122503031051183,0.11482571057533396,-0.07633959807604904,0.03670465699049186,0.035506838865547286,0.2605644255347576,0.18345861675529343,0.1767176937751822,-0.01342290628187898,0.08725442568102863,-0.20952530534860206,0.35418910929424474,-0.03018898709043581,-0.19252261348914013,0.04511940704018173,-0.16594816649098196,-0.3212350215892757,0.48658535425779914
9467,-0.042795057774460896,-0.08206387975695723,0.0421269702072036,0.18983848186469238,0.12046516848304764,-0.092711969371175,0.24224409528127805,-0.11546763018274042,0.06024019698967738,0.008939792716815843,0.614026852893022,-0.5735114488841582,-0.006514591214106711,0.10151391845057829,-0.02136852073589884,-0.047490843714617786,0.20752717855465522,-0.259825448202748,-0.05045565182623702,0.16122918750679716,-0.1167916548503309,0.09324515827257374,0.44321260367641874,-0.07202517586365914,0.2642319521187895,-0.08158836526668502,-0.17192713690009948,0.04965994274496583,0.020031445444587903,0.6747815353473509,0.018988882801237728,0.15762035900973462
9690,-0.13385044894034645,0.22748458486958337,0.02338843173706062,-0.05274262843277296,0.09491330677895599,-0.04213214070041202,-0.022133823196167964,0.29122262245838987,0.042162875358513076,0.061595165649594275,0.219941044521069,0.2031471425322411,0.10790628466266698,-0.20817407625684214,-0.33385421906606544,-0.10363817148140798,0.10738516012531962,-0.3342202833488191,-0.09434754322443009,0.01669912175308462,0.255920039788066,-0.014520335746675574,-0.17643424855816128,-0.07671089137900723,0.14016131244215585,0.03704255560238241,-0.2213920206625595,-0.2285726914049338,-0.138209429398483,0.14343497692962034,-0.06414264595708764,0.08785162190971896
949,0.011552256841377643,-0.18916686251332987,-0.2435223627524297,0.192757595366106,0.25807764204328576,0.08226057885530906,0.40827166998246367,-0.08755835924976191,-0.03313881320929931,0.11401406370338145,0.2207058993550846,0.16478273116601058,-0.04917932423153405,0.3301854960924615,0.17321221842667736,0.17301127320011042,-0.04781079777681756,-0.17112405409000148,0.06754315513842955,0.32020166745677753,-0.38765741019767136,-0.0841510530786347,0.047398617641687915,0.012533744614055146,0.13623811059652216,0.1721449198746543,0.2639926023154335,-0.055798941948547474,0.01830819852761836,-0.10989432788093348,0.06794025281506544,-0.2293119782673721
51097,0.17326446046645405,0.307919077230554,-0.061063195627670194,0.08534260002359134,0.15598396052817842,0.05357201188814999,-0.0737519322629868,0.38494602099593456,-0.02807034877720795,0.06772200518861367,-0.19336457357570555,0.28257516421259476,-0.08093472008400794,0.07903398930240982,0.1618839515265464,-0.1642581480882926,0.043576923488114684,0.029495359002536276,-0.0998701815235475,0.028158228254295696,0.11781376767853677,0.26119831840348545,-0.17291662200149593,-0.02271560672986362,0.06522191399638991,0.2082993680035864,-0.23315931970694706,0.0143920080619291,0.00974872633054669,-0.1575095794730493,0.1996573057506263,0.12787379730397294
6603,0.12699945907160357,0.20474119788322312,-0.046386869532606276,-0.1221516116341422,0.009202866353639583,-0.014656956173795744,-0.055558410938234645,-0.02524997788741703,0.18653995985417535,0.03933468412718108,0.06471691724592811,-0.059625060424351145,0.09518096003474827,0.007023018531072321,0.17240954377201034,0.35406775383634337,-0.1451717195619033,0.21049759482561656,0.033595607711380274,0.2004088580083596,-0.26748299257232744,0.35958622173249644,0.19448462131741456,0.07021300176846884,-0.14967779958328925,0.18161143894381002,0.2497103679828947,-0.016175427247755867,-0.3926193034734708,0.14699843428511242,-0.2150527094801621,-0.05445279366753513
10276,-0.507125434263081,0.30291860562890005,0.20034393947449008,-0.1719245882739788,0.45095878457754235,0.07560161270796088,-0.42196249289953136,-0.4761154290986802,-0.07388678847141097,-0.13334651716775223,-0.030591939379799492,0.23184941536705167,-0.14163853927472236,-0.20076985850683396,-0.08884573384269083,0.5237605055931998,-0.23645398134554696,0.6372912897418432,-0.22808330300464658,0.15857377185077182,-0.0413731356895314,0.10192201278970264,-0.20878028834702,-0.037864794571760785,0.1902561329714332,-0.2305510541310424,-0.19867175857323127,-0.024592886366144904,0.0766182085818679,0.004435710891725813,0.04823603375416254,0.09424516161381634
3066,0.026134539479236787,0.2432836053127396,-0.20158130684087233,0.3777242237041196,-0.037236471076203016,-0.2132147940320927,0.08158787572712183,-0.3587630355616968,0.1044927502384866,-0.22130385961158777,0.07594059056420487,0.3588104761331214,0.03001169375933349,0.08611720992204826,-0.2748410511227627,0.2148250065995622,-0.25698475849109603,-0.48913159189843786,-0.08252061898603998,0.04185961776932797,0.040706014589899905,0.1468627207351229,-0.29016675596002145,0.23503044708878879,-0.07829915403363218,0.07272039911937224,0.06254093127655182,-0.1927922508290185,-0.016688691194829117,0.14060334369828484,-0.17554074377162443,-0.19656938277908076
3315,0.20740336575684346,-0.1467782399748614,-0.007983108613989806,-0.32121470963735543,0.07807067097332304,0.16882547702892947,0.22252092507698087,-0.17916517235889004,-0.3233830156524317,0.020300775140206322,-0.33207442371359763,0.06541838156978971,-0.09520349978114885,0.16615497402724894,-0.49129419996541224,0.018246260428210252,0.24932044125016967,0.08039853099879422,0.23355304125775045,0.29168893603477597,-0.2535928594956316,-0.2905135981741933,-0.04703212754339761,-0.013514634326645942,0.2651505725549155,-0.13763611647058324,0.028646448306091067,0.11755968480662371,-0.25629645743470425,-0.23119908816312704,0.1941517017154571,0.18823013320285742
3988,-0.0486806345348473,-0.16989443872310836,-0.06348341124633582,0.07281161223361315,-0.42622260132062434,0.28916785848441046,0.2935134005333631,0.2414950376772202,-0.16108492552674125,0.11148441963682731,-0.07730788027655768,0.07276276567150702,0.3190270790424897,0.18638775584381015,-0.06137315379069857,-0.08821636050711348,-0.1189515467204425,-0.06537064883958314,0.009941506200345373,0.33784726365821705,0.2414546814087594,-0.12218425791791605,0.1397504866623064,-0.4095189484902455,0.2700641134501388,0.2759086352408638,0.10661247559748933,-0.0026807113640777676,-0.27489368380197604,0.15886878028401918,0.14087109951418722,-0.0827606743123258
664,-0.019884826035178625,-0.2295732488494955,0.22502706025313535,0.03366993085058302,-0.23195869726989302,0.30386787466102333,-0.043534824460328636,-0.11020977891054629,0.03766783892295391,0.1342911775549684,-0.04586306445027516,0.005248799234150513,-0.09127751086722136,0.2857468870297454,0.26116536588855305,0.5721973498426611,0.0034933378571523873,-0.010968442570130127,0.1851077751780523,-0.641339366717353,0.08696144486539038,0.3193503265381673,-0.05127766207350592,0.11142693784742873,-0.40353880718198915,0.08373618595455959,0.6837799891529288,-0.0579182055893171,0.10195089371212636,0.10027017413595782,-0.2006849439226994,0.27945846380958833
994,0.1085788598924251,-0.016298806753230272,0.04101347729727488,-0.07854431910210201,-0.033912782294565035,0.09979252545682421,0.03710319418229119,0.18992482557662158,0.06367579003247703,0.02231840466499964,0.08494943892295911,0.07110583171377304,0.10625155557682765,0.02864333469396509,0.027756676883552038,0.020642221950569715,0.10601260455812152,-0.02262643649056265,-0.06056776278389633,0.23501316243605783,0.0333213268477972,0.012485506749130015,-0.05851359092389673,-0.10279251038122592,-0.16309197098936246,-0.0683272162908742,-0.03567913959205319,-0.11898964070982264,0.07555425469467172,-0.0009907843023115375,-0.06463677551069953,-0.09303332597688513
23300,-0.076290793859475,-0.08662464558952511,-0.24101016892045618,0.02305849263814361,0.0709966324031617,0.042443521559826676,-0.5274991536384007,-0.08823073323837546,0.032171098303886016,0.2004144772402102,-0.124746964417784,0.02031908985650421,-0.2923622523671519,-0.06436032779128863,-0.15894086518238051,-0.37603742584116817,-0.0035448107187675934,-0.08465130537859446,0.05005549975382163,0.18024044639252265,0.16089505998641196,0.032194568004766284,-0.008786990258568533,0.1374972171143267,-0.2056587993473427,-0.08898858044322291,0.1716560092295013,0.10927646015454545,0.01155622590823577,0.1279731943668988,0.14394528061565012,0.1370207766549325
10953,0.1402018943913506,0.07971896732226132,-0.13130964581126758,-0.21004411212284718,0.00844289666142882,0.10484452338099103,0.046931887949830935,0.010844823011478117,-0.12272212935564417,-0.38096946033395485,0.1734460358700637,0.16381442586307307,0.2879047368120613,0.0905022842866862,0.09172474778443551,0.13706392251388141,0.15160504867930516,-0.09316318208467372,0.06101028955335572,-0.08801389217222153,0.32802484625521977,0.22197108242600752,-0.03176099779264932,0.012961018363046023,-0.31635064029055426,0.10749210435810484,-0.0802566854686117,0.03229649449610091,0.0009287513909629858,0.15800826835927065,0.011824211157137497,0.17081605001783243
9019,0.03449218596245571,-0.07303767627069047,-0.0384948650709505,-0.03827572565928163,0.08343529957387821,-0.30197809924076274,0.14189294667259292,-0.017222005380080528,-0.09606418965577969,0.02171169314986562,0.31006773231230156,-0.10158187085315819,-0.02019130274025757,-0.18825214165745974,0.002334611257423413,-0.0668353899965885,-0.05603575158278883,0.09293908245627268,-0.14654593263026705,-0.20529160432040297,0.05243835552765026,0.12629028257501573,0.07951375596959932,-0.23114797225888703,0.10510162383193612,0.06445456032795872,0.1505952590217361,0.4219886045873771,-0.26794871425108985,0.0707795212790324,-0.07952654044427969,0.0445744393933808
3597,-0.11994764400409853,-0.16752077746702995,0.11807036336693674,-0.08973508411664227,-0.006738543105134366,-0.23187121004963349,0.30550217531447116,-0.16287760919068936,-0.06941140789525437,-0.1550281116304805,-0.08292711980045353,-0.0723858616295951,0.04349689709746048,0.23518844559820992,-0.1855495723416599,-0.13245173287320522,-0.18533296719840908,0.1012154462331012,-0.11080681182437792,0.1465686007977672,0.19532205952281204,0.10006400824304292,0.04606440711853719,0.027818190573385554,0.24591657436091724,-0.024179569046251778,0.14814118585703473,0.26894252739671176,0.450108768935969,0.1383763493794578,0.03848733573620215,-0.1560087803534841
84722,-0.2975683962491856,0.05718108749134054,-0.09563419640126591,0.059968208254919,0.013086778905072066,0.24242747813002397,0.0518505338397407,-0.17300702336807955,0.1502745645953457,0.21645199078410984,0.09793899038655267,0.09672368402809006,-0.08678745179479957,0.04902100137810562,-0.044377935101574596,0.1479235754601816,-0.030916917543515353,0.378017701132077,-0.049501491857641404,-0.022899940886186188,0.0747451407068242,0.30561411582470355,-0.0398245115213982,-0.03040521190603492,-0.0036546761438371773,0.059406256643263274,0.07489986567867507,0.002960845005516707,-0.12607729764375195,0.07063643668845135,-0.05566175708389419,-0.2167756126380371
7319,0.08939042996835579,-0.26765686336607203,-0.034602210210397166,-0.18185733381372374,-0.16779507101540544,0.08466583825257079,-0.27983524179367214,-0.0704487008947321,0.2807930246835734,0.375281163934685,-0.27045689353034247,0.034708834878300066,-0.03476385102769166,0.012346940652025051,0.3420264133728434,0.08196923625527607,-0.055572004216178986,-0.003953915923686785,0.03183871223707719,-0.06662792995506019,0.006792166184620031,0.11139415987045789,-0.0005877071964247752,-0.19107982565956136,0.1827124852577153,-0.1996762744353292,-0.044937744210263184,-0.14812459358157565,0.02821974772236268,0.04920600466039681,-0.11078776356003477,-0.09220895957745646
80347,0.07324528213791122,-0.12005091185181867,-0.15234187824671352,-0.08911860573594411,-0.03372621636080152,-0.10867837326577733,-0.1268081176757936,0.029462644807687084,-0.11051507737409139,-0.021160066268438835,0.10391213327873715,0.20576385876901118,0.14274026468503648,-0.08377818273157342,-0.04318247202883472,-0.07175719360207118,-0.26792336525169025,0.029376369295892227,-0.20230214042314337,0.250111547199652,0.28037968726958634,0.10702264758077622,-0.12383301576146566,-0.12969553970906633,0.2101034727319715,0.2927191360638126,-0.09906103345105846,0.17300857397565664,-0.1670260898370323,-0.2568093093976844,0.1731324967685475,0.2393482250189207
10489,-0.12784349445051268,0.11852444511031415,-0.09458650370999888,0.21299591695889683,0.18494865524672965,-0.0669309274160716,0.003465259817757195,0.10588209865001573,0.19838695401063713,-0.07023114682893167,0.06655948020663417,0.08584645219257368,-0.2040265132338196,-0.15711137801291666,0.03872327213454972,-0.1906344021582525,0.06270563396804846,0.031187796924625765,-0.07227816720536807,0.24981070975503467,0.05196188463133716,-0.1686770440005763,-0.06073313762048841,0.2509439316745596,-0.12062116050936904,0.07741812795472629,-0.02293675112789634,-0.009482923651689198,0.1596489431682035,-0.1177062864662838,-0.1559613987236322,-0.11860351251505548
23077,0.09614382729708652,-0.17876781566817757,0.013503316942419727,0.02153429285355884,-0.044790683859222906,-0.1281058030899459,-0.2938509394836821,0.21145206644526773,0.09285274272741838,-0.11508312007040392,-0.012038076618503013,-0.09497807383435039,-0.01095699373234926,0.10750628896232285,0.0941814517660001,-0.04118830743376233,-0.033704889877901385,-0.025307650657881032,-0.01058337796619975,-0.2787251259689356,0.12146251342248308,0.22209012696053926,-0.11031662900366604,-0.22454493400404205,0.08115152648538247,-0.1287119810796161,-0.10162800568844776,0.12274065454205736,-0.03974803493971112,0.03075148620432905,0.10577769187508422,0.06703972231454122
10180,0.2704752528978094,-0.07195859917722165,0.15564023711004946,0.12252188041986072,-0.20938286916210652,0.12346920297671804,0.16043316154323992,0.03577519818192108,-0.22169521663161953,0.23584303042046326,-0.022777022518574642,0.12291656012942086,-0.0009443870961847252,-0.20991976791043201,-0.08791510454403895,0.22163207278711372,0.16736958234321178,0.07748406819695536,-0.09209313011429783,0.1363911573196762,-0.029383380479765096,0.26455880602512777,-0.37169159110359734,0.1908877317414621,-0.02372050916810688,-0.18825754379247733,-0.1269086573547097,-0.2986211497560105,-0.24810378057328789,-0.07216610683190405,0.136256239611332,-0.046475535527632124
5236,0.08933537479272079,-0.05855708427002018,-0.004583562618446677,0.06694542002508358,-0.08195232065344724,0.02360378443502784,-0.1514072710257951,0.3868896877705163,0.17913016826529413,-0.12950155877124098,-0.12950068432337264,-0.09012273120034173,-0.04457416426028712,-0.1878075233914241,0.12284768732458293,0.11394798111610309,0.22140215562257556,0.018943652904640278,0.3076231786623655,-0.14004447864405087,-0.05289117248120665,0.09084993311026353,0.18980611484829316,0.03922411436102152,-0.06011360002155662,-0.22269262253945968,-0.23983757972575187,-0.12410195492988674,-0.10548633371835907,-0.06949264061205733,-0.21463037787185096,-0.21153420288499172
4651,-0.021912485425099805,-0.020888971987720918,-0.04098529261171234,-0.26638063071277224,0.05846134466809956,0.08358703674696097,-0.04168559578230578,-0.04042885857332716,0.08034628914623174,0.09418018488322194,0.4625640066060911,0.01873606463390776,0.06122828814337156,-0.0055201750400007375,-0.22738124262616255,0.13465351706201942,-0.004108437054858485,-0.06193644717720795,-0.0009988099398558388,-0.15456121444699622,0.14414753856185084,0.2109580949143226,0.21768047160270199,-0.055810972142488244,-0.03734342829352574,-0.0710127993410794,-0.03740204916189446,0.0754502854087433,0.02993996401274627,-0.0477791361348499,0.17398876639306302,-0.017383737151287493
6251,-0.06742939575707185,-0.2069372197738094,0.060212498552460365,-0.07393505776245198,-0.037243125931983055,-0.0948972386173023,-0.2015556647300988,0.04600688577833773,-0.2904449187007199,0.0648363324294243,0.09623235446391382,0.07290852004157794,0.06273251205835337,0.26612260505862767,0.011849718155243627,0.2342407127193614,-0.015676791043970278,-0.039229045127698065,-0.47680902271524817,0.005484444038311058,0.10487374349889486,0.11513885257643201,-0.138060748454217,0.289740551843452,0.1059568935187944,-0.0031162550654425625,-0.05131193872675807,0.3660511181468097,0.029162616850259546,0.1723458522448052,-0.17992814995950934,-0.20066681815307205
1956,0.007905097597386971,-0.07948505806577168,0.023692172650350587,0.015203064219534233,0.09290003393055232,0.025490357192359536,-0.07440042170257208,-0.013315627719410562,0.012664671682836913,-0.010181514557640145,-0.03763141769063749,-0.022209042496554938,0.09194506168215222,0.06682982006185871,0.02218985628811597,0.08684508856104077,-0.03194399450386203,0.0004643431565406493,0.06767904636858636,-0.041252423728951916,0.030603145267112348,-0.10999393167111295,-0.033492439043006465,0.15368312976394205,-0.320599532307412,-0.09081806759284002,0.16220909956444754,-0.06643723035058573,0.04920807182713153,-0.00538031967504821,-0.027336805940485442,-0.08186154105869561
9897,0.14231190321583598,0.12103492786945712,0.21820047095183343,-0.13559922018104148,0.11420093667538711,-0.06973209719262116,0.32032334030118825,0.20779214552110922,0.12172813431295954,0.03590833807036654,0.2974860950185784,-0.05086706061605074,0.2308628680888151,-0.10579564274309253,-0.11903815134496609,0.12503213382107592,0.00863638303589181,-0.07307485128741703,0.17484677334538784,0.15266367356174906,-0.16585349499196209,0.15931853381023633,0.14776119913725913,-0.1050788004239204,-0.052937457666457605,-0.027282776185334295,-0.05974435692818926,-0.060228972570575474,-0.18045177863896797,0.05491443203660148,-0.23441052799618703,0.1383567529233769
2131,0.011157957485854332,-0.11714274383047475,0.08125485893841736,-0.0969116322991854,0.022381926843702802,0.07482704134482916,0.24786461824244924,-0.2628933514069945,0.0987721693578448,-0.008156485537617109,0.22357157546616518,-0.34211124915481833,0.1190709019314539,0.03013845035153607,0.22958195189693636,-0.17806192656637743,0.06421450441174859,0.04910853150192168,0.08614995526818708,-0.1808065680392135,0.001771430521619826,0.0719093027025102,0.14943585704880333,0.04349091670120112,0.28005909251618766,0.17283608182214086,0.09991969591648332,-0.00781333576115185,-0.19084799448166215,-0.08224399077265207,0.18065784225823073,0.04708799379781725
23013,-0.09168854815035211,-0.13459837672564468,-0.10657627490810809,0.056165597379368846,-0.17041320155729975,0.13536438385230443,0.11070156249561604,0.0654728016180528,0.06804221622531159,0.002241573685726851,-0.0458189102707445,0.09095407672539757,0.05242626423294927,-0.10899911028991273,-0.20206615482436854,0.1259352291467202,0.008954494014474658,-0.12426030468872007,-0.03986377868671616,-0.08209151056907568,0.2396269308369013,-0.192218263930254,-0.004679044377435313,-0.20986960831200133,0.035334010969895455,0.03682550569581351,0.06621442652936242,0.20514574988640363,-0.1596515409269,-0.11065417278936382,0.0784851991333539,0.053531728592739795
5782,-0.05259374530624113,-0.065217003806646,0.05162793879109697,-0.5327784821762681,-0.06642780653217317,0.20258923425610847,0.34436526043046545,0.110203012480708,-0.14826904230856652,-0.4035973791047345,0.16424930399102008,-0.2460403508228204,-0.2695878441967843,-0.2874636614736028,-0.19987148083434458,-0.19788584759005728,-0.08704471627737449,0.2074079288118225,-0.16510365874638228,0.09979248288938608,0.11365876977499607,0.14155494979825678,0.14662707900373861,-0.16523433954286054,-0.17806018778781468,0.17412697559264548,-0.20967310147230553,-0.13376833634911986,0.06424588951922436,-0.2144375384066358,0.47409754139213484,0.039522875295228355
11344,-0.16815085991764303,0.2215493529921478,-0.16886869255518627,0.3283347170540227,0.34897146642825144,0.09800910441147584,0.22551959584469763,-0.06876376021300203,-0.16632751874765642,0.1722789785050751,-0.48240100310468814,0.1269062101791796,-0.3181804636316412,0.28437751411576967,-0.02490471762545266,0.12332935124322204,-0.4177319991024592,-0.12567102556308624,-0.21516902174886515,-0.0915698318386534,-0.09437012511297493,0.09041890404433424,0.06499749858119018,-0.08865400640324356,0.22197749147153656,-0.2160731124598259,0.02915489295344966,0.15037312182520782,0.14694499624000923,0.20172841436503236,0.017900524409401947,-0.21502369607620167
7082,0.09042445153889524,-0.030729264602773913,0.07746061569980472,0.057058079384337664,-0.03400636333651631,0.04551643847145907,0.2756121184959603,-0.10641289320494811,0.07771225680150624,0.1520153994623168,0.31233791694083163,0.04459947345163819,0.0643690355595354,0.03914535068004341,0.12317133062119603,0.04477044491578465,-0.09036216317294511,0.08808457834889727,-0.061069200963903135,0.005914492307039194,-0.014276794340899016,0.011626569583173435,-0.19069876249770729,0.1301206008107309,0.12348757414569851,-0.28606280859860783,-0.37109477914822053,0.011839833883329948,-0.1512275441758652,-0.1770956559468109,0.2167715500927536,0.008120517430633434
4232,-0.1298010662553802,0.00014832421889372804,0.07117069359274288,0.02140413798619214,-0.08262669268856163,-0.09326727368467098,0.0459109737028818,-0.07084235610560924,-0.0006713926775350764,-0.0537191099533058,0.015933999099283114,-0.06826091778787576,0.06402232169757632,0.16696015742045106,-0.03317741936356036,0.252917691337507,0.1499240017103644,0.10860508163841717,0.05782154826140233,0.08307190074091562,0.019988089526701076,0.28198272392058177,-0.06644590435455708,0.00011057253505689445,-0.16716323810080752,-0.2637088336200264,-0.1324473485603807,-0.041272220605550566,0.01635103154428434,-0.019875904933459823,-0.23369545118869278,0.13707787216128145
230,-0.36500327954178075,-0.24709773143633265,0.10269581485554247,-0.1401087490592799,0.07052752110070828,-0.029943596537170238,-0.25335380272182906,-0.07828106982073961,0.07245487448393687,0.27023233847133543,0.3990513466636684,-0.23584053393820895,-0.21055797573440171,0.05851558050958102,0.18531514787225833,0.22017749174980167,0.024578174195649147,-0.0013833160304277277,-0.16269297913656353,-0.08785486340870184,0.09892232033652752,0.11391761461194995,-0.07219972312136974,0.20053643963657508,-0.060414739125045726,0.2919314357519313,0.3387431700176749,-0.14692366924545217,-0.05328116291935443,-0.18917542568072607,-0.33332170787974097,0.06343844343158195
5927,0.03232192488036897,0.12322526761893174,0.1513279113120579,0.08224664312163514,0.012843382387568226,-0.04620695219619573,-0.056704150323037016,0.07999514387185373,0.13671128076926992,-0.10837941604577041,-0.008781238134608254,0.09703521719083709,0.11326667359284562,-0.004763329296799301,-0.06527640419518746,-0.15146182779507247,-0.027842742124821514,0.09140807598221552,-0.022399438801186642,0.07451632196395819,-0.01220000063415008,-0.08637981746005552,-0.10641200314056352,0.035719862992302565,-0.14216810806676006,-0.04987933042855757,-0.08535841478783063,-0.06814789672742053,-0.12805926011667768,0.1138079457510603,0.09284168452033324,-0.1949817978473822
26064,-0.03208116703888067,0.08222561141335273,-0.15710991812049954,-0.03365197302248137,-0.014211727085954876,0.00393589771809374,-0.050387333683868434,-0.08758032270829004,-0.0054989671025496905,0.001366762415116288,-0.10780179415457988,-0.08877408660362433,-0.0737303457221299,-0.14430695047024858,0.0724903761657561,0.020821852268686495,-0.019707776030832506,-0.0718498417949722,0.03751870265037085,0.08137762147937759,-0.26195247552109185,0.11714672076084164,8.34239648867974e-05,-0.05266655135148307,-0.12383559935483326,0.0691741718834425,0.13316622887957066,-0.1764302211010591,-0.0920652991558726,-0.07008041515263322,-0.16002211137766506,0.23292642387010612
329,-0.0029237527454223327,0.05783076961340415,-0.007311165767206356,0.30094592637331263,0.043720962871060705,0.061983356822509904,-0.09833251713584852,-0.035461928924795424,0.20277544436597975,-0.039092851928671506,0.3882606565781672,0.02810520795989342,0.011370225383087455,0.19196031267371869,0.055777705039901336,0.07258596008393677,-0.16424549467946029,-0.08950755656214737,-0.06460124073957156,0.0009780889860905493,-0.014782758988856063,-0.12284310246161433,-0.04025671708854877,0.47616215076270524,-0.023052749169689257,0.055827818595031796,0.05941009218099805,-0.07807640095496023,-0.06702753593301226,-0.1397901334885047,-0.17234258653414086,-0.12443782762632193
1514,0.3206117827098128,-0.12552867520719482,-0.053057103396558815,0.2830298525312346,-0.05491736064830655,0.023356438993670774,-0.07931026726283878,-0.031412064506668565,0.03572217764382978,0.1158764188497526,-0.15363237805924462,-0.11396035211430765,-0.12472264237619261,0.1259207658166509,-0.0958850054322602,0.052660682959481266,0.1700672374655428,0.05616813277262773,-0.03982908442527242,0.08165002644134398,-0.0989118121843063,0.1622846192114579,0.044159063775779155,-0.04597596151937008,-0.2837855675289713,-0.053051588832789334,-0.2174682311091294,-0.13655995251888234,-0.05344422734626598,-0.02123185910716377,0.048916734247560704,-0.1992772911450894
54623,-0.1652311640370714,0.010069121935755211,-0.01646566259163231,0.2080776687987824,-0.3303393062863954,-0.0006575688582539344,0.18248928759038144,-0.35367868694841914,0.11472283765477215,0.4253783428464131,0.3537039882386866,0.14324429923758678,-0.0962226660340114,-0.44189077047656744,0.12278204878762707,-0.013920013106204672,-0.01590210737814622,0.06857839870661148,-0.18134544806216313,0.1284597631133813,0.3125801317423353,-0.20854955311872173,-0.30073405567228606,0.0510713410113655,0.05560055003156199,-0.1013707449073323,-0.005062143886226554,-0.14061899850445114,0.048891779730932096,0.25616955377115747,0.08531257749517646,0.057084060311095745
332,0.0083133023008896,-0.023100627922524698,0.2757242114790662,-0.11929993422248363,0.05794596652052948,-0.2275475932961812,0.16579511760854296,-0.0295706565685939,0.04981663579343653,-0.35206931958979815,0.2995632357293982,0.11672491101379266,0.10651624957203285,-0.1860614942884442,0.3377663680023599,-0.3290173068060594,-0.02649427484990945,-0.08549580370878418,-0.38328340414914924,0.005549488623319025,0.054301204777232236,0.0337630630423489,-0.1302064761993571,-0.370189311590367,0.18509503937859523,-0.27068907887634064,-0.03915769805607231,-0.03996152519784565,0.10440321540015393,-0.05747622457700577,0.01656866168126707,0.17382858989384134
5899,0.12780861934360016,0.0056034333858705895,-0.041038280199208806,-0.0039902958453481695,0.011370990509809083,-0.0557020782737669,-0.05572883511541316,0.07129482139353016,-0.11574169719086268,0.09689876925094086,-0.09140625361377372,0.0280235000686336,0.07436709563285437,-0.06690188411569302,-0.03850889409218425,-0.15907090674446436,0.05633623235655285,-0.06384951763506352,0.09073647992390307,-0.08140696346438994,-0.2504796629144994,0.18925750011653086,0.024385225385808024,0.1153649895352587,0.08266988451876682,0.11563212559488241,0.3978825314967746,0.13301165980720137,0.11009842340420005,-0.13724259726337057,0.2185794402064343,-0.12536258014942764
23647,-0.19387172052454923,-0.25126608691376673,-0.2125758200099333,0.1564419461384316,0.2598173212356777,-0.2230240743921952,-0.01687560763892305,0.11458783603072228,0.3335742994743186,0.2838046361681637,-0.02571559108380259,-0.30168274734931433,0.07306304938334995,-0.43989891088798677,0.21377601482879707,-0.2342971133105689,-0.2503845734789291,-0.059027234561594956,-0.15641413457718822,-0.0007148130839930164,0.08237369275331458,0.0014435084378410477,0.10670662609595684,0.07765054900144326,0.36249140851750977,-0.17890567812887717,-0.13824302047631967,-0.04365746263213424,-0.14065677242715127,-0.3643448776089745,-0.07788906475570191,-0.21222958282417198
392,0.049844412303825594,0.12026223307529522,0.08475410586530324,-0.12948654177375749,-0.06114186059974743,0.1972380638550885,-0.028712118409734293,-0.1727189508728978,0.1607796535096201,-0.13966907356299213,0.2375298091970047,-0.14781816680413623,0.08654566118873665,0.1427403234346764,-0.3809319820889775,0.1282168622735795,-0.18789352555893482,0.29768315157812664,-0.17431108975402604,-0.027569382527540574,0.04818105319225997,-0.11863216111812117,0.1291488411428917,0.014568911826452527,-0.10667517635132873,0.13291334054064494,-0.0661836054615712,0.14457680051435484,0.03071938593216986,-0.0912102067015441,-0.11902343484228682,-0.06862235904210152
8895,0.06319804963720453,0.0027251406382058094,0.01470287864600532,-0.14372851724329788,-0.2007758365108676,0.24510472165000802,0.09358706795921817,0.1435373118111486,0.24048796381570714,-0.06269718164238697,-0.11423595693867131,-0.29191953392349274,0.2318512885779405,-0.08864498368074565,-0.16318888541661303,-0.22722605699821607,-0.20894852093986388,-0.056860390878489216,-0.26527597851651635,0.22860715548127217,-0.06682717703248299,-0.0005085841570346043,-0.34988178682102444,-0.21031883626385617,0.05942654969838968,-0.2378528249146961,-0.16969182074598962,-0.07949696825214142,0.11642152263997686,0.0610186960327917,-0.06417973185584225,0.011272330407550702
25,0.026433121282408868,0.25328503293852556,-0.24482926222594792,-0.03104026086973847,0.13817202335923032,-0.11945818058043861,0.12828589204425853,0.1229462908898501,-0.2179539314979558,-0.0894877949723058,-0.07006855277976015,-0.06696001023255392,0.055167712169880576,-0.029873743160103414,0.0034080400804546098,-0.008273965777990172,0.08223729325608385,0.25623413483274954,-0.014582002760072075,-0.09722772994410282,0.026756974414922228,0.03592500517795833,0.043305525083100566,-0.2776241360495002,-0.20411549609611437,0.09377065103628603,0.1275762913122384,0.32141260734574356,0.26247939139143944,0.12404537661703965,0.06483605713004052,-0.2609655239863928
66008,-0.15958406558202018,0.23134482634289635,-0.10231100972373698,-0.1840530273984307,0.2628548344510886,0.16178605181885578,0.3590329485389501,-0.04672302883680617,0.10426789206349177,0.4991373091855176,0.23532738005336717,0.03699134634442138,0.3930779266162124,0.1078848184782705,0.02173472133880113,0.020385217800495913,-0.18545845675008468,-0.5951651257895028,0.24764478870514772,0.18590641614809045,0.22861849196854916,0.07149427730372637,-0.20573414201981918,-0.051120613918658,0.2579358986067339,-0.04081739673812659,-0.10651337873113337,0.35045467461779234,0.004596001178799733,0.10519983704922811,-0.15695597646284457,-0.13208205174017107
5831,-0.12874410580273551,0.31222176602654267,-0.07360048108634532,-0.05775371194893916,-0.10464364546189396,-0.1487611435860164,0.002914037643989,0.06215967754631731,-0.1462572469060367,-0.020209201984217853,-0.04539747328961166,0.18646287832767466,0.022868706922094403,-0.08013031712251503,0.24473568134809048,0.04874117334195102,-0.167855956137875,-0.14810258122319095,0.12104750898387232,0.29975642592933516,-0.04370523295455088,-0.414721699882117,0.1112442601124503,-0.020854966712374017,-0.15519801272687855,0.3002961251143129,0.04992647066730389,-0.17983555340930543,0.12691944629858282,0.31225133158749624,-0.26462296552705666,-0.09085523210916027
23636,-0.19875305091843581,0.3226807403300491,-0.12206490339323427,-0.031158068056831224,0.02128270707170222,-0.06613568384630807,-0.07873676468336262,-0.1266736135844339,0.012376492421825952,-0.05464995316814515,0.3530268981618275,0.08751486961511953,-0.29538326028533746,-0.07945150571234035,0.256173004614737,0.174473853007639,-0.066225709728055,0.14671432515685365,0.05768989477415729,-0.0327893042105911,0.13062209835265381,-0.11793648675541805,-0.37623503843130396,0.05876364646318096,-0.16807879912124893,-0.23623951698387075,0.08190066915679278,0.1705204830992189,0.10591423528136164,0.06850958713863116,0.14370396226297322,0.222802140475726
5108,0.08138716845835361,0.22029222828143974,0.12824175710054503,0.1460669446035505,0.10024040274943782,-0.16244991227827732,0.2765410952986241,-0.2090893687047439,0.050240537011921375,0.0014305302027474646,0.17526477383199213,0.34523539816057613,-0.29153177775182204,0.19505612747306775,0.12774398154460492,0.04224271847388286,0.14774835291172203,0.14101034218800568,-0.16420489995331677,-0.06156675897778134,-0.25265987061112927,-0.2725839521132833,-0.054215468970589625,-0.19052534695042359,0.21573103294955467,-0.325456203194599,0.0274156274949953,0.019594640918514306,-0.0033160026145727254,0.057560753182400094,-0.21158335228384934,-0.3050291365749806
642,-0.02212759771799791,0.43190882387892265,0.15926464088119038,0.10926259934695776,0.04126760876177699,0.060370130628151275,0.12404743078753326,0.04744308401466053,-0.22272545336604044,-0.02139854280033398,-0.03402418166884564,0.0822009175713256,-0.06621551320358326,0.06330741245994498,-0.09187376455700955,-0.10505420584476761,0.10623881311522515,0.01208671774852838,0.0003954285186985602,-0.3464279196192018,0.14966627472573824,0.16338421658891125,-0.11248655306063716,-0.20139978128549998,-0.13915655809764374,-0.23016507838859807,0.009324364296442253,-0.20879545077719722,-0.4543906906151393,0.08290501477256008,-0.048475356942608676,0.018118630538556266
9961,0.06078151179166103,0.07114790235621,-0.008942508545359848,0.009902173614842458,0.08641044539055107,-0.0929485829391329,0.04114613935715082,0.011706670158601589,0.088156308304146,-0.17979064835540315,0.07213212362663919,0.25714549258801767,0.1688572309930113,0.060646971261353044,-0.21805652115132224,-0.031627857876125015,0.2512500745887057,-0.024765865537441468,0.19030701437284334,-0.26882506185018007,-0.3055082646014293,-0.10608058705508525,0.0782300393502058,-0.03548607392792201,0.019449556595211397,0.12349311299512418,-0.023883050893238934,0.27360813762785635,-0.03739789947912175,0.01669501816636275,-0.1817754450210826,0.1855007295084544
55746,-0.0668248680081348,-0.12390436224320923,0.1449190130889894,-0.05601136698953018,0.12286040408979104,0.2702674287346781,-0.012249292496664907,0.2226395779514423,0.2808236311879461,-0.06842929199291767,-0.0881366563703051,-0.0634687994234668,0.24301670043428442,0.13136825229433427,0.11836539451526397,-0.15417161098613327,0.006974088139780648,-0.13411078041259045,0.010898176932946806,0.022025832007762206,0.0008355437145509489,0.17025074837281198,-0.1011651457971347,0.10769003860221611,0.23523748143762588,-0.44348619522413124,-0.14350308675457601,0.09921272533250693,-0.15883636238305185,0.2565580889796582,0.14747113273496804,-0.10474737393666277
8985,0.02143013748972762,-0.007632636479468205,-0.05623259332413063,0.0609048388544744,0.16204264541826546,0.145447943754227,-0.04768889608000588,-0.050225190078052005,0.11325288888135623,0.05350152423583911,-0.05598599158394824,-0.09357894434634761,-0.07053837802716745,-0.08508154776812052,0.03301341123007673,0.17938023155003718,0.023201465328071578,-0.07672228872192768,0.05709287106791303,-0.1132666874734231,-0.0013664724314073633,0.0045457759269472205,0.047914494842320195,0.07739696112933403,0.07788244083973606,0.08788115464876368,0.057195617150364954,-0.09568841077982483,-0.08696405658840217,-0.06652292768919638,0.04050300054436189,-0.1413586794840508
5525,-0.03676553708019798,-0.00017506763360852719,-0.09626186955273097,-0.11228031383531743,-0.1988420211044684,0.19362375018015104,-0.125404525866565,-0.14525156966753822,0.03992259079399043,0.12957655424595746,0.17505317012541888,-0.2680971876570242,0.0769348249396826,0.12177781810068443,0.023877145922486374,0.00661007405973622,-0.07733299923942474,-0.12918801249645692,-0.06182840928446514,-0.08575116851173953,-0.014834606564383053,0.05655426026822724,-0.11431532347776403,-0.10159831947445458,-0.08425836049209538,0.2779042142876718,-0.07641890065857407,0.18783599037524537,-0.1780855424748557,-0.0012402205205629222,-0.022281440921988856,0.19689270502970185
9688,-0.12243365458430655,-0.1374888623515116,-0.17417312036621582,0.05553890567596124,-0.2496245069588255,-0.07055146196483805,-0.0765892530172064,0.007743410237213261,0.2919139180985912,-0.17836550120054515,-0.29048280161511114,-0.008489766139525706,-0.10491020200170866,0.023907552298215996,0.03815270773400459,-0.17594873793335855,0.08693829053901517,0.07702680671662263,-0.2651847917697778,0.1658041999524156,0.1358391770196393,-0.04666290692412616,0.14560629709691855,0.04547312594720898,0.014851725822644326,-0.3243338339893684,-0.03898945836318901,-0.033118959236445256,0.19135038613215696,-0.030162225185816655,-0.2271227455642858,0.19034747515624334
10123,-0.062070561915478835,0.12187545436591972,-0.18172154120479042,0.07637923827363803,-0.06049328054569653,0.001791560776457478,0.06024118186755996,0.022304542957016296,-0.031128237760009066,-0.02382330576123349,-0.0575595990428317,0.0535108708352152,-0.06087610299720622,0.09227155640869225,-0.08908665076383213,0.14241531739784566,0.20934478964927164,0.18144679578681447,0.14873112695832016,0.16498960211959376,0.060106012438399574,0.07527428635472819,0.007199703533261881,-0.23475062602452734,-0.10591794168677619,0.35547465272810824,0.08576049667887577,-0.08283975994976343,-0.046501814326656676,-0.34413094102007474,0.053643145960916086,0.03570267097369233
22889,-0.39236500864102924,-0.3532464427937241,0.03431365943796441,0.3497094154588212,-0.04270101228757495,-0.3397795690090552,-0.0860496029146967,0.10911955603533695,-0.047844953418971915,-0.06940071755077788,-0.1677158541366869,0.17557887042599524,0.007742221258495154,0.004358588263618478,0.4220143073574172,0.0946094245763815,-0.43406016273905096,-0.48089239506811193,0.043405021576963965,0.11033514530595354,-0.2595501898717225,0.20295123526905612,-0.6047424456835756,-0.3863550767834828,0.16875976047479352,-0.17604658348929889,0.3389976386328014,0.35225098930787174,0.3716568973638603,-0.08066503170963205,0.06265306685456608,0.3399821592876823
1398,-0.10888193427024936,0.060328055227644506,-0.0400067340653515,-0.025909508135047533,-0.07666320768545752,0.051609105238524154,-0.12262496840098035,-0.01567096844500152,-0.046187796841720176,-0.03000215337771723,0.015322437776693808,-0.02386286092606917,-0.01896135943619658,0.04441464176838084,0.10037909284718259,-0.17068140847722277,-0.0865256269430711,0.022595886418777085,0.17342010160299706,-0.06803297650274552,0.23704681907859815,-0.0023130439144955,-0.2017967455145892,-0.11908776646924313,0.09527687261244777,-0.1036009401363666,-0.03161235388067061,-0.016661766730450042,-0.0231155480165033,0.07351015005988078,-0.03156148302924904,-0.00957357132089731
10523,-0.1260664999136899,-0.1074719318675965,0.05513403712803596,-0.4487526976246856,0.13780564000033685,-0.3338980515590507,-0.10433223645605866,0.30104908533310665,-0.05683347474772781,0.04059849142224052,0.027188134044814544,-0.39353722021761356,-0.36560993463301683,0.3015697798371874,-0.049917061685761745,-0.17775270908032662,-0.5560984165603164,0.45948191223014934,0.01895849497009956,-0.06655120531714953,0.02339986042540989,0.06590247504621043,0.2217787976652189,-0.09044586961591966,0.11016436100760463,-0.1230035568493228,0.027637805120712587,0.2761125811146884,0.13366335010153352,-0.18642385750018609,0.1314970119832156,-0.2993055053490877
5347,-0.2752436698652325,0.04421700256756233,0.0054110258867285455,-0.21452742782587098,0.10201294235448298,-0.3431706507118722,0.107582055554736,0.09673760926447043,-0.018490298342713124,-0.004130751499669274,0.15449430161981365,-0.021669489726549265,-0.37190688924211396,0.08063254735700025,-0.11027185862980698,0.07406350990534946,-0.23655025373256916,0.24987059380993557,-0.0227720853158324,-0.1554144963593005,-0.1580145725894676,-0.2925327853967576,-0.3381267223745823,0.10248588440255568,0.2379631086971877,-0.3994461975549996,-0.22258009629515824,0.2027848427061378,0.10575083049017056,0.10341380595813836,0.18764429152896236,0.13173431749345457
10221,0.22412357379049078,-0.11808302697132247,0.17329766463806137,0.11469756117413533,-0.19719115883279784,0.14753821297763428,-0.15933043089318585,0.0836173821280116,-0.12942452697781962,0.019537762953910062,0.16251008377819773,-0.1932584295349149,-0.0742801431428869,0.018897972642934583,0.09254637382071138,-0.17487959736454867,0.24658492351705988,0.19148738298881193,-0.2236991503795931,0.17462893377334796,-0.08037504735849428,0.335835977839656,0.17393900760116335,0.13143378860090818,0.20032807191065774,0.16770755105803198,0.08823433450545608,0.14747532781124395,0.14903544615193684,-0.08313612998696142,-0.21219957309162535,-0.1527027240095054
1019,-0.09306768597695513,0.08015342673324982,-0.0703726027680114,0.07312377638845455,-0.13103251057125262,0.10434356178293429,0.08199615560064646,-0.1268286928816762,-0.09857661348934912,0.15800894972804935,0.22398703114319599,0.14542888874616897,0.010582633159642542,-0.19867048808837523,0.1396940165305328,-0.024420763886397922,0.05956159135821636,0.01617869837381191,-0.045352395199972945,0.22953032247116856,-0.15193344068053657,-0.03658273142223997,-0.2642006722567494,0.10353224153952692,-0.2196931324409493,-0.3308858615438581,0.12290339464131306,-0.027950610763379912,-0.0888144586124007,0.15349334429945524,0.04909801923258064,-0.05403396181547352
6812,-0.16601900909863368,-0.014381356757347107,-0.15662434109488158,0.15630313374199103,-0.057551823685754844,0.05304805680982548,0.23017068186922438,0.1708266705765849,0.20033067183157283,0.06433908028424595,0.23213234700533547,-0.22802683592144057,-0.12241208437211247,-0.13690254259076207,0.27902305127878735,-0.09710536380815801,-0.029437569894171123,-0.1939073109570825,0.07232524189618171,-0.23933809507665407,-0.11946580463809704,-0.01742604151284064,-0.16685277335322274,0.024751276016307208,0.004653847267295879,-0.2654113588672975,0.004666850358880845,-0.10641656710004703,-0.08395020584647109,0.1865629833365864,-0.05217391692735113,-0.045091252589257405
6944,0.30900706815099244,0.19591988405708755,0.009234145017633122,0.08485038023904784,0.05322087224322641,0.0036695628480112167,0.09990535360909802,-0.2141004669242471,-0.1567510061217405,-0.007019649632422037,-0.02195044870233055,0.14426051676316523,-0.05177186390952878,0.10258204007519742,0.09367472519184177,-0.44264999616709805,-0.054691556464180606,0.13593973394013636,0.00029451397247750693,0.23380599477075353,-0.003298430901085235,-0.03127795398899361,0.17034723826891024,0.0919728116940203,0.0547850498679627,-0.12335679540830562,0.14077839036140818,0.2905477777266278,-0.1245468854934114,-0.09324143846944159,0.10402666862626955,-0.41605272698092716
3028,-0.02064505929434867,-0.03392138820431003,-0.08175709861872654,0.1315827469372311,0.165503023763128,-0.28497117540879263,0.00816054464513087,-0.2574972916656823,-0.16116074184824716,-0.18472103762959965,0.18373547106204052,-0.13775319155807428,-0.0748039020994499,0.015617693755578728,-0.20780998130557027,0.17774661130337796,-0.10741502343872257,-0.2813563591384512,0.1004003571271024,-0.019569032514954912,0.07769916967909814,-0.07154243170694655,-0.08556053229952319,-0.06975449155734319,-0.08465733546539911,0.2563889681343536,0.28528485272097837,-0.02452530939311667,-0.053221249025997924,0.1789273817387542,-0.024458145938726583,0.215379198731395
1026,0.3115118695545024,0.0037004787873331597,0.1465913800290436,-0.16708865818606056,0.16323780652942382,-0.47885120282726545,0.24831598283097356,-0.34212001175396944,-0.20922039223744493,0.17109043717531006,-0.027687222458328675,0.4649979973597358,-0.0989248396551257,-0.5610954866022835,0.24869942623932526,0.1260539486583769,0.3131773471930135,-0.3314848201395343,-0.3386241246785116,-0.16115169244724992,-0.19473645863248668,-0.5045095808249547,-0.0009483652247441259,-0.05138881243219729,-0.04187088765883362,0.09617767457791432,0.06802275366827817,-0.24889011262614588,-0.2932674601653347,0.3571672495397103,0.035099896858445875,-0.1278878023761484
1277,-0.16169848250715224,-0.020569565689775544,-0.2286503870483846,0.2106166033248344,-0.20200709602608283,0.07448242881779694,-0.0033905816580286495,-0.030836189254360047,-0.037604057510863584,0.16444968699581264,-0.14442722347827364,0.0747263673893256,-0.11864458868251385,0.047048009252360176,0.07068892942777306,-0.09264925962300499,-0.10249583311709741,-0.07121032234486482,-0.0637734873623606,-0.24186132586944856,-0.052951572580694,0.1759627324863547,0.12563217217116102,0.05766239861584934,0.013446832982761212,0.044585628907695005,0.002950744617233028,0.21971740268363105,-0.1428902223791428,-0.25385879749253365,-0.15663561696371706,0.025523700454151744
26054,0.17000549932991613,0.08675474211524575,0.24999383528118277,0.13514207505371043,-0.09217238877348259,0.24805079247557787,0.13529569995662996,0.11393888561288883,0.10875502210021609,0.2132889759877958,0.07604087948916506,0.1120769990412094,0.004634736721178022,-0.15336469799457916,0.31148299020226367,-0.35020766856805324,-0.14553691224337253,-0.180457668702726,-0.11315320860591539,0.13728285404328486,0.1165894560635018,0.1228853860435504,0.18441100418441486,-0.06506772211814596,-0.05770548718403895,-0.2607046062656164,-0.03139442052676423,0.07889323215791903,0.16750959856848563,0.05229917820802998,-0.15826452667337895,0.03740821446309872
64746,-0.19481813307887028,0.14869394179902307,-0.12500262017149724,0.10906960028083294,0.04730760728976268,-0.46952873342342666,-0.23110004737107623,0.022763237350688952,0.18453373935946213,0.2114962757108157,-0.2545073612979395,0.2351874000689459,0.03565015226094772,0.00014792633359448748,-0.24794657303678655,0.14295835367882742,-0.04186400512766775,0.0460248792420873,-0.15062411412770327,0.008533577897834179,0.21370945711494888,0.0005715818169935093,0.09598075920857814,0.2879948022822835,-0.09162917270409063,0.09932830990566818,-0.1188395599621131,-0.13130109569498785,0.10383118746372663,0.1358411048534567,0.004083506465015325,-0.06619686062576376
1445,-0.3398413657438052,0.21337181325449914,0.24776913586226368,0.16984344417720834,0.057485329268122984,-0.1746196247695537,0.28917401878523574,-0.24373082154464895,0.06654837889544789,-0.021159422118809147,0.235826172081304,-0.26271276045974556,0.06679246289381209,0.2009955640064171,0.21459122910377088,-0.15943654849580816,-0.1230950211182784,-0.19306551846047013,-0.14486022074241992,0.21354635778233083,-0.30362331087260713,0.3122289816404629,0.03180477243470346,-0.08031872451816945,0.09167242759052686,-0.28196345734910844,-0.10699993626518757,-0.11116948368352447,-0.02640861102179689,-0.09844222512243352,-0.259049530873815,0.2370955961979774
1454,-0.13564934340433688,-0.034515868996907555,0.035184309910861265,0.18597914945265404,-0.08059095272732976,0.039986953527620425,-0.2951028453982853,0.09189814471691249,-0.317108159960782,-0.19310254408371874,0.12924513549208733,-0.07113399502431145,0.361368847411709,0.05924478891575837,-0.01198517002040787,0.1575769745535378,-0.07051875885776596,-0.04240523134720821,-0.03040399767585749,-0.17651952653999037,-0.12412230993901871,-0.02009353598091502,0.07933298025632521,-0.02069992878967231,0.14323277118753677,-0.23769117817242416,-0.17564220355467647,0.05947508304305623,0.13708779909025995,-0.25681199058679915,0.014197844849199464,0.058340817209635125
1861,-0.2136330942638653,-0.10709315625954507,0.14244540294663305,0.11467865920541125,-0.12013496029172065,-0.0635995505361008,-0.1663018704581434,-0.06772271972346372,0.07081980312622489,0.12251944346348685,0.3145805403978851,-0.04334281307666182,-0.08904657146477538,-0.1138015251227789,0.1604493573427522,0.13059133150043528,0.03806114750535875,-0.19061347542445203,0.13635543308098613,-0.04600090196676173,-0.14688086409658382,-0.15503828945663387,-0.00864139263612169,0.07552565415371941,0.008713350237260012,0.1416801285598411,0.2600829207248415,-0.03742928773723735,0.1166428658522016,-0.16646925632399923,-0.22960978462622553,0.09729330977604744
9697,-0.07515082020339847,0.05627983998137678,0.07963785552593931,-0.0920314623503158,0.01811655678668337,0.05621962539090482,-0.08007286397787987,-0.13977844850060814,-0.0015781518159873628,0.0535805456868393,-0.18317845473365996,0.13424907675584766,0.14420796314337264,0.0030635985238581225,-0.010276710393008159,-0.006247478397322974,-0.035638963384439566,-0.12110956199231424,0.005901856740845383,0.053790396220212026,0.012025164783298375,0.052144094063652155,0.2776367528767175,-0.06777312459540802,0.04041441927064512,0.2279362958829523,0.04894007137131845,0.1469204580166014,0.04214518939216085,-0.0034057453461233387,-0.18557398089093485,-0.11057499848367543
79921,0.2601655412829532,0.08892717219676426,0.029169283267073957,-0.05650242494918376,0.0001538623779111635,-0.046429370941539524,0.2096981566351052,-0.10735017794858608,-0.08242367014209134,0.1722929180542525,-0.0026325209168527324,0.1145033343245292,0.14953629048876177,-0.05230197804300357,0.32941440309057424,0.2988423684161502,0.38697903040528325,0.16721492732160137,0.18905870716936632,-0.016046296945783838,-0.13026620066989447,-0.13168528992398962,0.0012145323563088333,-0.22837745628705172,-0.08144386579320284,-0.0020887641953027556,0.05161932589067234,0.05436029093519676,0.03804899101123487,-0.06489258714213107,0.03504961355055142,-0.029741887324080587
10007,-0.010153457646298766,0.09482166001137274,0.41058080545215747,0.32084348692582226,-0.06167987272836299,0.010530957602283383,0.24070981106323136,0.04252786902826492,0.3415890612432995,-0.018802345077696014,-0.05713483027690546,0.3308583896607653,-0.129488393073771,0.27732239745327747,-0.0948636858650436,0.17279344203690977,0.3121052438817,-0.0629674072993386,-0.12186242764468135,0.04037838793648155,0.09728571519088074,0.23949140668626323,-0.17899966038897816,-0.3908828481141169,-0.09781344886714548,-0.258871709209859,0.3041912302977115,0.019294626894304206,0.014225187553707035,-0.0534832576647546,0.05063958023340734,0.23732578877246466
5997,-0.0188877661043095,-0.3273380534069122,-0.020119199828044346,-0.0860516583025504,0.16151632133626898,-0.17053011072557378,-0.10502577657892588,0.12494220778538198,-0.20168951714966946,-0.08999415896190734,-0.021519580988642453,0.06935130700768835,-0.30311266512137425,-0.048269207441428076,-0.050401281822009154,-0.1723595941088372,-0.23912799905826462,0.010356950241388479,0.11620857648013655,0.21366363293865456,-0.12031282854658215,0.1343719150928152,-0.06779302226807213,0.06753140189210209,-0.0648374160627893,-0.13902636915472366,0.02749024528075291,0.15477793180564348,0.02342189232230935,0.17111364363415857,0.2441265124671024,-0.030528619470682576
55324,-0.36954064296356715,-0.004613230518844904,0.14544429508009868,-0.09645985379318171,0.15648837096440954,0.36052596163607853,-0.12589894323945716,-0.17642814278341276,-0.21632960885078623,-0.2601445422526971,-0.18256253512443132,-0.20257017450055076,0.027426237182241197,0.19293629561685882,-0.1077889153277228,-0.07990342613393575,0.16623703988228208,-0.08959641525489423,0.345481891771411,0.1865953908539691,0.10065602683006727,0.051261918443092476,-0.20502701356667521,-0.1247957759352019,-0.11031620997281388,-0.14262308767740806,-0.0983175807845302,-0.11339529878763838,0.32403369885510946,0.18487542409374189,-0.2144285463648729,-0.2577616120381655
10915,-0.12151039499799218,0.52433975045198,-0.267375233814157,0.5479429168748382,-0.28135470044077043,0.18140929424196556,-0.14780705885962708,0.040023553053075124,0.08684386126626797,0.20924152553692366,-0.03326585162708486,0.32366877892803214,-0.0740691220611202,-0.2419466036018442,0.2302255404867972,-0.16267484543310098,-0.23486820907980938,0.2638209977611598,0.06025841931522314,-0.24035273338456048,-0.005801076130765462,-0.31568883599220715,-0.10007367342647072,-0.06193137136641496,-0.152799937707906,-0.10365083444995675,0.04677461379555814,0.15313135692551774,-0.08263748034778473,-0.34868527479560624,-0.1576212542893114,-0.02283196898168145
7398,-0.07976353484054399,0.18868460989563168,-0.013317002828964475,-0.12060381346460117,-0.011233386594526749,-0.21890347336868418,0.09277172596808507,-0.0789378787747625,0.08108653735604406,0.2359610268679619,-0.5592866665632849,-0.22314567104946936,-0.1375243397303379,0.367368037811223,0.005322349903972376,0.24317756622117287,-0.09316351225959195,-0.09027881773404922,-0.11476566578371139,0.3154177547125554,-0.362193406450734,-0.3407092843576055,0.061506281333483334,-0.045351533416747955,0.01396679814664428,0.00924718874156142,0.1461879627008476,0.32884845546091973,-0.05488263475798197,-0.1778598786625374,0.1515071138200415,0.26452655353156806
9817,-0.23861676295759188,0.284419545318515,-0.05998991157371981,0.5478140565809626,0.20566636108859002,0.0407213387820884,-0.01024274957125675,0.219153660063467,0.18371315730166016,0.19299185894404863,0.001358769906765051,-0.27419333929315554,-0.006464910055235861,0.10951597717813706,0.3427402382233342,-0.0694208201772875,-0.0682686806291829,-0.17396603007623263,-0.05748699751425469,-0.1797561161936112,0.16992730875726897,-0.03409814681112978,-0.0805643933657513,-0.2786751038075569,-0.056797879043108665,-0.12676812741867402,0.030581359164138646,0.23089780245213345,0.0167226039490811,0.06287945918560818,-0.2730616166464997,0.1856056172764948
7994,-0.01839792282134995,0.12047053186828612,-0.043353776441507764,-0.02373239761354806,-0.16916445072263495,-0.1757761772467138,-0.07047044786955135,-0.1419432556224308,0.005275999991054284,0.031969341407699185,-0.1783675744198501,0.025144960751839758,-0.2030042772667653,-0.06024315279458772,0.08194789615184718,-0.16500555167488784,0.09776110402606308,-0.2414433626287693,0.012099120054092867,0.14236667661546296,0.09065349211903748,0.0600480360645598,0.04399467504733663,-0.13141892977089914,0.002182960949863141,0.08117147930162398,0.03680975551950116,-0.07346032883070301,0.1204721626058708,0.13217483220278028,0.20453898261977216,-0.04102696128335361
25874,-0.0331266516055262,-0.09693186309621415,-0.0023105597012593377,0.07357143294983803,-0.261999940749756,0.15593496912435315,-0.1264713742271667,0.08949722785529238,0.2773245912569863,0.1915480373542882,0.17942761167947024,0.16017240268278202,0.04894092316370673,-0.09728192724197554,-0.09866828992264873,-0.03347599187781313,0.3411958208148026,0.15746414808527995,0.48426721135683715,-0.1301206188232364,0.1542375926961652,0.015624192572314904,0.20767954017350318,-0.08303631390081183,0.2607528484237691,-0.24354143590447253,0.03155692148250689,-0.08028719576129803,0.20768035559587966,0.1291891997510572,-0.09253970131273907,-0.07239494692898508
4609,-0.23460737379262145,-0.4698613651077741,0.3350997480597917,0.26219571423133886,-0.7845414513333112,0.8508409883783696,0.4138771626308257,0.46247475657085785,-0.34805260150238276,-0.15131169013032084,-0.3040545703848994,0.3367911225567082,0.22152909272082158,-0.016670251352914583,-0.12280893425263165,0.5044247561190325,-0.5293463915553894,-0.41838193221230785,0.3233475332815008,-0.2069371847683495,-0.06001997674803465,-0.17435519160219645,-0.027024027746593668,0.20493407544503914,-0.004681336880310263,0.20897098072683487,0.10905319253256437,-0.10431630843146394,-0.11346190684949768,-0.23308361064503885,-0.6240755036477916,-0.16113698891438438
10237,-0.06445525943611333,0.15655132407634864,-0.302944975254146,0.10200261775125152,0.05135137792723381,-0.09321669812007588,-0.34448145907011485,0.13235354263215093,0.00251049487657674,-0.1335426986583958,-0.14088469118758115,-0.07442454216585057,0.3656565265476447,0.23631596692617132,0.12252263318495935,-0.3734361364564624,-0.03457613432262056,0.3679787073518591,0.002594585213750908,-0.12126387256434816,0.1425260337942831,-0.19137852587701074,-0.1915919446994466,0.2351631355411665,0.10472553206105602,-0.04088653214622629,-0.2112539366506143,-0.17092955029717832,-0.2512252143199205,-0.012654516164665397,0.06383983495819057,0.04092292993423488
5359,-0.2653485161980116,0.16155733124597818,0.032963267815471785,0.09443444287733935,-0.08981163308716245,0.02328250104144687,-0.10858535468512323,0.11185220837380574,-0.22840221026098045,-0.056278711054855296,0.08442323970716431,-0.09685520905675998,0.07231839917197103,-0.1383520001797279,0.037181159606438294,-0.03067708778815079,-0.15888594720080293,-0.06335810639819169,-0.026855014129841998,-0.0822091186507208,-0.14155627761701037,0.04768024493811634,-0.016602284522809332,-0.15646561003678763,0.019478377499449213,-0.10021271220406557,-0.1891050880350496,0.20959944258458346,0.05766181113175138,0.05380902228758638,0.01667011445978642,-0.034708735800533554
1666,0.02042799104955929,0.14673018131234467,-0.03186748234431844,0.397225765074899,-0.27514200165869906,-0.019554044414761947,-0.14683860543302119,-0.17400466202314804,-0.00844808406515383,-0.14650194775930067,0.17130591365977318,0.09431461172951704,-0.1986203589244958,-0.12185410069087263,0.15307751112772466,-0.003955604356891541,0.03193715557988393,0.1816515171171502,-0.1911491862624086,0.28410436073802575,-0.12359631563570107,0.04130461505130484,-0.13362270273757706,-0.1771104827118053,-0.07298961994578419,-0.07041147715597866,0.09625798066963483,-0.19317581181010285,-0.16195116626473408,0.21522046105138945,0.004057686439744471,0.09238438332104566
2065,0.12383690625913298,0.003923315869230821,-0.02104530661043933,0.02104700194794531,-0.009464199083550628,-0.051820713335619634,-0.2176772005732263,0.04335264815972992,-0.09861792919698661,0.1338147548913019,-0.0007317191071934607,0.06632645075898945,0.4448009212993316,-0.0026732163170667825,-0.15398407092570057,-0.22815740604302234,0.24966246224255265,0.05932403218900505,-0.07757494956833834,0.2751737178138801,-0.1575743913753996,0.17832937677968294,-0.11040686501932595,0.32162868211970175,0.372368416189876,-0.00901564524919529,0.01190811617531266,0.07100611945737204,-0.10442781303646571,-0.19451641351568752,-0.2044482046837415,-0.15003967500658782
11098,-0.20736942337469103,-0.06357581898817324,-0.17780773055347596,0.4643712178488541,-0.3956495995211256,0.12226177815504105,-0.296944794302568,0.5238309128855219,-0.044519656426229494,0.1634156388269711,0.20450473271022349,-0.9422486399769644,-0.597602042326077,0.023850002868519907,-0.18904072689743734,0.6747992935347121,-0.1069953040512824,-0.2634989125382614,0.26824029482454165,-0.18168961209088197,-0.2518109627636796,-0.18330605964700658,0.1257030038056878,-0.09998380802841748,0.519504844553485,-0.0694730365431998,-0.5464850829324397,0.02059009384853811,-0.48561506410426564,-0.08568338364064022,-0.2125490480665854,-0.025002984601372152
11044,-0.06027457437159897,-0.002060373264858093,0.12367027511059563,0.0008705781521241012,-0.05148035684375925,-0.09641193288394542,-0.07978695182119067,-0.10039694380153927,0.044505525853840815,0.28690423662539044,-0.16773006980507044,-0.03790670944275103,0.02245716865617211,-0.03965474999369411,-0.015335350738995602,-0.05695676076494832,-0.03244868975300444,-0.09953507303655607,0.19338886002683223,-0.06133560953453704,0.07409079513445464,0.2707725998878322,-0.05808043606303809,0.14632475096516695,0.18304189933808895,-0.25482672657671546,-0.2837921194833764,-0.12259567797149075,-0.05409700254919171,-0.3213735483604659,-0.09882638513672899,0.1157067951937097
8727,0.08827449953074809,0.01953162332157205,-0.02713044904778534,-0.05119083464231482,-0.0689398416918548,-0.10365794878737351,0.09520968202533638,0.057111823050382295,0.06296660081651613,0.03650592449689982,-0.13783833045124147,-0.10648571819761248,-0.07378367671108355,-0.10306336840756661,-0.12999422115703677,-0.012479418555337315,-0.1056381726921369,0.040111974136293804,-0.04529860938759507,-0.005749193899178184,0.03079393036825038,-0.10569831976486668,0.06201110890052309,0.005573607858916076,-0.17843683176533243,0.10457330283395042,0.07947558579205977,-0.08480717819905387,-0.011385966674915841,0.032457326476762347,-0.10845769827340299,-0.06475991767126314
8518,-0.21237137677165732,-0.2058666199304124,-0.06134588480718073,0.07874547965295622,0.04376180683543552,0.17839505459483476,0.05141964707556922,-0.027974573563012015,-0.0663883020725583,-0.06570399982279014,0.3118758061172083,-0.29101309073047854,0.0015447318032497173,0.2318198125987153,-0.180437524559105,0.026944057959665327,0.13795851236551185,-0.11310625777971611,-0.11447342792009145,0.08574115032086801,0.09144006296031629,0.03773435067128464,0.18804394376718597,-0.1636002556007596,-0.18613601781125083,-0.04443446701482161,-0.050428810357377694,-0.10475276824958835,0.1004757621154865,0.14463146601592405,-0.17148493563596315,-0.05687118714719821
10450,0.05831826572705544,-0.051761992542668805,-0.07995602297702833,-0.0176278896400497,0.23158896764731302,0.0672072700765238,0.096839376982601,0.03494850273437024,-0.40362753540163193,-0.24908032525551135,-0.0399787143966878,-0.22754342375142336,-0.024749389024175852,0.051466485690584284,-0.26459794637102463,-0.060762476583875125,-0.21247989054696256,-0.23410633375025872,-0.15739196691070226,-0.05964438608681658,0.31991906265634557,0.19058511813341322,0.15163824319351737,0.018638320337066052,-0.3208360822944474,-0.09761808680449391,0.060052006729433303,-0.05692319761676841,0.04207547515854059,0.26578982602188556,0.04180415864030102,-0.08954658869694916
3300,-0.0764886843264208,0.199488568124327,-0.05240960610407568,0.3079722323310156,-0.24682001661191674,0.22561115703038662,0.031861593964373686,-0.07098397024472569,-0.14033713503515427,0.06638267784862063,-0.03408272936281084,-0.054245284164382866,0.22834112278466626,0.17899421199037216,0.1920271334547518,-0.1659114708172122,0.07097084859486316,0.03331985021445239,0.20279132487473742,-0.013925961973309114,0.11621300615905904,-0.19376655665199732,-0.13030776937500993,0.15256675269066305,-0.043169995938209145,-0.21071966238385845,0.1735810356197487,-0.17433404059449512,-0.25406994833982766,-0.06577017835708056,0.0386593914763301,-0.08786913446384177
6616,0.0395265101226284,-0.0033523731899608843,-0.029584349087248538,-0.00521879137436858,-0.013918226328498227,0.05213840245127729,-0.027448383656561944,-0.004820665779682502,0.02705439366351154,0.007571854454662358,-0.009965814259932846,0.04369702096344011,0.007226421235210648,0.051235505054525066,0.13828683421877483,0.017527649259917625,-0.16255662893692324,0.1176858185090154,0.09913029404183503,-0.09889729526505546,0.013488578411674506,-0.08753666470814238,0.015369916895907413,0.019588976320516684,-0.11256375447486891,0.09292304627797122,0.16194867024546158,0.16137766372468546,0.03537738700267269,0.07031068886409926,-0.006467666000528773,-0.030815705443923567
9275,0.11189010596294649,0.07115506094612405,0.1653466625435688,-0.21457651278280818,0.08473469621772044,-0.20300694976824482,-0.13140287813001097,-0.010540066915906568,0.18760770045549463,0.20190631031395628,-0.11723081385673492,-0.009239933606242371,0.26295870152132395,0.11378192802386768,0.3109500100224356,-0.30974241724735685,-0.27302002198172065,-0.18169456858937402,-0.09268248040524812,-0.15732309321780702,0.04618893371423258,-0.07171563533649421,-0.0747526406177341,0.008066817565063528,-0.004256631736340385,-0.19524289465757655,-0.16518761882956665,-0.008790352162994156,0.09890827994307039,0.014747112548530544,-0.01013726117261765,-0.013676088336634582
2582,0.0736264103056882,-0.09580885410456517,0.10276859711418712,-0.40890853465043453,-0.21767479149401142,0.3055378292119605,0.03341560773356425,0.03789061865091743,0.2458239478598821,0.021177285706499745,-0.3684475407788527,0.13209557877346306,-0.1492001978397841,-0.3995183591062957,0.14522055988573745,-0.006907312829961011,0.319781425141639,0.00021115867009669417,-0.34937639533559944,-0.06079003359736382,0.3333876485535424,-0.23607140936423934,-0.044768614850608006,-0.18780870881512837,0.08265778706362548,-0.3177966141977185,-0.08199258604457516,-0.24342163814578974,0.2139872870030136,-0.13974592062660032,-0.014412770209946933,-0.19117623921155114
3156,-0.017758251191271886,-0.3769081002872833,-0.01846941936335405,-0.0037435590402240186,0.05481443292708571,-0.07824901728073923,0.2958624317206194,-0.1972960976957552,0.3079658610958439,-0.0022486417783530617,0.017838557186809687,-0.23428552325168245,0.08439151476040127,-0.048797933942181,0.23558376082175442,0.10710842177485926,0.12459515279363277,0.45318487888875847,0.2105109386744659,0.2745906516746744,-0.0465471848128875,-0.02412558257554996,-0.09508497463757824,-0.06745902749907093,0.004685633736618775,-0.12148736882678722,-0.0012297709910194475,0.06299612298461489,-0.16118163053521203,-0.007055058728496534,-0.12033027288590885,0.1947791760927966
5580,-0.1393632481446699,-0.04518903427537599,-0.1253427319235703,-0.03509594689493979,0.06104950057405389,-0.009147363219211294,0.31974781749174863,0.07820214432419391,-0.10606077029844736,-0.582230405410555,-0.20248877829750694,0.18437033029878694,0.001635401048997559,0.012035536332410628,-0.37690859353055833,0.1553307409575557,-0.3908777560858162,-0.07530292991846205,0.14421878083753178,-0.060078633067182016,0.2141196305806687,-0.0006356291160021398,-0.007168764050364286,-0.39559094679879725,0.1189504015628567,-0.10661785801705358,0.17019015997192552,-0.10926293609030652,-0.19631924017580044,0.015568682593501419,0.25088671604315893,0.028366959071986105
9217,-0.23033987919113136,0.23363899767522525,0.16701758733742733,0.005522996546958503,0.1885975108090541,0.08668370108595096,0.13365550656282865,-0.1575205398312795,-0.008312777611223466,0.038143607213653015,0.38651763875712497,-0.2604139779022824,0.008183356701265862,-0.036889300566875304,-0.0493567932309324,-0.18824058648468642,0.2763698924670837,-0.04427909659440868,0.04307304476976216,-0.21435741931021826,-0.09802875462458815,0.018281616210328536,0.00048412585139748877,0.14330200598786755,-0.09557770912308895,-0.16036062153326563,-0.15953637712768812,-0.1335461042927016,0.012351825519007716,-0.053859288775337084,-0.05338958206803732,-0.031598137221302176
4638,0.0022135575550743815,0.07195453475611506,0.005253373901218444,-0.05741030344789045,0.01668251998402782,-0.034783378856863265,-0.01797326520678686,-0.005939175076682904,0.008190867713954943,-0.014621515488766548,0.006722327973905163,-0.03398426408398888,0.10925169349410778,0.13170910578146588,-0.03215205359772685,-0.006401012411154448,-0.06584321426314317,-0.006024241255372508,-0.041803023149526296,-0.05766150072275426,-0.11333709949983506,-0.025696280653981187,0.0215668987299832,-0.10712762635538255,0.012119442230903969,0.07670082010989566,-0.015314786715800204,-0.04246226744204655,-0.030524921731976837,0.05376894671515369,0.17181453052165774,-0.08709869117152523
6284,0.015271455237738972,0.1917762050549586,-0.27365573101899354,0.19699873986551916,0.30125004015308376,0.2191763502133815,-0.02660598557953797,-0.06911683664725653,-0.04622422853424439,-0.12928152619454397,0.133602282154762,0.03897339802096183,0.0674679698746373,-0.14440381489200513,0.05727438404957582,-0.3812500594210834,0.03405870850366304,-0.11843239449831126,-0.1936060049454578,-0.23446538445915094,-0.02393525193765839,-0.39426763439594464,0.147193192938273,-0.16678526583185918,0.11703497358915257,-0.12970470591172553,0.04555275341503853,-0.19956132588177233,-0.14963773618715043,-0.173885754294772,-0.25854886060192117,-0.08849486129541015
8204,0.06781822653825187,-0.13887673437687437,0.1776400713834744,-0.17797169748714217,-0.2062693165016487,-0.23871070466847555,0.11317483386690406,0.01711344280317035,0.07751537160407389,-0.12848678288131987,-0.2173304586872428,-0.13604697527309992,0.10375715055116652,-0.06851681062467131,-0.27927070047234615,-0.16316808307125263,-0.1870261616974334,-0.11260401240865879,-0.07807813041709367,0.04832646934919699,-0.21839515703762669,0.2695941382382494,0.11513743217392823,-0.008730029718987262,-0.2797422039091535,0.40730449961346143,-0.33250415526738536,-0.19811030848153133,-0.5085827888804053,0.2844644269208961,-0.12781969951342698,0.06547301720387218
27336,0.16477462082590494,0.2144829323319545,-0.4222281856638502,0.15028206689819967,0.10612037141292803,0.024083168248880897,-0.1244504656319393,-0.013109009333831785,0.07913455154300858,0.01501814163985215,0.0025115679515264923,0.253601068204757,-0.16073971253719593,-0.3456917419718774,-0.0340778483517702,-0.136629096058825,-0.11974791523461255,-0.09617575622702815,0.16282979382205573,0.1947491622828531,0.07244583294408197,-0.033725450883636564,-0.16765827102368533,0.09806493324678157,0.05630514285726299,0.32624184710780835,-0.11085505545688197,-0.02354466394676495,-0.23160051897182984,0.04981646713525582,0.0629310493153043,0.2773661544756578
102,-0.036269163384870816,0.07940878730253302,-0.01954700104564636,0.01542933661776767,-0.029661509881694633,0.05555670627363332,-0.03160529838027062,-0.13502604044526362,-0.08588320554398482,-0.024444724273657834,0.225772573752133,-0.019259609769064625,-0.0752696559777978,-0.04552539072008243,-0.03196200478310366,-0.06906445145329942,0.09088249347486324,-0.17520945521600134,0.09296802129003034,0.07212014989068781,0.04267630022352177,-0.08374526372395177,0.024247491103720147,0.014249081900183144,0.022979499511703513,0.05744047353524172,0.05689539525034727,-0.08800650926947856,0.06186976998319632,0.08223067664922484,0.1259948012270144,0.09471007420189331
55837,-0.08990853849351964,0.12741822875726522,0.08464056360969237,0.07122308473048299,-0.027206947517849082,0.08382155308522345,-0.0988531832944658,-0.04018336018537163,-0.12468488969758049,0.06536843609448553,-0.15623796558933037,0.07633583056715289,0.09597440331692103,-0.08850085414913467,0.06432357445771404,0.0765976417042063,-0.009355366688838934,0.02017987549219019,-0.10437713864090459,0.04587741607836322,-0.02515809093984217,-0.007206911612142551,-0.04051551235710049,0.08430068717507194,-0.0761181790309678,0.029761801143478272,0.2273733313106574,-0.008525570304720311,-0.15946294219536808,0.16536117662791547,0.08739139511271982,0.07128608414437294
5054,-0.1440754869640197,0.0936072765456506,0.051905876927283795,-0.10909089001649105,-0.025732547922861213,0.21399365086624286,-0.1392301885022934,-0.1488061492673606,0.006181638995856831,0.2087277987176342,-0.02266154950264306,-0.0317583664102848,0.03290216896870495,-0.025818942107102172,0.07100415823119405,-0.21198020089991462,-0.21066601429515772,-0.1981617616573593,0.07605380044031886,-0.14378423587261135,-0.1405381641496759,0.022823492900864273,0.28399239293756223,0.14245713971195997,-0.10221709820206262,0.016303570544172006,0.15483779562941216,-0.1002087171509664,-0.09045022605160928,-0.18638580086687612,-0.011775871794363972,-0.07381493497403956
10513,0.006831411704773949,0.0791970521370606,-0.12255023432041086,-0.005075081786947928,0.3278953259403219,-0.845105875059606,-0.6578045293260252,0.21690461955130771,0.4358552405364866,0.046238925586978286,0.4482578030166322,0.2903854438954985,-0.13094444635681823,-0.0928831538457378,0.06660948319877329,0.17960346458544435,0.0058563526119396,0.24292663782600443,0.16783212686672067,0.038289508830098684,0.11947354588779253,-0.09735496404817583,0.2176829178423097,-0.12922233345047346,-0.0681182319726949,0.06375373162532952,0.25942834268607534,0.14975922182304507,-0.00880136033539989,0.024249522489741056,-0.1873886477122923,-0.2866571900471195
11073,-0.16586158009862279,0.1841796385177033,0.016964423110473293,-0.04953591230720717,0.08841036528451966,-0.05333602911836025,0.24062532456764002,0.02398787746218792,-0.04284130080005055,0.15561198604147872,0.17852064474947107,0.23107571963277307,0.04790388321802877,-0.18287733713354362,0.057395688703825117,0.2719673430154388,-0.40999343648442066,-0.010992507231120592,0.1449819428019852,-0.027004467970460647,-0.01888514726625737,-0.06736896430014896,-0.3429078247561681,0.2336993572404312,-0.061059012910299956,0.1166368161546108,-0.06154405250198774,-0.37953253158890443,-0.002691024538475515,0.23437760530461157,-0.11479811528952144,0.051670165509771444
5440,0.03180320087060359,0.3126022086932127,0.03897884438384421,-0.019253415265188402,0.04015303420665999,0.04838331552440604,0.3474967204538383,0.06449855058142802,-0.06259495607161036,-0.0660444042914608,-0.20889606966234717,0.07868660162087719,0.09205253023849484,0.18651067607749916,-0.12697534802990496,0.10299955716222475,0.058370355242030846,0.21595154755760979,-0.08120363939348887,0.35499404585928207,0.1289018119909729,0.1696279655359524,-0.07428093688720604,0.346300578779739,-0.43857984772232395,-0.29145142533615187,-0.16678922085430653,0.09991943011553073,0.0012440972876074567,-0.16492954898429507,-0.3575685659854669,0.0689831789624459
3383,0.019519357887749212,-0.03831620233608634,0.012386153901800541,-0.004747884724159803,0.12758695482069363,0.09649088839662875,0.01836491346466174,0.1437748450598782,-0.09196639118745181,0.02282738800778126,-0.009779156356446637,0.03201884584118444,0.13479675934165655,0.08042157883825912,-0.001008061963230861,0.07736332805684182,0.03033321648822682,0.06663731876270788,-0.06462981768233664,0.24437836325417572,0.06129812083758476,0.05067621161259978,-0.018669782137816938,-0.09852858629856452,-0.17795721445150178,-0.08897889927564287,-0.09420543746727439,-0.07654337054688966,-0.01162130155511583,0.00017826960261835365,-0.06638212682269382,0.020557152745038172
4893,-0.016588074037245902,0.22369770498201041,-0.30627505239285063,0.4369799307149094,0.2688118701288737,0.07580323450157778,0.8573071178178024,-0.2087052027028808,-0.4466285246339261,0.07505309643791024,-0.14426166844922714,-0.044419998247031627,0.45644692541272336,0.43744970560643354,0.3030544412304904,0.256926573741745,0.3473323393141005,0.07859126680205684,-0.4938294181143521,-0.18482769504690644,0.11284137489462971,0.11518190005954682,-0.0774038465356274,-0.016399400823672708,-0.10656416802834165,0.1902054248062876,0.3022044350351378,0.11408009157501864,0.19728641135230318,0.17408730170430817,0.41255619043014885,-0.12477041948588784
9926,0.11035232191113403,-0.035233951409942996,-0.5555679088278397,0.9252761694953098,-0.22276225935048383,-0.35518115346462065,-0.2214643048497563,-0.22948882653838573,-0.01888519848658002,0.010434123008196277,-0.06706311370487608,-0.11342178623098707,-0.2327372246196568,0.4074502760261035,0.024347612310119237,0.13258191274941322,0.06002431884379174,0.14222691026212742,-0.2296403896616423,0.11105852498623116,-0.2581751044144061,-0.19653648592075834,0.12986426964756598,0.2963181082633432,-0.02416892852116052,0.009082246586785447,0.37343799290245433,-0.02172893552015749,-0.1463134346922804,-0.39242058306879807,0.22405938206084927,-0.07655114669480553
5699,0.19105244942413424,-0.06309988271189346,-0.0603316630385674,0.185588554809649,-0.09839640532664552,-0.09452802413523308,-0.22590699198455025,0.19771842065226314,0.11899635086184346,-0.2728317754726087,-0.12786186110324238,-0.14182722165618045,-0.062293395526498936,-0.04876160365569675,0.043333591778382266,0.2035842274914399,-0.3361088410552408,0.09144760472731303,0.06424885631410596,0.07320319053363775,-0.18531934510802012,0.09842525511867817,0.09875883200635435,0.003894410029148837,-0.10951945253892761,0.2007796095016467,-0.05996800166390241,0.011265723119486617,0.0617110479279235,-0.27888041854956286,0.12112657354506075,-0.12642093319108283
6390,0.1300041517215483,-0.023062242965167453,0.34463653262034655,-0.04928059484555912,-0.07363992421500289,-0.18350183207622212,0.14757126436851067,-0.21922598438979687,-0.2242598511491043,-0.13355462799843537,0.16214733577540238,0.16277869549271864,-0.16538223777484437,0.2195746477916101,-0.2954715525413346,0.19641550179451317,-0.12665163157222317,-0.268662999681446,0.0012924860338184626,0.11741793610448847,0.3360424227511625,-0.23166309120783846,-0.03087041666096588,0.05770913431385361,0.18889963750400568,0.1422101394424069,-0.22589493653027679,-0.08038491762484397,0.2882475013136301,0.37970736422761264,-0.1086850892218409,0.044553258762577166
5921,0.05943278269706802,0.05588017999720807,0.12001726639005497,-0.11697604855492984,-0.07854656981973392,-0.20644360311214485,0.15940585113693675,-0.08565479731645675,0.07367917387126621,0.08013718824927131,-0.13634988018176433,-0.04997810149510213,0.09234622206572407,-0.15900828788659802,0.08763763267980033,-0.019566775766926895,0.0009221512725340453,0.18839362751240596,-0.0664566924252262,-0.14761503107108143,-0.015372785761016028,0.09285697907357839,-0.00598131663987856,0.16287752826294571,0.08472231557558645,-0.04633798731513692,0.13884500647836795,0.22220345571217764,-0.08643454235958156,-0.15889170736953012,-0.21674471346367996,-0.29142478101207586
2958,0.12352867203196186,-0.017197314325607678,0.02428623458446014,-0.08023916157157505,0.0593963125196854,0.14662093607011054,-0.15607683481774692,0.18118856443676754,0.16805672921650044,-0.08961749032703173,0.13002644654554596,-0.10315677904013133,-0.053797260636855124,-0.07946203560045335,-0.1063449657267485,-0.23751840386816328,-0.44393887778209284,0.09559657017479144,0.015409016848639906,-0.09145930401991023,-0.18481617337735642,0.11632848187410959,0.12845910953345588,0.11857086860838582,-0.2448912069531353,-0.0063545787899173525,-0.07299949392285088,0.013135430066240876,-0.0011563584900439322,0.09290769726655383,0.01783789885506483,0.062012884847469064
4864,-0.12235932069811324,0.14969882891821923,0.006173853142869151,0.07184470183257473,0.19482852027047348,0.22219474487067922,0.24800299907046264,-0.11823129756290891,0.11981198602119389,0.1618905375933009,-0.10593379549005977,0.08917514940735026,-0.23951315508954846,0.29379741697474593,0.17933688419757654,-0.12423380319210137,-0.1600014298851724,-0.3208714859966699,-0.3453695888303511,0.5185277719706635,-0.14699072296007176,-0.004074680317502426,-0.2821577659336131,-0.08353081542402155,-0.13419299263373724,0.42853516448628265,-0.17965062855647523,-0.11396594357716744,-0.1310200829053898,-0.2843025765283962,0.023233555746439597,0.04709759776493214
2961,0.2092042831724684,0.06928280409535144,-0.18112456747215827,0.2449884373984833,-0.15455097255427833,0.0511547239204251,0.11954666767777138,0.13025502719351448,0.2125637476100572,0.17771597636364114,-0.12235071118049541,0.17893230751173395,-0.18646646438052789,-0.21864675863081362,0.008661921975307026,0.1491882981526749,0.06155674364847569,-0.16140619510174312,-0.0005993393183357831,-0.0777427752847895,0.3379714868521473,-0.037951883132238635,-0.31139720183667186,0.1057180171850631,0.2065399922942913,-0.24132448500965661,-0.30245388088945213,-0.31884623863846895,-0.07097784201863519,-0.03729417873855877,-0.14543761827487603,0.045868133574488615
8731,-0.4775030057898959,-0.17140182943729926,0.15277403334555523,0.06327832114296542,0.25605296337108846,-0.440844354968343,0.05334217267079018,0.1426557934209236,-0.21295585022183547,0.5307995340904629,-0.215241011010215,0.1290532619558837,0.06915728311399422,-0.0401840688977153,0.3332511597691749,0.43385670417250954,-0.08061834695120342,0.4929067929083792,-0.09801512937945484,-0.2379630151483458,0.20213260758809246,0.10087296928149947,-0.16705808582902337,0.04790647872359225,-0.04930658901119399,0.00426279609010321,0.10027449432288572,0.2909071317904004,0.11742652395981969,-0.22643999468017278,0.06731798321917706,-0.05610789957562846
29890,-0.0123036099069449,-0.2106406551649992,0.017262001155202822,-0.17040218681904704,0.057249812039097056,-0.20060531312469,-0.16715423796924517,0.3280418521120181,-0.09181718101556227,-0.05084395271085925,-0.15649084870580918,0.09012831677066832,-0.038750038792198294,-0.012006379680573363,0.0349439137509467,0.007429239281282795,-0.0013332585189067738,-0.06823512432052091,0.08396981633572664,-0.05179302747915671,0.1475655807903205,-0.06460599502069052,0.015314749177833443,-0.06310356089270815,0.06731870911599272,0.09609430458327212,-0.5195761105739415,-0.07325664746336366,0.22658395726318126,-0.1871104742825941,-0.11798565703431284,0.0925812521209812
9943,-0.1526028721939219,-0.08677573762507673,0.0886155416183905,0.04444225785761504,-0.08020364529108862,-0.2040157837647164,-0.0722583106018019,-0.05276028628673177,0.08558664147903305,-0.7192003052479056,0.21107279788829156,-0.3888462381901944,-0.26000719872810546,-0.3212821458692958,0.22430154094775556,-0.06866586719935452,0.05346895126768129,-0.06807549350709213,0.20215613648033512,-0.07065036947238537,0.3410939997297299,-0.2022258964824466,0.11799762723624706,0.0006708434692246351,0.19759329289108507,0.13527322849062076,-0.07962527425820802,-0.03689259470922198,-0.08099227071333129,-0.20563273015666808,0.44832228436959337,0.11718904044810877
8446,-0.1470031823455741,-0.01773023480751509,-0.275460243431692,0.0026448156300119103,-0.057150190686633656,0.11531660368533339,-0.02574462019958222,0.1744374190645562,0.14541069666860013,0.10949282986685256,0.061122109075107865,0.09855021489357245,0.06488324368956506,0.16169137900684868,-0.18944031551229334,-0.020952159299274457,0.009405469022072054,0.06651567100999847,0.020194823235282433,0.023302952099594116,-0.03790223069447085,-0.26774027050950605,0.08222656612775758,-0.39461379610925995,0.10673995425268298,-0.034255425571599586,-0.19960031895101246,0.07892356677953981,-0.002519177039010356,0.18152796083763142,0.0289855980856953,-0.16836461542584125
9133,-0.06671274597041922,-0.1380531533277342,0.04154771046865134,-0.05907845379591998,0.2226060467269013,0.019415794320862066,0.021365334601635037,-0.19197553254873959,0.14301915046338418,-0.01644970989435328,0.1441858587475257,0.11662800275579038,0.04227809360109882,0.036743959670418255,-0.08841968905493673,0.17929801189455666,-0.18229266269901487,0.0004031543972267992,-0.09355491758780742,-0.1483567698560326,-0.007057584250384771,-0.20088735345077532,0.0769871204509727,0.19749606053254304,0.13126941059730482,0.15361023536290258,-0.09609677476090905,0.041678391423246614,-0.010568361616000775,0.1464688491220217,0.2056271789188589,0.0903218649078796
8349,0.13340546952830504,-0.29156241009999984,0.30146011855614,0.19347500023877262,-0.2861781256191371,-0.20362394095644507,-0.28398194793639764,-0.06242612020579008,-0.044066836146626286,-0.2672380926866913,-0.17939835134373375,-0.09573832897512291,-0.2050755474770579,0.37868115839852107,0.0891864119384717,-0.2775468605967725,0.23533800363031837,0.09352903286736869,-0.03097148463923752,0.05356130669689603,-0.40792171367001695,0.1043973421926712,-0.1951929700599869,-0.3194426783113459,-0.0097599718953903,0.19273269927890616,0.059670380467247645,-0.1421235723112313,-0.10225323798054002,-0.15050187249004904,-0.35000411874225773,-0.30648590303293227
5770,-0.13668529001135743,0.08491377199367157,-0.1075962786917267,0.1679927075861711,0.28758913836834704,0.1473618563209853,-0.019773484644423214,0.2551937106775446,0.08722359340889344,0.11956598152175661,0.02080993059697285,-0.21673614457701643,0.02326151740490288,-0.15293021520193179,0.17608087273075698,-0.14171338975433323,-0.13558175725864696,-0.09486456531423006,-0.1004913141354004,-0.08637993707835452,0.26140555586006153,-0.21079673805191376,0.16541589266174242,0.2987479070625747,0.3574498637228562,-0.1874998672667323,-0.1308074174476564,-0.14669272724518112,0.1246780732722581,-0.37892317433160555,-0.03202269611681904,-0.0443887423925651
26136,0.005654278988471189,0.0012135987384698206,-0.14970227965650165,0.02962623483508196,-0.02254450169608439,0.05268462196483163,0.013132107496090681,-0.0702239262767432,-0.054135764392745846,-0.1384157640893572,0.09171126701287277,0.08171473447497683,-0.19070286979155052,0.017139763057029637,-0.17693662869917587,0.1531781954669893,-0.13581604630947017,-0.16999558503206105,-0.018562172006174573,-0.029010263656326713,0.016963810887972105,-0.04948091504996442,0.18603113287625747,0.03309602351150007,-0.033907083148967856,0.36533412694697026,-0.06648841678171606,-0.02274884914229939,-0.07474575949108855,-0.05656190451050687,0.010685877373050474,0.15528301053905358
2673,-0.009308015068656405,0.0124267211414117,-0.3826818479006647,0.0209098763444431,0.05983175881638148,0.11928660577611103,0.14822493263320832,-0.10408890783750352,0.29869253332125595,0.043309835284477904,-0.10099605063182818,0.39451530526526235,-0.22924510604516676,0.06018209259222885,0.2413899387362047,-0.10869988510028579,-0.027484857165147588,-0.25059289552426905,0.029285042232904977,-0.09697247573383998,-0.12508044863248383,-0.0761578624430018,-0.20690689399195264,-0.14119627635233648,0.03848542815656762,0.07704915265669039,-0.02691240519401235,-0.05896882079786389,0.21377694056555038,-0.20790581562666482,-0.1898023877953922,0.06029484397966587
3978,0.19225976829777436,-0.015633595436705665,0.23123840834826453,-0.21343091125102864,-0.07939285150655069,0.03616755892076674,-0.2071554941286489,-0.39711698095225945,-0.05412242343222221,-0.037203512442143,-0.0032578206565379874,-0.0518270834992178,0.005020412562600276,0.2325220399391938,0.033896403566920405,-0.03089652366658639,0.18158350400084422,0.003010242132799195,-0.027328439331463547,0.0034061902336792057,-0.06378075199657342,-0.173406814436223,0.17391643928261394,-0.06663719200345218,-0.059040604817452255,-0.038427222831940354,0.11838786306631073,-0.1434196426371241,-0.02398546288146917,0.14559007793645729,0.03857974467225723,-0.05952173749670322
11142,-0.2870036371479257,0.15468141755804432,-0.09192035620539489,0.12208869189194213,0.23200318318497473,-0.15492705059732736,0.002358907725649716,-0.12123792937476227,-0.22717679382905,-0.0598235294413546,0.15624700080786913,0.21426002782439318,-0.10015362336361638,-0.11600159948227605,-0.05643611915027835,0.14962359282683962,-0.2702349883134374,0.3524328714688373,-0.14547504477556994,0.10349690901165001,-0.0797743362311963,-0.08853395393322579,-0.058092998560129165,0.20096768664708925,0.11658364152445132,0.08983146520911864,-0.04254244316967176,0.28932420347731147,-0.05725824575287579,0.17114015644132205,0.20196784912504306,0.004026359139617486
8974,0.07402795472217974,0.085642410359759,0.025732140217157445,-0.2049471597376005,0.14295072530674607,0.0974084330624479,-0.19447714102844682,0.10713544830719213,0.06110442531938823,-0.1351466172515036,0.00842947909663517,-0.12750430092709478,-0.2447610727870516,0.12993552110663337,-0.16303133679514545,-0.2131955613325828,-0.060998418382731144,-0.1426356883689119,0.12955875936908387,0.21064537175532325,-0.18600446900088174,-0.09078803326572563,0.16716960471473305,0.020642929950619664,0.004761625447852389,-0.06504142147390439,-0.0995717227644814,0.48395783762841693,0.007723926027604646,0.18558137910730982,0.21788939731993937,0.13579206324467563
10682,-0.044757228140260744,-0.2331623370241727,0.14378265992154374,-0.0970682378067919,-0.10800071038657119,-0.27977605021318186,0.46797197904367044,-0.034440455141721615,0.10651038232553842,0.12930606412883744,-0.08803400132260215,-0.3788689787589462,0.22230011246392456,-0.28403244569143093,0.19939362125021112,0.023365537187771047,0.09304492829942451,0.1103730007077789,0.3834694929939264,0.02389309834800632,0.030876659337506836,-0.10439420593033723,-0.07271701499020054,-0.005540237912319162,-0.34608165656496037,0.002052114684135581,-0.08505592938116106,-0.15423510667182588,0.11582783096481018,0.03037874764400331,-0.23804670243135698,-0.07220864991382049
5257,0.22085635002134982,-0.12540836367105482,0.15116506978269406,0.04170250395967493,-0.06695470868520362,0.05974189459259691,-0.004875285542012348,-0.062064356798509294,0.18474067019066448,0.011888797750438473,0.03389488971945478,0.030451224287631893,-0.17187506282923756,0.17770620601613232,0.023709612743532938,0.03207434284747732,0.07896213337669927,0.2761589344758736,0.22684694987454243,-0.019231712206922234,-0.07739598798048547,0.14162956400503662,0.03606726772205802,-0.20191672847154957,0.03904366460710735,-0.23807445505794766,-0.20043571977075947,-0.1549417075714046,0.11651114150010558,-0.04170826102248607,-0.2961035687736814,0.12341320660735809
8503,0.39936154346128094,0.036238643690761296,-0.17225091342090174,-0.16976159068515972,-0.012734313857651133,0.0818219389260289,0.14426941681160504,-0.2794073344213246,0.1702799423627431,-0.23213984972192267,-0.016573997206889915,0.11073876639866545,0.2786968698135582,0.24140168568542092,0.04716353604059702,-0.0835784949089537,0.03170471482134956,-0.4509144908778038,-0.06464451402272846,0.3825833509160148,-0.0207212669551184,-0.01178639796733429,-0.05074812414583007,0.00803364166529797,0.10328215694622378,-0.004852626221950033,-0.18149723249003638,0.21082192708667333,-0.004668936744469806,-0.15154522185187075,-0.21400291414015318,-0.07245734793946919
7485,0.0651403799554534,0.11486448114989846,-0.17211111677589536,0.014386495863633048,0.08269958431807023,-0.024516872504696682,-0.15784705934782436,-0.10316950989557902,0.09413536732067071,-0.27599820796234315,-0.08562348164204739,-0.01992990983271615,0.24500863232123055,-0.09123999929270037,-0.1563645381429146,0.17794184136975993,0.23431386573398358,-0.01983893217691977,-0.03248322625329569,0.13326447244361758,0.025920121495216455,-0.08742322925331379,0.3649009950525044,0.15761765148107618,-0.10125172028964405,0.015869886168605653,-0.20465790148429633,0.33786808099443527,-0.06318767060849709,0.06035531891651433,-0.021617803602159903,0.03214216777024965
2817,0.1609056118905447,0.04044392493356167,0.14437930370454408,0.14707262714880953,-0.22925549317317556,0.010348156599962353,-0.1850201330566482,-0.15088527568915502,0.45780506661259507,-0.014364884353603877,-0.015196842319273022,-0.1343540288695135,-0.1776679150199504,0.06063533772093698,-0.23112650849760888,0.1793740852071686,-0.06887149612411017,-0.12050422390928228,0.2521860712356069,0.04134908585470982,0.0593299420263183,-0.05515802345934493,0.13266773418469022,-0.057659418765129325,0.0007149511602130628,0.053961590162181286,0.04734635229561468,-0.03153607178696643,0.12230129816996807,0.08428982291131659,-0.025578450043357154,-0.07336313341390116
23224,0.0540909131262673,0.044531662002927096,0.005998235980695566,0.0322946122444138,-0.12078070778830549,-0.02780660386178726,0.014346721123696848,-0.014418059343116659,-0.0014068908559383144,-0.06300368735965932,0.025342197101862793,0.06140337769302802,0.12322715759223431,-0.04321194370870149,0.26047235347053604,-0.014103274837504209,0.03513288974202668,0.28640314656986904,-0.07541869870952357,-0.17358253878306792,-0.0401556576358519,0.13617213322794525,0.008779599218961726,-0.0826769990057507,0.05325307447500407,0.028162994557262618,-0.0917388781006513,-0.04470848131396285,0.062324296425819325,0.08618302469621156,-0.23983706447594974,-0.20196480708655218
836,-0.007845328419715138,-0.19095275940158546,0.04315371128225799,-0.033521013821509654,-0.17906569128117156,0.06851397246323172,-0.070470921300564,0.1906704307488651,-0.03138128773527063,-0.20878472761647246,0.2307435136248275,-0.019175190365438556,0.04465978676813538,-0.08004089421080897,0.04274700122246771,-0.14572331664000107,0.13254511013713627,-0.03793034285778529,-0.3320381332472115,-0.03521931517805628,0.16657293231063725,-0.11213394925330555,-0.047742141339341265,0.19419231114516308,-0.011627963706002623,-0.008171481571117994,-0.12438408536342027,-0.14272807395378137,-0.22191673663592532,-0.01987592965377015,0.4672001110667323,0.019031372668134053
30836,0.19748536965932345,0.017077809904782814,0.11601942619325264,-0.12422649380716717,0.16458266824247827,-0.23695058147080872,-0.07990825020683043,-0.05264785939384388,0.12629332761060538,-0.0060916076043317025,-0.04915290387329568,-0.28050658946273677,-0.12603394990554595,0.1811055071289434,0.14531028395423112,-0.023502465394388633,0.19497418316485893,0.33192976610699937,0.41438483798512554,-0.14868706313101723,-0.05663696717487986,0.12107846129170213,0.06018519268600227,-0.15969831887139285,-0.20750018182306668,0.06966277684541897,0.3047107876480004,0.3322993251869376,0.04214282895641806,0.09168334873175873,0.18556554745809753,-0.13616667772932617
7750,0.24829462537161476,0.15934795627367132,0.10657475480321763,-0.20125709231795003,-0.08842341753174446,-0.058711340982292304,0.16424624387768216,-0.10413050996689166,0.048312016919428484,-0.36026639820930584,0.0233453931075127,0.04664784385999123,0.23205457357172998,0.0917062209678886,-0.014479463024183735,0.14513394364938464,0.1722317697023004,0.0391826456018857,0.1642826009321098,0.1463376858948846,0.1876857709196003,0.2225816358448037,-0.017381622349253337,-0.24233229571386755,-0.21799917061604884,0.21394514276369594,-0.08889626823159782,-0.0038060425629171065,-0.05286920856102777,0.11186536115494593,-0.010841075340959024,0.23571838550595037
5019,0.0705310494389991,0.022385163086508335,-0.030535147558282204,0.10205584725711252,-0.11331621265383494,-0.10217554810741167,0.22313908992158318,-0.19261271708210873,-0.23884105151735574,0.04941009299632999,-0.3426351725249395,-0.048804576178748275,-0.08325841968049473,-0.2145249055042731,-0.0881924418612053,-0.023937787979195647,-0.1104905620209461,-0.006963600830879754,-0.08735889308219952,0.03836907837233186,0.06592911438631095,-0.11388020580889588,-0.10466829065047999,-0.16883293036597968,0.06997635575093042,-0.10952232512423586,0.2284754797750618,-0.2567178910233832,0.03240514236496295,0.08988187611985912,0.0008331727180154709,0.05389094029370422
23530,0.10898828323261424,-0.10352067347699115,0.03549285592197838,0.05280716441825586,-0.05072915278260459,-0.023738601458203994,0.0006678336645440173,-0.05070145405601916,-0.04635358495575625,-0.0019250419077035802,-0.08564198196294165,-0.2707261426914623,-0.1657888959966532,0.1360299859319715,0.0395382751262516,0.16111005580137389,-0.05359081808655769,-0.10620038356276985,0.17433467078168935,0.00454892062047849,-0.028257299330439127,-0.05813438516913105,-0.09642492559434479,-0.2630354825839319,0.23699541846903086,-0.13653252542283598,0.37988415603983844,0.0021212068602190805,0.0034931981734720088,0.12658058303053737,0.02285166451748921,-0.2431504872078623
7867,0.023960842483863248,-0.06864209664709162,-0.029466197416578924,0.037651046584467385,0.05146526965057824,-0.09800770978559269,-0.023943343170436393,-0.1163783112962679,0.05594986917571097,0.12044328231846452,-0.056994839104948423,0.15526466881004192,-0.12295492811704901,0.12414633962461989,0.08365037163965765,-0.25499544155667786,0.008599254722898865,0.1318847583801973,0.046328143999927476,0.16461262887973466,0.10676226787273901,-0.1414312693937505,-0.022000247545072918,-0.03582689541673967,-0.057838750914330724,-0.25221834621189615,-0.01476019094216686,0.16715027679408506,-0.1194329906582761,0.04652352422666196,-0.10459135884088896,-0.023629960312302915
3628,0.021063177623108487,-0.1969190304279636,-0.0011245958091945863,0.03799895852383528,-0.05960928368234707,-0.15854774568358085,-0.18050159066526614,-0.11144366595002655,-0.1234511283382426,-0.2802437780349482,-0.022575841284037564,-0.03536973646057873,-0.049822821836199564,0.19660485147613838,0.01873592994661473,0.09733666922453048,0.25482470428678466,-0.19222209029565643,-0.19183045117797043,0.1824700354042865,0.23922264317648084,-0.11402728105081922,0.016766276947831806,0.21609423653515378,0.03986912719135992,-0.2616634729301132,0.3249540744350601,0.06927833762317458,0.02952438408699737,-0.16886116510684884,0.0374633493379477,-0.2251420081051975
22908,-0.011132336211655762,-0.061807830014796554,-0.12031747149688404,-0.0958317333645154,0.1742595703059142,0.00307109369017329,-0.10100484242486613,-0.1336770199907316,-0.06453254065004371,-0.07122945966390448,-0.36327239504736525,-0.03009610347466109,-0.03140015990786262,0.010529548150545784,0.017596297339082363,-0.11895977225946926,0.06611165748128342,-0.22119074283151674,0.08680296893439136,0.10570561478011802,-0.1717734728542937,0.030448447490863933,-0.12420541616723484,0.0317337760664577,0.15852177335449386,0.024185391727123418,-0.008065105834068362,0.03820005948454436,0.04626914712227602,0.04583486578701216,-0.16823837904783706,0.1686107063114892
5566,-0.019824571807170663,0.2973656024757027,0.04291138467968186,0.10411525529273806,0.010290950684735007,-0.1416780699593308,0.005469258607338638,-0.16348438878015203,0.07593776156242325,0.05038581864681181,0.053366007288761404,0.12285943386429822,-0.4323942558784803,-0.09723378541500344,-0.027770812504216154,-0.07308122123017995,-0.09494811274276811,0.14724655487227994,-0.33194908673865653,-0.24407656652142407,0.641797292556078,0.15245327530115457,-0.16670612287610378,0.29721807930700667,0.1333518717728955,0.11525497476898824,0.05345780059729987,0.05960381031293523,-0.11420925525183274,-0.18291924470322454,-0.20844009374401748,-0.28206551276997394
65123,-0.05428137867446039,0.014529419697338342,-0.13698690588982962,0.10575650678985507,0.06828586184698031,-0.08289449998140701,-0.004843348447276047,-0.009957577162790674,-0.039774160618018105,-0.24875112275174077,-0.12708236342757093,-0.1581326474992458,0.07616248364062986,0.04991920551189999,0.024647359865655957,0.0776762555040187,-0.024220312207517247,-0.027201624940437676,0.08412026928664405,0.12902451787723634,-0.0022453852596629894,0.08338540141790853,0.36953866355629444,0.060672035433980205,0.13618173103059975,0.211901760914434,0.09820002968514824,-0.10352122562381084,0.06203699414874888,0.028562769121106297,-0.12839588953657108,-0.03427051699258074
10617,0.16479019400286046,0.8883492877459381,-0.014033662401325234,-0.3291254944879147,0.4567507029768419,0.41596085485914963,0.1078261951281158,-0.05468570679694773,0.27731356843356697,-0.04799820309494067,-0.16408773586625466,-0.07247053146544859,0.12675089089368569,-0.17029386355614376,-0.20575200771161598,-0.203967238390388,0.2549196541208879,0.06391465729406941,0.26436076946943476,0.4613769891433475,-0.1408470950090769,0.41592354015051947,0.49217383873460285,0.40034945233430175,0.4799142440550515,0.1294894762453698,0.0851938115637143,-0.07664839298956384,0.3537794924502173,0.0129346424590529,0.09774954774603638,-0.2001083745147523
2548,0.0812274099108004,-0.054312221320659146,-0.045174771351037285,-0.09881446883666167,-0.30301443800330213,0.11317662757035314,0.08024121173808471,0.11330606389631875,0.044061079141060236,-0.24422947810890502,-0.07624980800861753,0.1041666946535065,-0.13132033258411752,0.1445287014853763,-0.1280516966832737,0.1530402653918351,0.2480072342124952,-0.08095022066955729,-0.031599459781171915,-0.02504421751944476,0.002364751657271102,0.015416789798027576,0.119931096508295,-0.04279660362028116,0.13213597583490622,-0.16336046172299035,-0.014253752209256117,-0.03839268163147281,-0.03782755216843508,-0.11693530442504747,0.011259491594424444,-0.024330666362455518
6894,0.08363824582064712,-0.05889620057321018,-0.027418753971901702,-0.0502000841258737,0.20636216299004237,0.013171228356967655,0.0063450074775187335,0.10717060847807912,-0.05986120631630051,-0.02384040769770272,-0.06807819719327331,0.05661315144382041,-0.016931778387117617,-0.09669805075407305,0.02382487487474835,-0.05249071003271166,0.08143262960910637,0.2811345839667609,0.16556981988401384,0.11304653173286576,0.007629230771072432,0.03425186906673595,0.164440602970575,-0.12736398894045536,0.16763628075934217,-0.13715384211947038,0.07161739324749167,0.22074181491995554,0.1556189320453575,0.11294766429736913,0.08809268645096957,0.03091245141460492
291,-0.13964103403678038,-0.06314854251642395,-0.0007446877953582126,-0.06864559927666446,0.12809154306642317,-0.19377821801441225,-0.0879564634125266,-0.14462150135329674,0.28408648136748227,-0.11224693273103865,-0.1910880749823691,0.06782341463801925,0.4956827562626776,0.10762400173406504,-0.009062820516438915,-0.02203972230635197,-0.10144620864998621,-0.35373917585971315,-0.4637371925595335,0.009339374850231938,-0.04581812757787657,-0.21768630209003553,0.13050554690963506,0.18142372324181447,-0.16145368695218124,0.029296233260325048,-0.2110074279700498,0.1424204998118041,-0.05047356518537948,0.16286364803422415,0.0068681378780380015,0.16890341230197076
2542,-0.12209303814970975,0.1943006998603983,0.046828207237062575,-0.01861708437694129,-0.191229080785296,0.09453513966804941,-0.2577174456258679,0.1727154010163971,0.015037153013851915,-0.07447005555701565,-0.13819883548750922,-0.10765230802786407,-0.09471141155066731,0.02780997839480945,-0.024387434446502838,0.011085180135165268,0.11405909522978117,-0.18140408652999104,-0.02780847881472179,-0.18555234309764956,-0.13573988329709055,0.01669949903683919,0.25397317718746315,0.016667281821041196,-0.0001220737526253939,-0.10344603000309037,-0.02609587252605619,0.038761314432460954,-0.06224462329643013,-0.12522665196993737,0.08430667563199,0.12201513711056974
5106,-0.04582843432843658,-0.16437488118441132,0.266134313965457,0.08392575112121896,-0.28017110383803057,0.10325635858986355,-0.0783347056097719,-0.038704876579062075,0.12882814153115726,-0.08806025381524864,0.31302519628964975,0.08898755564721134,-0.06121640005889749,0.12839039402508368,0.08258364088106092,0.06807106830256307,0.02259929381320307,0.025033552955987932,-0.08348471041729533,0.07938429637282374,0.3508052768982551,-0.0754744798194008,-0.0987037418291889,0.22802216872866288,0.17978021051123108,0.10981815192744229,0.15027189914032463,0.18491592992490313,-0.0578838853272449,-0.01862400601774118,-0.1436479179469622,-0.03856233888577718
3251,0.10419071464886323,0.06655432334890246,0.02024782584765088,-0.18498927035619173,0.02601434471264379,0.1779394043061461,0.0673178627410256,-0.03026996468389135,-0.033542872751146216,0.03232608277780385,-0.027670237381689694,-0.13595274509503852,0.0909624634271071,-0.24068144987718149,0.14570292835589504,-0.030287814489950302,-0.05919394875534877,-0.044670402897420955,-0.06714807355625865,-0.08935182209131988,-0.17976233480835174,-0.11677884820985467,0.06968392016272805,-0.05178412667809109,0.05098113353798937,0.23578956703722312,0.061264110900741534,-0.003868039739696106,-0.07171878446485634,0.05138426361295067,0.06658221809743275,0.10810168360866494
2184,0.12268446956833447,-0.03410952650579605,-0.09174009125896446,0.05753864301800198,0.22067537596489398,-0.2143491573066853,-0.08124850649785874,-0.08690971974238819,0.1339110944577506,-0.21053754545107684,0.11227587736654915,-0.0304465566580652,-0.18668294583504313,-0.056490731541505586,0.314947474228514,0.033772442534694254,-0.09996703505140583,-0.07782704142060247,0.09726109086516826,0.16579795468448752,0.1305428283765091,0.4854674402292378,0.006305342152511503,0.10227060761509267,0.2058731219624026,0.01137103922293487,0.06641608062424892,-0.22327514592947245,-0.2518159788184711,-0.20205678697642288,-0.07066766847432779,-0.07929177610702755
10775,-0.02652147874199885,0.13013158162664037,-0.15034812184852012,0.4536532960893036,0.05218145665748901,0.049348970031378635,-0.07029822825658044,-0.07879513439194377,-0.1260300153340505,0.20906214421762928,0.1019400193891022,-0.26325352468352115,0.062270843999552454,0.33060459816747156,-0.06577917027980483,-0.048221446121849754,0.2603555198491586,0.015652645237607263,0.1145291698291192,-0.009533554527923475,-0.018260651844642067,-0.04568644824996055,-0.027610112170555437,-0.3622070133234191,-0.10870737282216039,-0.030702693693497814,0.1679408922409706,-0.11851589113193717,-0.07913756337907304,-0.10923442605479958,-0.143354242969105,-0.13394186552915102
991,0.02526543242430089,0.06628464389770153,-0.05025236487101189,0.07170432255455744,0.13167992006065077,-0.40777167718368673,-0.4294065772084377,0.09206233470769301,0.34609932021865863,0.06780966198548143,0.31173820920572276,0.2609823609457917,-0.08403507935876678,0.09211248598175718,0.09013457072657301,0.24734128843862693,-0.20234704082914237,0.1401606662194205,0.03069824924733047,-0.08430041264729833,0.0321869534422299,-0.03888406942097929,0.0037726626629743915,0.0632455829251306,0.11239608269296861,-0.034642988408444514,0.174477459744327,-0.020759594426012745,0.12578478562890696,0.011475496650068624,-0.1351918548195463,-0.04623913516008799
9267,-0.2585500774320241,-0.09656422410463109,0.2543370363122642,0.17047213574166278,-0.3381550639674695,0.14184204025867386,-0.15513246560776672,0.026555608847192633,0.0023657074378361266,-0.15736563843009102,0.049330788247213674,0.11683582435690765,0.02765709312927028,0.21170129285880843,-0.20016588254601153,0.04552338899316288,-0.38564385117935346,0.0063540485450429875,0.027983476887830715,0.24725552881662208,-0.2846758128639296,0.04376766234632724,-0.000978567915326486,0.014865275739788677,-0.03744625236917202,-0.10243447021938916,0.17259720351977886,-0.062159503459455624,0.4761324865979483,0.07022793784095072,-0.15229430198752353,0.11010295389267392
54541,-0.037600975564239025,0.055927570211495095,0.46463744434961907,0.1160574477822965,-0.06114244939034291,-0.13260181462510184,0.9842486041520805,-0.6781721124815285,-0.23035663545647572,-0.4292340115785703,-0.09646429837864394,0.3567999067061992,-0.2953636999580097,0.16710522095981084,1.009640620382962,-0.45822034509716014,0.3749647301543705,0.12810648144070416,0.38140749261607226,-0.32589448102049573,0.2067365155852645,-0.174218165960481,-0.3322386522102722,-0.6461628978212655,-0.38812701097423946,0.28003291678650766,-0.15255213719745922,0.5341805781333858,-0.18826424321924157,-0.2887786516790764,0.03752688934614713,0.052621703036667584
9053,0.02812824436490939,-0.2398353261481027,-0.11825579199394577,0.10110927882767502,-0.04323108536855375,-0.15824542334692498,-0.07106051838976518,-0.13243284356587529,-0.024497591482632537,-0.03845984551072373,-0.01724944154792732,0.024866749440137226,-0.0374264894652653,0.03780776352472437,0.3453848948242914,0.22645907855579755,0.07117192062519655,-0.05100734029710474,0.06270873404123357,-0.11758737677030598,0.028930625716239774,0.24303953178145335,-0.03346306183708913,0.205353001645585,0.03711665854679999,-0.2616080973237728,0.02423525222013027,0.09293493962099826,-0.220969717348122,-0.12949006032412508,-0.022417061079897098,0.1866891563921713
4817,-0.15921785540192693,0.04792716043392285,0.05998353097509153,0.19181928628841055,-0.06346514300478492,0.2168395676954723,-0.3489720454050744,0.2377620107545257,0.1988288321485335,-0.1477354541448801,0.14030353924516134,-0.09360646566261005,0.2393444691894584,0.05802394448760353,0.18368556502483244,0.24752502401689735,0.11415591336031769,-0.0066432670839096175,0.11195398668351182,-0.3820739380147289,-0.03977323686662999,-0.22323263759559214,-0.032024168699311135,0.4653680352324902,-0.23053832098576105,-0.26654538937624445,0.13427883959366524,-0.19438783866393633,0.07653138801265373,0.21245163118773835,-0.06487662961433842,-0.09601128190350856
4927,0.04774799426610756,0.2241763219434276,0.11304933761681978,-0.09146113524571065,0.06309840719495355,0.20624655723474605,-0.0652009658437344,0.07811886230215812,0.06030304586661669,0.3216353412318929,0.20289834479710417,-0.23014048092108558,0.12833778736317028,0.08152082199141558,-0.4867196843770295,-0.0083827962170619,0.021334097721099517,0.07154442321351388,-0.27201617056261185,0.12900629785061257,0.13137595742132138,-0.1231214078917155,-0.10389570086898915,-0.4485297030177286,-0.3737135328085631,0.14796289327788018,0.05713096999724005,-0.050596596632293336,0.15350665674458625,-0.09065930124538372,0.28324209685357354,-0.14041910530438426
7466,0.021795776728527335,-0.07166930409248716,-0.18318808371423673,0.16775907004350935,0.21154724772404862,0.05594446318577094,0.05224281023582587,-0.15446051642350128,0.2051034843598301,-0.07114752459216848,0.15500198136254395,0.022151131065031308,0.09022615033462726,0.026136613432749166,-0.03406967878845697,-0.04140890130763583,-0.05106033996494286,0.250419912347785,0.27573281821477125,-0.1322312516451065,-0.06431764438772333,-0.1414068737504696,0.043394655107797345,-0.002988737180395162,-0.35561069015123614,0.045407684645498166,0.10147139937485038,0.01620485902318346,-0.07140432307275207,0.04609403223264021,-0.3057542913177744,0.019263468098704405
976,-0.13138599553093938,0.10153030149965854,-0.12751531348725142,-0.041649441884946604,-0.03810775231074666,0.07759432601879541,0.01220864420420076,0.0810372730656351,-0.10843324569084355,-0.0810152324517408,0.07426029583380689,0.028236409873313422,0.11192489477318503,0.18343155478140252,0.05310476172138169,0.045142463484218215,-0.1207100841679217,0.09503448421550238,0.05025138798629161,-0.2778463840715685,0.046250863208669564,0.009858312771099867,-0.1707513997618061,0.13666311925792848,0.01592747559407544,-0.11428037356160306,-0.034003983950406366,-0.03125903008648288,-0.108853980354687,-0.05862306939361059,0.0652613387955037,0.129337053769117
2956,-0.06699573624642036,0.09064645216631967,0.09864345272254031,0.010962457494679893,0.09516007211575613,-0.03929373312211095,0.03132859879367501,-0.07679391803689958,-0.06088365067090747,-0.009530999480417034,0.10822755366461068,-0.08418437592154006,0.032507976684950014,0.021072467297099905,0.02285184332726753,-0.00842942901992888,0.0442660579969368,-0.06148312186556822,0.0037919455412332905,-0.10141637257299174,-0.05737691265711703,0.12538472494397512,-0.13253781184556482,0.004662566831655636,0.20173893507347043,-0.08885203608309426,0.144142730133925,0.015824651745052612,0.08591492340558629,-0.1769689401672156,0.14270333804775864,0.013818936969020115
9917,-0.03164775003090895,0.10950006990546926,0.088426926682132,0.35003748171557175,-0.01477026041324567,0.08600668249087111,0.1826743204799549,0.012108041350907806,0.01647293423258213,-0.01583777046256647,0.10680564946332666,0.09061760836293493,0.17279100729351982,0.1373277481502959,0.029685859693815268,-0.027297249595090712,0.04016353039043246,0.12651922986260747,-0.03320725345959282,0.008020752002058859,-0.12836958077651162,0.15079612656521987,0.13361511397140136,-0.40275205512262957,-0.053793801342729264,0.18039678027266717,0.22374748262532157,0.023635324902932377,-0.04863493691845237,-0.03777842825292751,-0.019103009766014995,-0.19754886740892952
5300,-0.007614222424151523,0.1951052234459549,0.09892061819752031,0.1438516099709821,0.2527602026982001,0.11445296746790579,0.0009003400782679506,-0.16597941362477345,-0.04657797015049771,-0.004123394032989695,0.22508499120583972,-0.11150977585561982,-0.056038077466050364,-0.01960888277946624,-0.014635157760517417,0.08737769535181432,0.15044541570489092,-0.07646782296204685,-0.05333506091843008,0.055674620779482306,0.08643187696427679,-0.04554038812070284,0.0687031912370359,0.01645833446232397,0.06797292010074273,-0.26152743465706413,-0.06044059107137587,-0.15522579347938623,-0.12700367938680338,-0.05603245637924417,-0.012356971041977912,0.18352814764009986
2109,0.1429701644390434,-0.36903108125022155,-0.04390556654128987,0.11163680464137286,0.22733996108001964,-0.11815657702171549,-0.05047483384511522,0.16292414146934195,-0.01370990922750008,-0.2580077740796134,-0.10681597266580772,0.2769902022071575,-0.06330565333098094,-0.10093741104480103,-0.19339215274528465,-0.09481924537231012,0.1387100706530165,0.12306717437536817,-0.146902077758118,0.11623873585250957,-0.0988576839256774,-0.16426812928356635,-0.04276965555397625,-0.025240954795915725,0.02573795826175434,-0.11172886808840635,-0.027563712614475617,-0.07686592542049736,-0.24765010346205157,0.13824339673202996,-0.33071386879992465,-0.027061476420902817
2356,0.15924844918979064,0.39933738245290934,0.002679851415238306,-0.055380380069162446,0.14186919678146762,0.19465554871520074,0.08696567209226447,0.016022571418971614,0.34162654465571374,0.06117377752242088,0.05531600772510592,-0.01904507976226352,0.05643628724956411,0.04015534611786339,-0.06863594744289533,-0.10684228569018504,-0.05310538934138233,-0.03996612537288375,0.1171711607907115,0.37726516690133743,0.04591819737589325,0.33302070664017247,0.1587457055028769,0.3239797801141775,-0.03026527367716891,0.14918969046414626,-0.07322698273659042,-0.048016968067572434,0.06117956079634039,0.2635342667041018,0.2841520911343016,-0.09702230884271701
2274,-0.07944674857659116,0.2110995724058116,0.15408657762854316,0.03851633010937259,0.0587216997359738,-0.017760728513154373,0.10705261961699025,0.1512426427132956,-0.20438210467732715,0.2799944742521525,0.17010919808817354,0.18913568961208768,-0.2585826174087407,-0.06512059953021365,-0.29314778967174215,0.035932037279721246,0.18954329534913064,-0.14839047181950113,0.1663520691606208,-0.10207510273602337,0.1414532520045447,-0.02829309742024629,0.04707081726231947,0.21519271531302017,-0.009376164981487944,-0.22241774479264229,0.16662572383484775,-0.0989593799252217,-0.11617131340385507,-0.22701817872410127,0.2057268034708578,-0.3454092965107263
1429,0.3047357443410281,-0.1218454481477237,-0.1675937114916622,-0.2116148238252858,-0.0662479789204882,0.07830223999615946,0.052496264983368617,-0.008879663276252961,-0.1926291281941502,-0.11277296028186272,0.016284175730153505,0.04567379496110644,0.2012795822266127,0.06897828751480589,-0.16887724828231132,-0.003037444368560769,0.2925396389673469,0.25611116770939485,0.1558451783293725,-0.24333570656534473,0.3020361879471437,0.12713579039264117,0.08320391958833068,-0.06996634455963388,-0.15878177225963322,-0.15134776486630375,-0.09621843905783926,0.24966668928512153,0.2640061614870558,0.2590769665700807,0.04322448075113909,-0.11827166130512017
11065,0.1781848159883192,-0.02285871889740199,-0.24951757591615686,0.03740127700330588,-0.032593382071612574,0.08006403153266668,0.1320422249227939,-0.16312149537733395,0.16648215366858293,-0.12738980313971815,-0.18935617554006445,0.05466238695513914,-0.27769409796582645,-0.13006552629148735,0.18184034116859818,0.07012394829105255,-0.30219809739396314,0.10369986193226208,-0.18757630192122923,-0.35352855555859963,-0.23334177374907097,0.10152724183306483,0.08152878849857098,0.21292387229567436,0.06383290178495243,-0.013606558330926496,-0.10482979647002227,-0.21006545427124618,-0.04597791501321953,-0.05988139602252944,-0.07605286397259323,-0.06814829761936181
5993,-0.26109539974476764,-0.057599600086226985,-0.13366806291088026,0.11459484266117588,0.10895019838325444,0.027197260233546103,-0.13585587638965022,0.16889589871541205,-0.16245960714679825,-0.22027467445626084,0.16367879185643602,0.019188477709448603,0.2117474614310181,0.02215927764053323,-0.04804847177323237,0.0742760595741864,0.0745208629010598,-0.08346244578968477,0.13982826340948498,0.08726136142443286,0.10206096502750797,-0.38849627926261254,-0.03852611402238325,0.20532488865229984,-0.15195108255710493,-0.26179552241809817,0.02579311001921117,-0.031926687007967955,0.14425138385798608,0.03856838762976544,-0.19224399380548873,0.029928101121178403
9915,-0.10546563520864086,0.010181677427268226,0.08160152010604253,-0.04590063511175435,-0.06714263337139625,0.14652555545201346,-0.022708300602081222,0.12558973405337492,0.05507779412940324,0.06278767826648719,-0.06484699999400824,0.09175347845226879,-0.11420190226208451,-0.2332570019771286,-0.11750404789426096,0.013116044040153471,-0.10466968400755358,-0.05324366959704433,0.008988672731409696,0.19031454278419457,0.1466151162047949,-0.03698456886442196,-0.02609433336768062,0.02202083701965805,-0.06509525192800632,-0.07972105736078028,0.05024089954182334,-0.11410444871525284,0.027730396751744164,-0.11170813294499171,-0.1671501719532569,0.12124282562709712
5836,0.005144736164824271,-0.14962940154369386,0.09410764948402985,0.06441001795380322,-0.21157974079267722,-0.0635310044326866,0.002644070369704618,0.27317541080588875,-0.16980355055036794,-0.08363233919399271,0.020626424921920836,0.30987334019840723,-0.07668712134171056,-0.03970719406352196,0.17671128503270797,0.008313168956262043,-0.043771230959227976,0.07444748087868183,0.08555155991757649,0.08971660124292115,-0.08520777249264906,0.004681707752328407,0.08765034706879818,0.15298768610240715,0.13952529756803125,-0.013952216870120469,-0.05701158265960305,0.22423825769618966,0.08014709282354146,0.22731866747092527,0.2037633912715663,0.02778872932100559
57804,0.008758676047007216,0.09009424599829202,0.0066573526650372155,-0.11575040483705207,0.004889486934405238,-0.026498294728243565,0.07533874778226189,0.1542228906745767,-0.02699038870521674,-0.0704199778844142,-0.1727246281556939,0.09070317542657305,0.2515816446045947,0.2354195678728445,-0.057703627588360486,-0.08662215497917841,-0.17933189814847658,0.2130728035979962,-0.0391984466155521,-0.17429180126283828,0.03214723203869716,0.016735342456227358,0.05866552614622089,0.08373136113391952,-0.008611297210982275,0.09521080715373705,-0.12702547276892534,-0.043423142923833195,0.1664672991585511,-0.020921010966259382,0.08281811034244875,0.16281825559398622
10434,-0.006618788737365032,0.058817606948475716,0.14391499424825893,-0.17613824315018223,0.28974800004183393,0.01991788612731589,0.0482330546825735,-0.14960260466629594,0.00784037071816034,0.021567806685866796,-0.23051492380425592,-0.01639615695976926,-0.1644992805233777,-0.015555109311590081,-0.19666851664240045,-0.12302017586157836,0.13923192069509105,0.2899444945478909,-0.056859264042159345,0.1105079853495968,-0.06685595609733774,0.19047288171246632,-0.1265412210443123,0.25313062528535424,0.13999440177082412,-0.2978685787013794,0.022691244865020548,-0.21509946823683876,0.09165962185272156,0.29766862257847165,-0.09868531076417204,0.21378785160697203
11319,-0.005034675077585016,0.11101602734010586,-0.11601419989375876,0.3898425361841111,0.37012353915116586,-0.15196029719696885,0.08471538335774717,-0.21131265073247313,0.21840973195340976,0.13078285221739627,-0.3216938572452271,-0.08430717855620515,0.1673693964142612,-0.061014318781529915,-0.40904734844750573,-0.23313203349539133,0.0843511223917753,-0.37253544800147803,0.017746469607884872,0.030546893554431936,-0.09656984525337221,0.1279868104820323,-0.10518031612395275,0.09260469658807262,0.12864942400723015,-0.05582159497626214,0.05747839179532083,-0.26578327351880277,-0.31807317982587835,0.020081247597758253,0.13582038078843858,0.16018259198302934
5796,0.07848340428990544,0.3082592269675998,0.1689333634866715,0.015554106681886058,-0.1102159233875328,0.15138269366147417,0.0791982689611269,-0.17562215398349565,0.15733386264396856,-0.0015171580310622353,-0.14684392163216656,0.29893572345056285,-0.04287329099259064,0.32198566729456535,0.07132902559214625,0.02313901776822963,0.0009499343165934006,-0.05536270323605685,-0.1718733651491874,0.05998103263439524,0.11313666279638537,-0.05351399035707807,-0.12913274905243094,-0.2184854013107144,-0.04378246481875169,-0.04830201803987278,-0.058985280683378806,-0.36640846286716994,-0.1780135184546514,-0.16749236712835935,-0.032651533413076035,0.0193332154265906
8914,-0.05195966835973324,-0.17873508923802556,0.02644677024230119,-0.0837978626761121,-0.0060393771684197455,-0.06444977323297416,-0.09345702508972359,0.04757952182420103,-0.023469480659633193,0.1279619347427135,-0.14384237032558234,0.011116436591956614,0.3718066193266353,-0.26472290340904275,-0.03344571670588235,0.22669014042445484,0.03714398753021606,0.05000746363287241,-0.10861246593991893,-0.08056154377647005,-0.13464168019762252,0.05164912837409032,0.3398501430094376,0.008566405610804783,-0.3399466290755573,0.0641160805339159,0.24130608742058696,-0.1532371789521126,-0.040895206032555476,-0.03413577728269417,-0.06844726211763662,-0.07723539058179259
6793,-0.02114925085510171,-0.12005191499049588,-0.028154190119789386,0.03917381006191636,0.0011641614595278209,-0.024833381764919695,-0.05200725744517574,0.13881268964994364,-0.1352180946324914,0.06074750335670803,0.04507155409328263,-0.03949963665728453,-0.12132728139008517,-0.09296998771943765,0.10280417908855778,-0.14194693698029073,-0.19348151390710167,0.16268271385773894,-0.038223317915656044,0.19740186434984364,0.009633988212399993,-0.02416381452170983,0.005096562029806133,0.01261460591557644,-0.044316650031626964,0.09733583213807234,0.05315355744450308,0.07771485152864821,0.20309828869877108,0.10991583782606616,0.17990654595967587,0.11317768702957985
7158,0.2004468982045109,0.009126099127095064,0.016470992887935066,0.14506539570742633,0.07402080221086392,0.0929953280807976,0.07125748267922428,-0.18878127902575642,-0.005108929205028672,0.04933043494941738,0.01630837582171773,0.30656065929635035,-0.1726796570439989,-0.2132660225925252,0.16548348468523333,-0.02545036457859926,-0.2101430737299522,-0.4148224261865358,-0.09365047436879605,-0.26644197680569615,-0.04942356658297146,0.37240343423686123,-0.08883887711656392,-0.04758474622861286,0.19183391529528618,-0.22419289091683306,0.07095243216728131,-0.1477472278859001,0.18723988695629187,0.08920103702964838,0.19822261953152578,0.18919509251414138
6988,-0.08957471378583963,0.12340154258557995,-0.11949683492988787,-0.024319657444283153,0.028722951800758414,-0.018963994337203867,-0.07299702781798939,0.0630294173796477,0.01964437674678432,-0.10354879165021054,-0.030378649647281073,0.0351562638222503,-0.2055631963856405,0.20234225778718198,-0.022212663221691253,0.03193732374319501,-0.054277904260755,0.04298516449657105,0.034840494115532306,0.09104166983305281,-0.019285586028396685,-0.05327186993535298,-0.1311847685365436,0.06989485437351568,-0.020883831852366214,0.10747084774652671,0.14574643000509707,-0.013301867665925317,-0.07776010953556141,0.10648928250986657,-0.1172576192419447,-0.028683654935642365
8050,-0.031122181451546757,0.06877551398449472,0.04916589556777785,0.30631744456007587,-0.19152173324062857,-0.03963370870902402,-0.00245685380960208,-0.07969414337260051,0.059560477787699045,-0.1108752268283198,-0.13485176909001284,0.05113774989110783,-0.08612611015503424,0.07153532557314965,-0.1552232263971055,0.004611958410776732,0.11908974023767588,-0.11758295321445977,0.13163907775821354,0.30891727239421657,-0.030481016205179692,0.038464200106911296,0.3030530762320751,-0.05015957801339389,0.1294067099895233,0.19168032113463668,-0.15980321283821078,0.13751197781920313,0.40633348058588487,-0.20814678627327304,-0.04816181935378995,-0.1377753828110066
9903,0.02262116893682618,-0.0351971900049946,-0.03434530203836556,-0.07882290312918602,0.123234422809535,0.061005075927172255,-0.0416650955942099,0.0003818165210012829,0.03717134251162717,-0.0022002047237324874,0.0793626896750304,-0.003186351746819139,0.002259580354659448,0.06776554037862875,0.07721745995639574,0.0770657493751653,0.052468987420979434,-0.015646413109885186,0.0013121338622178386,-0.01452719848275523,0.04435848108973966,0.06542867394889666,-0.13686897591695033,-0.0427047049705525,0.08190954231452781,-0.22821591649696135,0.13375345982894413,0.1016159504339465,0.11147300618146189,0.08211382470156868,-0.015859362247494575,-0.09998910474902332
22796,0.07451744592257373,-0.049002121244573364,0.10886217698321213,-0.06670744917127312,-0.14048134054043676,-0.05505938628900938,0.07345536331406277,-0.023332616725689082,-0.01599513630295024,0.02610795654384445,-0.048118935409826306,0.0477180657476193,0.013332449963616069,0.1014584776530451,0.07865277970208927,0.008498173795828337,0.03985128742353705,0.08957072146467213,0.26856679421548524,0.12842205825564787,-0.23920023553512906,0.15117938088073515,0.03425386172926597,-0.0432444929065855,0.2090769112075369,-0.05802187867744703,-0.20116818221591734,0.16927644565612635,-0.18935182778138385,0.08950470502244123,-0.08257572074340329,-0.018417481350366714
10059,0.1190383563525147,0.032995996279424844,0.07841919050549907,-0.07564383509298388,-0.16654036820197024,0.02823993500195154,-0.017817171923269513,0.05934355089327475,-0.005651284138042223,-0.07390489063347412,0.03943666935158344,-0.025843198888418618,-0.004852506180674772,0.12434976599783754,-0.14433136330481033,0.07729783210230139,0.07992036694066693,-0.1361647635350045,-0.13781586210516703,0.037154889115118724,0.062142584315767205,0.035783777422924025,0.27996047719530515,0.14620803114763997,0.02939426795884017,-0.10198158663146195,0.1826534724663424,0.03565846198857669,0.08962177821854417,0.16524236291048497,0.04507945713976166,0.04787078037469718
2185,0.09964733847604537,-0.24511415175925283,0.13163719030968554,0.049622254518852764,0.0762919828896085,-0.07556116125690338,-0.027400454393597576,0.07402001096747461,0.011150712870753024,-0.18615123064899428,0.017443349067377233,-0.07271620240729726,0.26622680716029135,-0.22000357793350767,0.19847171517982654,-0.24751904701248037,-0.005932589013738177,0.06129139271313366,-0.05175643247798284,-0.3907814653594382,0.267908535475301,0.12548181854183205,-0.03485532302694537,0.2288521821848079,0.050951927635646405,-0.11909447549098164,0.050894753448999,0.1661257797114763,-0.2670782146439929,0.3826680082314211,-0.05639221174754094,-0.2067521152885384
9924,0.20464398052110788,-0.006363335064790617,-0.06979980379939103,0.02803344630593592,-0.0033638058734185698,0.017708704097664257,0.07894156495263097,0.10422721204444643,-0.051322250322777214,-0.035771956127571315,0.11779103073002897,0.07400815703901814,0.10767301135135827,0.07951236943226941,0.05828342765377377,-0.053431609785577865,0.03528869062729834,0.2972385138764794,-0.06705515203044582,-0.07842758223298879,-0.21223231827141403,-0.18622723675178393,-0.1286963925415526,0.09439924038393878,-0.1326131791463304,0.11951813763929384,0.08602595779854341,0.03088472114078333,-0.03930700830364937,0.0056210277616304165,-0.15567112651753248,-0.08515430575792149
79080,0.00422626116058288,-0.1122165433956656,-0.06440292102580789,-0.09318692750067491,-0.07358077520970392,-0.3061818916129932,-0.10867544723813266,-0.05814525159671846,-0.21145239372167313,0.16500086819246446,0.016244613050578942,-0.11937416614554679,-0.019403877360992895,0.1079037460690155,0.09431116015944314,0.01325615713751429,0.16060182889618727,-0.02593362662763212,-0.1890233954819428,0.16854434955286696,0.06941065928837771,0.10491142849021945,-0.32063090585398596,-0.23622416311113828,0.09486146892965575,-0.03559426053219412,-0.07913842889915428,0.04716486274840122,-0.10003993472870217,0.01805500335706906,-0.20495403198464907,0.05414077701221547
7159,-0.04548201498203355,0.1276884336993725,0.05185044411082199,-0.02210850901379165,0.13255317496754704,0.008866467176416044,-0.05659248645478214,0.032796195378261006,0.19270861656856694,0.05254263173107679,-0.08772240384120772,0.10037808519169876,-0.12378884420981172,0.02012539239696315,0.0001835425927952283,-0.1327427831088517,-0.0033179071726052727,-0.19632278955879418,-0.1301190575492884,-0.26305474983036164,0.13647353145189323,0.18892572719505227,0.08174912604105408,0.07902524710478483,-0.22855332112917068,0.02302515334329895,0.04355328021308214,-0.10394825975902704,-0.03323882313556531,0.3308588660952668,0.13089682535668923,-0.16661146278392133
4891,-0.0901534598603176,0.058180528260844015,0.12231741318714717,-0.1743277013074323,0.27739447978895043,-0.09351676713904075,0.21696591455265238,-0.2451751298742299,-0.1529370102820072,-0.0891577504754726,-0.20231918706105742,-0.0833268509424637,0.0007033811277720043,0.2524678466905674,-0.3066765165307409,0.4055273484854599,-0.16171121826575333,0.17586447393392782,0.06587786227613167,-0.11358645597371253,-0.1820911995331663,0.18191526864013846,-0.343203972424826,-0.038718805188087124,-0.08564803264355923,0.07636213147975587,-0.17825197369858473,-0.001902920586552021,-0.018712266107504247,-0.12476027166071894,0.2762504836271222,-0.08166889074230345
9517,-0.03808768622518303,0.08817438787388827,0.11595113267414525,-0.008863573142034814,0.12943409440441817,0.06049385000350607,0.12138078145416224,0.02307731922725663,-0.16402583190024655,-0.18622403757687683,0.16422932336262067,-0.12553435268109694,-0.10520475797306991,-0.1295442897813982,0.08253341259566706,-0.08082873320188465,0.2279146564445848,0.13725051623454226,-0.054058084034138414,-0.05355938828492941,-0.007174836489743568,0.2264935136974559,0.05186875186009418,0.0074119163720572315,0.01505401691563895,-0.08079358632662466,-0.05943343920676219,0.32994047176740326,-0.08761436124272388,0.104447105517395,0.13199751502785784,0.03147597648009062
3800,0.019635030332491674,-0.01105690231601968,-0.005449096581980634,0.09669978970983224,-0.043740124178775174,-0.1925127881651197,-0.13069359448764326,-0.0379480781293605,-0.1556585111965855,0.0034292100511115835,-0.07600152187713922,-0.07604093454293792,0.08942672253561755,0.019773553479411444,-0.2216213785934437,-0.06426589655916633,0.003498496501988694,0.005275359121357192,-0.029662416021477914,0.0193547972879542,0.11612336439468326,0.10465420447083155,-0.0764941552466448,0.005954892355162478,0.03122858496805411,-0.0034698376513335716,-0.10193528321154349,-0.011238621391999729,0.09404476756094854,0.09987141406179911,-0.10385942607738637,0.2138280779505644
5925,0.0235696076727519,0.09065077000690046,-0.1095178575214438,-0.03616404129282979,-0.06022680575817875,0.016969726536092057,-0.022960361278956964,0.1062542477562384,0.0871026009859871,0.3306424260115606,-0.3024136429447701,0.03488672071185413,-0.19588235379240695,-0.014026217575076435,0.09008639050957344,0.22162028531067166,-0.06679961858202824,0.16443850808380467,-0.26712112219436884,-0.09410783984136221,0.18617638821890173,-0.16278073408384053,-0.07738666617467646,-0.11805076034907896,-0.07771755087097201,0.27673168488707156,0.1806227805795132,-0.11644944975191003,-0.10922756834014667,0.13309090003064042,0.059255246437189144,-0.12216201955415504
6908,-0.2408098475259005,0.22541388275952626,0.3036657019491996,-0.37200078196573727,-0.00790515571710471,-0.32272650701602024,0.0038703428684425554,0.04735160465888584,0.34524192217846145,-0.3785460869159699,-0.08333389458561664,-0.039603288822482194,-0.2277334657808966,-0.08819641060116234,0.08197632759387782,0.3611515825482405,0.11005571839125171,0.3878449531126179,-0.021666016103816067,0.21378765378880596,0.17479241479329705,-0.012969873025143559,0.035067009984339925,-0.07469018858358946,0.302416090748015,-0.21157865115945002,0.05733913863159201,0.08556567302696096,0.06429743865732598,0.01365758043039779,-0.2594778775826738,-0.23570106405898444
8520,0.07693319973401304,-0.12530838156339594,0.19240163962921886,-0.07063427251358727,0.007380442533635489,-0.02140446720910657,0.17786283535041442,-0.0244045566197726,-0.1636331521149268,-0.15185079682417002,-0.0010774799786517097,-0.030535499545512147,0.10279268952258899,-0.014226610940780158,-0.06113750051885284,-0.05548506494985128,0.00659637892747922,0.11710494096371206,0.12844693533633206,-0.07017726214771905,0.0734550886425719,0.03784278038832957,-0.07065957340817199,-0.21367724572609623,0.015392145522657556,0.1983854662843492,-0.05562525915433941,-0.015841925689916412,-0.034195867570829576,0.12266044539156576,0.00793173532994731,-0.3590318051411609
10298,-0.055457554129399296,0.14300817860436463,-0.39598290673725745,-0.15748664190383901,0.10207784223809996,-0.17094556938792171,-0.030210711265051624,-0.02527430334251782,-0.38697761627798544,-0.06903909270165674,-0.03517099126999862,-0.18538232798634463,-0.1899229436057801,-0.1444025647675663,0.18330999350549476,0.02481723135863514,0.007276663249009121,-0.18062408188549833,-0.0010565201635027183,0.04994038801064579,-0.12668966119205727,0.050004125349331886,-0.08439969738050582,0.06918801820088306,-0.4600407886899522,-0.04231127222240601,0.05507510272668435,-0.12937981506698767,-0.04579321864636218,-0.0005894364921307543,0.12442935695127881,0.12594195793238894
7077,-0.08961516689171231,0.09721837380661957,0.06210084306250633,-0.027084907004855236,-0.03939045033588309,-0.027153783743153238,0.17838978936682331,0.04368052458429757,0.048681593512204566,0.055372419381257,-0.378177003099811,0.015519431451741866,-0.30620470033863156,-0.06548146448467003,-0.08875481516620946,0.1562289229589197,-0.1436953245000798,0.07338788307643457,0.04487425169476607,-0.08240476920249974,0.16396101127110937,0.08307549954594134,0.06725402910278651,-0.18135588094812777,-0.16024645111780433,-0.09566822602170363,-0.12090396348653153,0.06632951519314075,0.002646845071104039,-0.0576980621673452,-0.13235614109921243,-0.28511009037588847
23378,0.032940471239990034,0.005553061331159096,0.009484309309670163,-0.01218292772879828,-0.1031046357026646,-0.023359495975488292,0.09440177897200497,0.1020968183165721,-0.017751255659360393,0.13316645901642118,0.070779842425316,-0.17066229168840133,-0.16954478453359562,0.17484748943236433,-0.0520159699442053,-0.0489003119836795,0.01853704301364697,0.05934241607024521,-0.11806518639851273,-0.054739275087519294,-0.006518467219253302,0.08640741483101631,-0.03409912099924607,-0.2145144850988629,0.11557748704694558,0.006793882971163842,-0.177732176001389,-0.18618739086113548,-0.09824909576782358,0.22400597301202513,0.08224735835807637,-0.00663220519698085
6275,-0.06908042452186061,-0.12328945419642494,0.03973772919544546,0.05558982194545348,0.07022054636152719,0.0384435004916861,0.02035412434076369,-0.16123173992229087,-0.16900708195410072,-0.06023734534822227,-0.1048074737725887,-0.06758504680968193,0.03507833648837026,0.013034987528529968,0.03301981227996506,-0.06517533428373327,0.08413142420154542,0.001250213566902189,-0.19987867287964348,-0.050402854872245544,-0.09148682878432261,-0.0012682386102242575,0.1851660392863267,0.09842853281479236,0.08037911322448292,0.08032725221581831,-0.1362860288199022,0.019627755559524267,-0.10610913950715044,0.024420639974926803,-0.13803073432385038,0.18695221124060718
11041,-0.4623477746425007,0.028422905993086344,-0.08869965921728969,0.09519615676770923,-0.08001447345506346,0.19882123860086512,-0.004466456875691008,-0.0892284689222565,-0.19145365852704166,0.10582868414686682,-0.1719080338620299,0.09779415273291604,0.2321553688299614,-0.14777172887587053,-0.14435403374067457,0.06652902755160114,0.41944697002224685,0.20275032430093337,0.40446737233959257,0.3323125748155275,-0.13706483714007303,-0.11093950667538037,-0.15691572939465662,-0.21040011718260762,-0.15958231324496244,0.4171800975271598,0.43301023892372514,-0.263607695222606,-0.006855278923574914,0.13791280053450453,0.09769616779311034,-0.17900469003701686
10058,0.09067418829420255,-0.08478839198961921,0.2536055690359307,0.11299951357996373,-0.041954642058624196,0.14786804536892864,-0.23728466468805134,0.24373755493758117,0.3477846996692085,0.24780740538749915,-0.48971713638932557,-0.0740237393667033,-0.26195578785908374,0.10435281682941311,-0.18588047512719785,0.12512885764593315,0.22295240520658588,0.3633391647703726,0.1339926497620732,0.17537892701791646,0.09773751747098564,0.10894527762259493,0.09071089346070856,-0.052311660428229205,0.03618120370446691,-0.17590182903767818,0.10516124698002373,0.05200174560437972,0.10566562136187048,0.10868984097298387,0.13803811795323528,-0.08177397501059873
5373,0.15817718706857242,0.19082195963727575,-0.10235446855816002,0.012083119997570769,0.08163707262318086,0.02652441662247377,-0.19907105162511377,0.15307061146934597,-0.05764700173665305,-0.034006530629399956,0.028132797011904232,0.12526296606658355,0.14194966072702375,-0.07410512930739577,0.16502165715725184,0.22605688153112072,0.008826679591955692,-0.2496604823942453,0.11343482408335204,-0.017361281731840476,0.08307139265812091,0.145323588412636,0.14765294028903564,-0.0205942284673758,-0.0193418135268853,-0.012890242979166458,0.04098756686836917,-0.21097456921788013,-0.1209717092471621,-0.19416723624014096,0.10868710856031091,-0.08552566918261503
9650,0.03280243947576124,0.05921477788523443,0.07778476140762738,0.07139898827712265,-0.19492853413316655,0.07128142460206217,0.11001812491439837,0.2659163284901503,0.07997390970456442,-0.0517708944061421,-0.09107651909650348,0.11390330711803669,-0.09997439312748573,0.10239209216649153,-0.05018172772951817,-0.1546352202015232,0.06389079303583693,0.1318419165415143,-0.025494129035677125,0.10410500568145294,-0.21765354255070296,-0.11151278511846488,-0.004192169799169681,0.015356161583955667,-0.1608877722771002,-0.19938810928102757,-0.11137252131015184,0.17343283372817023,-0.1645293661304216,-0.24639039318134734,-0.29794244012248616,0.1666843158937004
5985,0.06585714885321742,0.033739448963923904,-0.027340322309481396,-0.07118728201278889,-0.01328838503415933,0.001941597258262514,0.020146328905160358,0.16286975469440557,0.12272144000177333,-0.028149670371945934,-0.0373452310258199,-0.06546872789168137,0.012409948449858352,0.23069095634632794,-0.004616269483185296,-0.061405565202700435,0.08573869423337421,0.027309575162712114,0.021244069845602013,-0.18833723321592324,-0.02000245310599506,0.11534778301342702,-0.05552073693572652,-0.09652672139216052,0.02853839089681423,-0.12588201695523746,-0.1551218026627311,0.13246062130330657,0.1581761483756392,0.09778669538106532,-0.0834322226552361,-0.011716939530456445
983,-0.04506258532869967,-0.21354157460369555,-0.21070650720329132,0.09833243070806999,-0.10879527406244317,0.08910183761109809,-0.01591126936859376,0.08011455802715749,0.3978174928031639,-0.20148391505738739,0.11910077194571501,-0.0036938452236161966,-0.24205983810940923,-0.12325990071515093,0.018270986460367653,0.08691245587065635,-0.06881748696684373,0.08910187642707398,-0.3173650739128206,-0.045528829985225505,0.11998437547121683,0.017748976740832288,0.2869572331442359,-0.10661113109131437,0.05272371310137218,-0.26985867325396,-0.14528270014275196,0.276097475228914,-0.14132832518615437,-0.4318197415091777,0.16566511420356042,-0.06152733935241287
8869,-0.02796548579800208,0.10410297612344159,0.03818740954300941,0.04356568080838734,0.032386986274384424,-0.03605846217467788,-0.008314629770852821,0.020043894386691342,-0.05790376365440612,0.04600369052167903,0.07627036632393529,0.0878043497731639,0.044713682208021216,-0.00020369055686264307,0.08129842921040795,0.037434334038099266,0.10432370838234019,-0.11644291333844191,-0.03706787690012328,0.03417166052658757,0.16510103068460022,0.15207457145574396,0.0535215075830619,0.06290355735032185,0.16900516742107757,-0.0034842380259705744,0.01204638540448134,0.07135605548221209,-0.06791041824690976,-0.08031933893478128,-0.11477627052718423,-0.11362601417138979
5601,0.04453029646526489,-0.033944533227183375,-0.08351689130572391,-0.23940118050465345,-0.30555449247943756,0.2000890296781102,0.07426634691282209,-0.19953748568367777,0.03377624238283261,0.13283675134985232,-0.1767694976849395,0.03621837965273253,-0.07914722676873368,-0.04658349347272486,0.2578139303395981,-0.053369322100305046,-0.1513760952626568,-0.09437524542467343,0.021582030599322958,0.13647657898190094,-0.39655359829482656,0.35905376073385836,0.11229189256451523,-0.07607860444369913,-0.2992003052751409,-0.10988265951717804,-0.0011918571746730488,0.10542440853202707,-0.14153668888840892,0.3825878630551843,-0.059939013990239653,-0.1063902482380595
7088,-0.16153124426848606,0.12328484270375138,0.02405296377149091,-0.06098701675930736,0.09970083442420406,-0.14442207822370864,-0.024951983312447044,-0.04297550777814832,-0.008668381401067576,0.09495067734192286,-0.09628829508157488,0.17606619922402755,0.07887768880665315,0.036725839836128774,-0.06093543893863064,-0.350915008453051,-4.8271074885852835e-05,-0.0743379087698424,-0.01452167342549121,-0.07477965363361908,-0.08097507765639668,0.13511143503849685,-0.10973420301398033,0.1601295778778146,-0.2152012473133541,-0.027938590119648197,0.10849288362985268,-0.01567154837194243,-0.0020492135193176226,0.07299496314231946,0.20872268721812634,0.19047425298297374
5050,0.1028193950399962,0.03512368356254561,0.0025335590919286066,0.029879513367406005,0.16485974716531498,-0.05395906123872192,-0.10394839302163898,-0.0862235558987425,0.14799618684801763,0.028623089536883983,-0.0937152476709297,0.06704105652068533,0.19494557386025144,0.012854857049242344,0.1899905884010896,-0.06158454506440428,-0.37360940592086483,0.04221100322356956,0.09773324399569566,-0.08101596755939486,-0.10367387983234005,-0.00923352621810327,-0.07588576583393285,-0.3627112105587156,0.23240652434471018,-0.1772534849689559,-0.07833915101946604,0.35889379540642563,-0.10072394523451997,-0.4169243325343784,-0.002889775950348414,-0.040555468563482105
3566,0.08836757528185286,0.2190837971901456,0.01233959536999531,0.010275629387290815,0.17747405271835462,0.12073601581906274,0.11579096730148455,-0.10585722169374187,-0.2744477347719846,-0.14163975765570738,-0.11559359511529446,0.2126113055070352,0.19501298859740823,0.21998346856149972,-0.026309726763024986,0.10904881241263377,-0.02403607626416867,0.16091877155488798,-0.11379947475019656,-0.258685660936068,0.3148755978071335,0.006851840884682313,-0.009856790393630504,0.0864774745212275,-0.0076867272655252224,-0.12868582565075457,0.08665118641415842,0.10709470669598399,-0.03234874771579076,0.3688019076441981,-0.05529097296043844,-0.06502951039244147
10641,0.048247472022242735,-0.05403462358334497,-0.03154512154660563,-0.12045098050323307,0.023237941848834428,-0.034388446502512736,-0.16024405941400963,0.10426053867114488,-0.03983213050512461,-0.055077788631758974,0.14795119738098986,0.11750715876536683,0.015358168104516108,-0.022213686453296525,-0.2681202652738386,0.16295468645210456,-0.03131495770834133,-0.17562007628454157,-0.09788616335367417,-0.10896084961064724,0.11831040680930964,-0.12497065500640374,0.3136555707364611,0.013664648395558797,-0.271565113223499,0.06707272807969272,-0.1669462786467048,0.16427621916607196,-0.015819608354832856,-0.08211575484135275,0.024674942347419196,-0.1713970810148561
1001,-0.00502577364269985,-0.0574344694897918,0.039746786087264244,0.11832397196952915,0.050935157017821454,-0.1793868574166459,0.08381623015453395,-0.1262497889969265,-0.008745359322377718,-0.05091757060680873,-0.06354854514789295,0.1923045531374899,-0.02553497653903699,0.006656816110160953,-0.08662279966215745,-0.29239119841287786,-0.030405411764088595,0.11487913816671329,-0.10314244090581216,-0.005614141213071258,0.004699023291509067,0.009093805413742405,-0.0902427101034958,-0.09585710799462557,0.09661307841217565,-0.13796384934570005,-0.016847061371971,0.1370058887155955,0.10623888658645084,0.028002593623700126,-0.07210467270799953,-0.18268644116085933
10589,0.14225301814437066,-0.08314898435783073,0.20480952176216155,-0.15514879074485685,-0.08147982518014069,0.212769427303552,-0.01754886232450745,-0.11254052477785481,0.003514124105312976,0.04990727705292176,-0.10966713123446184,0.2980799048377356,0.01021976396975957,-0.005956302961891767,-0.1713049183597303,-0.07854226190789182,0.007256033340608145,0.2948648824733895,-0.05308291706247126,-0.14799504206680508,0.09590526452151496,-0.012267675981593238,0.03143420197341113,-0.19736452531161539,0.2850442529394045,0.24070834972028018,0.10322479163317566,0.11444292829659693,0.17755256503165776,-0.11851136123923033,0.2393143019916838,-0.07036734286367344
1676,-0.0077621286985169735,0.05493145320980973,-0.10061009035594282,0.1831154064560489,0.062274402847773,-0.12124639093813475,-0.08449212576668685,0.04988378880340941,0.05514821104629753,0.1969823527782766,0.06614314294536246,-0.02199202219054233,-0.04881793999736776,-0.04508988346479779,-0.07822299137168297,-0.1068120002645162,0.12855050721533245,0.026031995617779132,-0.031500347626797535,0.23340476735574023,0.07473032464256482,-0.030353251221154877,0.037902656489244624,0.08006153296561071,-0.16507203819911426,0.39316821106828115,-0.03794450731491711,0.13660693158962692,-0.037876927592537454,-0.13037536028118293,0.1906286226525002,-0.1316080998702371
9695,0.06506546707585405,0.010621382484930261,-0.18389419977049343,-0.29081558524121753,-0.17139740219016208,-0.02525680106099958,0.09560754224656486,-0.013005394889579426,-0.045636269572778033,0.0018990155208858802,-0.06503691312449712,0.0011840887704987974,0.23394031097384707,0.025617175101090784,-0.33620323329036056,0.12330492233668458,0.12977784171884943,0.17552251658694745,-0.03547998909671454,-0.0359004480694494,0.14270892936380275,-0.07930916716222695,-0.1116967441351438,-0.02394937816773108,-0.14685561565226543,0.06834120100953571,-0.2328229061934376,-0.08946138759455871,-0.19423113838619366,0.1794615477565544,-0.26219845756940036,-0.07908261585333667
9653,0.14740216534870274,0.06372140171448287,0.07018746444664319,-0.04740715547435204,-0.26960840813719983,0.08973730803881999,0.14087537283312979,0.07483130646389707,-0.0889073272137323,-0.10797343688826404,-0.032378344569593376,0.06700363914122917,-0.10689843990957738,-0.15373902220311927,0.04182059300775871,-0.02467791944868451,-0.012108695365423744,-0.1164744845832574,-0.025454983076526487,-0.11537698203793567,0.16503403750267923,-0.17503280970971938,-0.11107301273499852,-0.13246295422348073,0.035788980993044124,0.045313525102595856,-0.02854757125026987,-0.20895292143484162,-0.15525679666605982,0.029663848333766823,0.0691586430744018,0.05584203432795617
9710,-0.006148594435070254,-0.039232293592599186,-0.1093371639703041,0.052149279013693546,0.07077999028692818,-0.11998832315917099,-0.05467989252790014,0.08687096217707371,0.02031220336341755,0.10346486387341958,-0.16213331260843308,-0.14459335218221267,-0.03372133301963352,-0.03370685710680523,0.006029267656144735,0.07047867105643947,-0.03094279308789711,0.04685213897154592,0.057763292232885,-0.10919331487602904,0.023267698285713533,0.0024462539721775323,0.06783260063276185,0.080843483295458,-0.013406456013731773,0.030311780444892713,-0.056476872761473514,0.07244104533224419,0.14265673935977954,0.0029162856929879936,0.21412159801975006,0.23196388716047306
4850,0.0020322494383808267,-0.028210095148295145,0.1518797333897721,-0.05098969402901649,0.0912773473257787,-0.005339034309576557,0.09742723168510477,-0.07504792024156068,-0.01717032355537414,-0.024724646954152194,0.15141997175171593,0.053015449815608955,-0.1387506992844277,-0.1753091363355279,0.022197122256315985,-0.030541738236376775,-0.00416183510651933,0.05593085551217552,-0.026004336465997778,-0.019020268472410104,0.09535882366044551,-0.022673493256044796,-0.11455816169518218,0.023449721518578208,-0.11438792562365525,-0.07235489087475422,0.18169097037656864,-0.06260470207569535,-0.1620554927894568,0.22008096558819853,-0.119270733140343,-0.11352055792245595
9988,0.03708567373876888,0.0039434333903537585,0.021872467076366985,-0.011898112628791204,0.0020298403951795807,0.028927423260494377,0.0569119110208838,-0.033444284300071986,0.05954827607591355,-0.004615779173410674,-0.02921617647316639,0.05492572541251808,0.1093537481733869,0.3436215807071923,0.04067214164817366,0.1488155977537067,-0.07391086409054101,-0.01622861274053642,-0.014375910204873065,-0.05671175508991807,-0.06418290047718729,0.18826590723128253,-0.19439780001290613,0.09475499711772732,-0.015854395852862798,0.061599506243239996,-0.11499415185038367,0.14858076117338545,0.16948441538247572,-0.054582866306212424,0.10882934143898294,0.044660716096787685
1633,0.06407906212440233,0.013100018343342545,-0.01371097640957598,0.04575569722232895,0.07130480197189615,0.1189157023804908,0.016558879246473805,-0.03506649789518459,0.257204381520434,0.09538600947153701,-0.17247701493386444,0.04237415683495181,0.058457500202919434,0.17037475519924145,0.054118174327372315,-0.021056622278960237,0.01922211116613498,-0.08595771067536695,-0.1804450618810574,-0.025351352410074187,0.07268001156547432,0.06504636139847376,-0.006869231420721045,-0.07979179729413731,0.16152299522267627,-0.19910484235112394,0.13954675184277376,0.08263752293842344,0.03833414151164582,0.19261059615096754,0.09722740390487386,-0.12383028835047233
6990,-0.13028063362008951,-0.07243027114982833,0.09490070884703601,0.014591438649858112,0.026550647491654866,0.10748724624833417,0.014727460616336285,-0.14816149600393128,0.054760706090630246,0.07682621769435578,-0.28277146926458574,0.10594634090107116,-0.028540127719003282,0.17277540126995247,-0.013258704435664615,0.06835192938103105,-0.04690129107646848,0.010341666568470189,0.11879362577211734,0.09825189664238257,-0.07187554884737425,-0.279734171790534,-0.18500224623383651,-0.40520585169780887,-0.11130264002087646,0.17643426705921855,-0.09356015209712926,-0.024045677738401907,0.033560429654943325,0.06284128766782737,-0.16394160278523023,0.02909062055507685
25805,0.10898266418323813,-0.26177868598983045,-0.18018168653959293,0.02631367871944029,-0.1093581466626661,0.45549306698480724,-0.4240040909663175,0.28407374910701194,0.6179030611351221,-0.0639529262618893,-0.17924007224668392,-0.021608271446931362,0.18848699351976603,0.24065017020645993,-0.09333172037456049,-0.5456053715478482,-0.2601737460660608,-0.291542480754579,0.3850635235440852,0.08331135428960036,0.2574467324421353,-0.019581893444698545,-0.3576445193486943,-0.11564308042882292,0.09135762730888562,-0.10788683973740319,0.39795982401329166,0.2205151714173564,0.03987243304075594,0.06871927263030171,-0.08351444734938714,-0.1145570228350459
10559,-0.11041254491217323,0.09156889873300729,0.10752359037550399,-0.5083314684610364,-0.07374530868960626,0.28956978778493747,-0.3428368813358865,0.45419689618330894,-0.06835520387832293,-0.2834539045658064,0.1413914644831918,0.06291462083196817,0.28279703525655414,0.4113146645313074,-0.09330140553714605,0.007345254272697928,-0.023856676133598913,-0.14205015608492472,-0.22506094515627925,-0.10109624788117601,0.41754156932892633,-0.03038142470225523,-0.28171569246264644,0.007539724556986564,0.011324391656995501,0.10077053427844475,0.1859252674587635,-0.0967740225799025,-0.03787482670727962,-0.04396987330175762,0.18593478512021144,0.1749907322770443
8440,0.03047337425488418,0.15280465196749446,0.08478475970045436,-0.05161263910106576,-0.21297670002800384,-0.403776597233705,-0.41065959674234737,-0.10302531260320782,-0.17353308843108767,0.03556728547637673,0.07301331298540782,-0.10794097803721939,-0.006555617395021171,0.18273278296433562,0.16881164320536984,0.10521933703832702,-0.02811484116943936,-0.07722504878915677,0.08146304592079953,-0.3005861507915773,0.3192024560363716,0.08790186522956642,0.07864639262562476,0.05036735634169302,-0.001464021966453136,0.09342427440739552,-0.16319153372825748,-0.27460186705488254,-0.09875806446687876,-0.0020193719440367687,0.18481823444199286,-0.016391963030552625
9270,0.08760292010075464,-0.0486959167102703,0.11151889830706187,0.06645533696404202,0.018212840542749745,-0.012680972387090164,0.09789728178361519,0.14229691770247255,-0.1550419973694272,-0.11079133518065841,0.2999744286818846,-0.1655855483838364,-0.08311761312588639,-0.056740602149287896,0.07482016938421382,0.08730371768195358,0.026641021798625094,-0.049148696237123445,0.007691691660836326,0.08211441654248829,-0.06956839533149563,0.2281426969386416,0.16210060159576245,0.041628034816116086,0.21853437139164944,0.06407570049141582,0.05666408258820328,0.24458637917146062,0.023291304337679772,-0.009273618279956954,0.1776685960451571,-0.07485660941519999
5529,0.05014779279783446,0.10244015878054752,0.04896213913970724,0.0030819146021213045,-0.03328596200834987,-0.06254913669405536,0.07263151212178007,0.1864143469942037,-0.010919913043052175,0.12456803548123006,0.04204361153555325,-0.11961554418537343,-0.07219749196669117,0.11005744759908366,-0.0823041919509572,-0.08480280428653679,-0.06871048305223837,0.09203280445535612,0.013364231505615403,0.06447852375934843,0.12455906505598002,0.1434259180259201,-0.03040143721407029,-0.07357751500953424,0.11003726617987178,-0.004583503342523196,-0.17860637706102467,-0.34343912400314874,-0.06341469267074001,0.21000593637164802,0.035925079782820626,-0.011889451754442346
10153,-0.16555377257231038,-0.17379318798339555,0.09102962382172175,-0.11820338291499927,-0.04143034215603875,-0.1156933686095108,-0.10858598723922186,-0.035717466155319406,0.1255441399252022,0.1363690516674636,-0.21908190812366746,-0.025930440042712968,-0.16950312521241953,-0.28795113497026364,0.041079932295682575,0.16174339950153244,0.0033140120276062557,0.0018402154587490753,-0.2116139635740554,-0.03470232421038374,-0.042708891694074706,0.14430040518712411,0.13818798968180707,0.03474256114976383,-0.10398951971585972,0.24174523288112737,-0.1032564239900697,-0.1204051469435392,-0.004057102199182728,0.027504065887995633,-0.062436494903292464,-0.05103328033112375
10245,0.08268683706999429,-0.06779934395419147,-0.04678920785345118,-0.1323965070693166,0.045980020507594276,-0.12721433572112573,0.13412621797400368,0.0006466621577959716,0.01617565809944045,0.3066996785051869,-0.14660103391229484,0.1015628884483523,0.012770556636719105,0.09389335715319097,-0.0032209101614549224,-0.03907348735424463,0.06293609156223759,0.14469583304154573,0.16189942261969822,0.007050861183786694,-0.023534511395925488,0.23882745789340812,0.2968179466681728,0.10551955530432987,-0.15789106571081846,-0.08583539064403818,0.14156952246656732,-0.06710337803347831,0.06186156988727615,-0.21110168937692148,0.15322085108230304,-0.10297159108350587
7358,0.16307572578537008,-0.02290215251101702,-0.027797515771355905,-0.013460645180618513,0.06277234076731054,-0.05332162658786537,0.07815864324174972,-0.03310052664394186,-0.01138593152255429,0.019236814123661045,0.05278925534415643,0.03552568178713148,-0.009035321668432367,-0.2876762136221457,-0.050992963748740516,0.009999663837016991,0.0420100522952112,0.04271923450401089,0.05557989894887945,0.14236406530715373,0.2063769142285232,-0.15719667443761956,-0.1383390596690728,0.1530890194023965,-0.07333018775898952,-0.052036030185220336,0.04096361030694795,-0.02476687271589474,-0.032535946514689364,0.10056671376760956,-0.23152298976250704,0.19290611616046183
22823,0.2886006866144664,0.0416492897434036,0.22227521691219126,-0.08415155474336015,-0.08535623284957967,0.24045171306979016,0.4484940002283814,-0.008885166765409656,0.21512069116822882,-0.22706280754051672,0.22480361449089611,-0.13501723144856745,0.1429979988716083,0.22721046975867684,-0.22025013648098546,0.08163133521414781,-0.25803831947859596,-0.04368991631969784,0.22878843201349733,-0.3459062921927172,-0.25628685731520967,0.09711979686205043,-0.05709890931499978,-0.20981279525028726,0.26751770104267397,0.09208404989818113,0.0714350522688097,0.32232899598639253,-0.21176389570018556,0.2788192946654411,0.10905296586412967,-0.09572444675822205
2146,0.11113732708398172,0.22590636806347417,0.25146763168834446,-0.21150297431425558,-0.13641044090350887,0.003490111417354591,0.0393692548142085,-0.17040378362024033,-0.33067833366495963,0.002324089543994126,-0.05466909854650763,0.046794430906023865,-0.26589016139011973,0.3419656639918395,-0.30176386307363523,0.020112249497321624,-0.349973232474602,-0.016188556938515383,-0.24863719425920744,0.20430715476898778,0.009485978604619394,-0.1036290467729178,-0.11297673460604409,-0.13727616285979607,-0.25807972563975273,-0.22770997887962058,-0.12894900212490565,0.37344043575470875,-0.39455330433547214,-0.2629453085879731,-0.2090871111009244,0.09091774978487785
26292,0.22630166513499175,0.03197240762373722,-0.15664170054804852,-0.035540631090321115,-0.16639560558304126,0.09358755914667724,-0.0007185863179401325,0.05702004540615787,-0.01342756846382907,0.0647850152146814,0.0721980013415863,-0.0956574509894324,-0.11833827656423838,0.25827661433264665,0.14601404996825262,0.06498321350281376,0.07613297720778482,0.011553464834120834,0.010521615269461689,0.0600035518093644,0.24276990705027246,0.14664405912629305,0.12549927151288195,0.09320252599587522,0.033540619510964625,0.10041456118399703,-0.13226583366395075,0.06983852183188431,0.09905237889276272,-0.3160170656449997,-0.05284523470318158,-0.17957512023172584
11072,-0.2516123415419204,-0.2726496648741342,0.04071266551901305,-0.16233171164863502,0.07516566326172919,0.19157173895116636,0.05137732596691257,0.003764404929863983,0.14716924177004434,-0.059823149389573574,-0.10127277006169219,-0.03092627316276535,-0.4515891083475664,-0.09258250136942521,-0.16588223330329446,0.10879382915420736,-0.2692152671953018,-0.38278986442783164,0.06784992244320924,0.027794491115909183,0.0048691770085777224,0.006359895009959155,0.17790203884638897,-0.17680238876381138,0.07900122950954803,-0.256957007699039,0.018398622221467924,0.09055232516404071,-0.025874729565847382,-0.17913986949926622,0.2155252840424599,-0.031341060056117434
8835,-0.014093828991236448,0.09054987711986867,-0.022716246310011106,-0.059141723417523724,-0.11776557679494296,0.009113156576030528,-0.1141320625965274,-0.06697608220476124,0.03737093004312271,-0.13330651120985418,-0.059887044271419713,0.09777250803053493,0.015926329922131992,0.0355379897612921,-0.04396335271697479,-0.12062080670863028,0.22567966128695868,0.010093696789720425,-0.10140228493706373,0.29816874663627696,0.07464336565550582,-0.21904166042070095,0.04156188475666019,0.12880108916365127,-0.21508945966803408,0.006673562044635389,0.08522371343157964,0.17648194483831386,-0.1265050002888161,-0.06591804395540286,0.1291662482745687,0.0982520434258936
6195,0.05709886762746906,0.15890838643651273,-0.12599643563374394,-0.3030343220945232,0.191459044310979,-0.10436503812379792,0.1742542590438759,-0.10650985722535314,-0.17454491484115173,0.048776377493513316,0.012278895882333218,0.17938649043633795,0.2653652097222157,-0.20085684196912476,-0.0823686924702865,-0.020460124714979624,0.2359019110524336,0.04569905877903908,0.018910986577363335,0.09905887272705516,-0.0679386959143808,0.0851700102864947,-0.18109433020710977,-0.29989685196171895,-0.024693411699008006,-0.1897458572727442,0.06747362748588452,-0.053914025298969666,0.025001420910381756,0.177691204538142,-0.08851286954211957,0.05476041805195791
348,0.0790410428396714,-0.03905159476602477,0.026091298756580693,-0.15104212047110938,-0.05964057312026289,0.06541715414623699,0.07205822061967036,-0.02728891633138343,0.10819860422506511,-0.022810217506234024,-0.18354668655489564,0.3450140762155991,0.060017496150080105,-0.06937259334213271,-0.15053982950114914,-0.05072315825982778,-0.2172053360448617,-0.13488297492473147,0.09572679352195057,-0.12638544040228444,0.018810585215716328,0.14295608941185564,0.061239320697985114,0.03810288199184769,-0.20984546045794733,0.3625100210190137,-0.0003831905683084218,-0.054366596713707985,0.25066664899048013,0.1006126331294746,-0.16561381038179085,0.011628533629956311
3280,-0.14255041082191774,-0.10381034552505014,-0.17241815294785437,-0.09256293038121996,0.07469443715850406,0.2804232592254765,-0.0638691472124515,-0.14985492722430047,-0.03371869797643649,-0.14553220075461096,-0.0719004041605074,-0.036466709832711,0.01995969184960482,-0.07743639453423999,-0.03619937820093824,-0.10231856786727202,-0.11212057002430612,0.13514386977340007,0.22789821809706148,-0.006475063225273731,-0.12731385852847,-0.056359278956554584,0.14959240082935935,-0.14137682984017277,-0.16669260223029153,0.15979527980531238,-0.005577784407721148,0.11136822602979969,0.04355312567992517,-0.008882415528618787,-0.024071311470236615,0.09357372832633272
8624,-0.07985056719649695,-0.04424019974972517,-0.11841097997884147,-0.26539429040815166,-0.06801543271371169,0.2458391514851749,-0.018913318704328604,0.17672038272375776,-0.021424629968567185,0.08612252053506618,-0.05782454977737117,0.007804753653517201,0.02810426935131706,0.14521310606304072,0.3149667898291068,-0.16725088164035526,0.24057615908521082,-0.10433915716858283,0.32347335710186725,-0.08575178216777998,-0.0441373345668719,-0.06377008709604533,-0.045680469443803294,-0.15567741363282578,0.0029213268558047176,-0.038861829388378295,-0.03683522724031422,0.136056257419336,0.09932693291650894,-0.18483981463691126,0.09086964590986285,-0.1496801258479392
6304,0.036817962746854685,0.024837841926331965,0.037529532741291956,-0.027761594519681868,-0.024988614797444627,0.00753863926764285,0.004614536949390168,0.010938533001655835,-0.026527272123743655,0.002031707109252163,0.05217163788773454,0.05908773403775943,0.058163580166058,-0.007630752890468564,-0.0010895865764055834,0.09454147953162435,-0.0507968241825897,-0.009132988519228967,-0.01685450020911858,-0.0044396616935479544,0.000676222586421691,-0.02963441545213697,-0.01713848907165466,0.03844449369204461,0.008427501733553042,-0.05994609635671751,-0.13345204976375677,0.006576123633275465,0.05428146901598035,0.040304307960927904,-0.008654173205915125,-0.023555354557411808
1643,-0.01921205725692085,0.21464852539324145,-0.48036628538452697,-0.08962741454742935,-0.04689758648533679,-0.1819992295279445,0.1142974886182585,0.2307998408073731,0.16503401655933783,-0.042857146657300664,0.06872122076266393,-0.2318969620729032,0.21167136635641345,-0.22870998120204808,0.19252535227184583,0.025257289417771642,0.030416284425548015,-0.5965326507761098,-0.4468965743955177,-0.2314861828259469,0.2407580022900209,-0.1835040074481656,0.3013802532552248,-0.05944104135999972,-0.13377073810587178,0.2705435478005075,-0.02708553871134916,0.2670863523913121,0.12112309156980308,-0.18847531958528632,0.3680223721944441,-0.04796289302014106
890,-0.65445482089568,-0.4630445108247609,-0.1351391457560423,-0.49789709978244173,-0.1848120277277426,0.08308750506450749,0.09079745859974643,0.24005122654131156,0.3035080385032459,-0.0295436210512643,0.10975280605820109,0.09237721015393975,-0.051089244652856705,0.2652082921213616,-0.34964831538373,-0.16713920080931696,0.32842954816051223,0.16482596719399298,-0.2930638458776348,0.535298790322318,0.0676163662062767,0.2741583325152853,-0.1698476776195319,-0.08101881616942742,-0.14768012045719808,-0.0964138292398836,0.13987404794465985,0.10003761240715739,-0.12632302121953884,0.30355233928943576,0.3052047667209961,0.3754787177997408
256364,0.12001191117334134,0.19960457919551927,0.023957484250272706,0.034739690734793015,-0.0732343963879097,0.04647745365732111,0.0869225217220005,0.12564263289624628,-0.20643258291772687,-0.12421973303865691,-0.09551184182592741,0.015505195344090282,-0.19141023842991253,0.10627920043934902,0.029901920207917945,0.03738556471816109,0.18234498520052886,-0.12908458136659304,0.0421791346216027,0.10534140813073391,0.10639576157742155,-0.07564488228427456,-0.08723900239421696,0.12244138192546938,-0.08400031495409953,0.12240289841712886,-0.024168054367847334,0.0929242306047061,0.13331067774249394,0.3375631948047036,0.09542321169249567,-0.06758274051593564
11230,-0.15547869884165588,-0.5754095304686991,0.008507861265735592,-0.04130086231142186,0.069236353973524,0.4058492019535417,-0.18479893734919972,0.0044874758197364206,0.03775880449782576,0.030103642724000106,-0.09127850549640168,-0.06731398224665922,-0.15869765233916458,-0.2813877507923659,-0.04865699089771127,0.24656022377964348,-0.040445528167411246,0.2750000976008428,-0.12783719587851536,0.10125000774517376,0.03922092933376948,-0.08848475243741728,-0.2692223039209934,-0.32265083081818896,-0.20454990422502853,0.030090448978962632,-0.26977269349465005,0.5405748931854041,0.16160963621151112,-0.12223227172066575,0.2796499195862572,-0.07815538739808285
6697,0.16553191505005765,-0.07471227812332222,0.0760933928212718,0.11994479104630168,0.05674636950608138,0.08283704377609558,-0.16231044422998023,0.028420060588877895,-0.06523475179840614,-0.04955937103611661,-0.04194096166929023,0.1281858952908725,0.05242227120520747,-0.015890662124196434,0.04621546282107492,0.10069937954583566,0.16225257532869666,0.005422424918774465,-0.08182961997190893,-0.3253863774784851,0.18770361567564928,0.1832303884951545,-0.09185799090627766,-0.1653661875845342,-0.1036667009600594,-0.045282744757454654,-0.14602647183266373,0.06594890064947857,-0.05262572556337608,-0.024842302544460303,0.11080639845248716,0.176972177269479
22905,-0.025108744656389844,0.1085810418018356,-0.08336491459827718,-0.005659542072670699,-0.11486485906657551,0.06950167754304723,0.025010081210382125,-0.009029112500740845,-0.07427008499549628,0.152622886447174,0.2286768096528611,0.06740221899409417,0.10714631259021554,-0.17766317602123136,0.1301962235207516,0.08457352045289601,0.16280515193385336,-0.11596616488930259,0.012398113303579188,0.32550532145131383,-0.17055204160463727,-0.028496801620419086,-0.1291313796487987,0.12798733007386767,-0.14093181789810305,-0.04119604723960866,0.07283883891927347,0.025767409169745806,-0.06535338159988888,0.11259414385911422,0.05714050351982954,0.015453766660657764
9801,0.21623919796667013,-0.01895656388018898,-0.159339964536631,-0.0876870069422035,0.2963606058014469,-0.06293972948411442,-0.05753226111556123,-0.11581803356829512,-0.1761756413687088,0.04200353905012504,-0.012918935329467012,-0.027958157987289765,-0.06606565041621715,0.20383208336792583,-0.09094486032782895,0.08259466428008415,-0.08233404677667919,-0.09017825253678437,0.21487836351335426,-0.06512846551377376,0.08174636670021743,0.17551051445301608,0.029315232274367352,0.0566821275059377,0.0671850166353337,-0.28199478921996685,-0.0700802549532011,0.0947116531846061,0.1283027829063328,0.13114731701891197,0.256273802784338,0.06324029393133195
9702,-0.06573000131728807,-0.05410368961163028,-0.023903252394829558,-0.05664265140070634,-0.046404599987601464,0.050086127399782375,0.130049365836412,-0.08001894128366685,0.013970007532938327,0.015665897575196316,0.004278780568422019,0.040354711517908065,-0.079854585181711,0.048024284302293066,-0.035420462810672626,0.08894563690618236,0.08489308757997675,-0.14329827072297102,0.06501713104045552,-0.11164502911401127,-0.026717479417649154,0.026024088757672172,0.08466558557238606,-0.08077478528261425,-0.04429707180142699,-0.035756313910332925,0.07723941439427948,-0.05458646357341853,0.13801579972114647,-0.24139543715790313,-0.18068952176399716,-0.025501138693956173
27095,-0.09043125755622565,0.07838869247441989,-0.027879713949333057,0.020997751515153158,0.18297767891498418,0.016530737734405266,-0.11978588690123601,-0.01053218504751593,0.13053877123146773,0.06173506890074916,-0.26510468588244124,0.031429023352456134,-0.0036430192222710704,-0.0769272968708789,-0.0731584979877147,-0.04696764265911856,-0.23163717260124222,-0.021756764625722864,-0.03049670232495935,0.08905049131669311,0.12667827191515485,-0.038889537623681206,0.012489036810921892,-0.08734591756964331,0.11452671627865117,-0.22380237090050106,-0.06723609941463436,0.18712241873679178,0.015051099201264191,0.01312548425818245,-0.03330075697848972,0.09996207991871495
24149,0.09651871489781166,0.11330369907595825,-0.1411629627642788,0.013453507442794088,-0.0016968568661975512,-0.08060920129926084,-0.13556719035356957,0.10157738936597227,0.20268092319745665,0.07965259067085279,-0.10284746984978671,0.18489332542242795,0.08820882083736717,-0.23540538606442712,0.16583056568603308,0.14217350001006038,-0.10239017452014916,0.08249772921534095,0.15482999937703665,-0.09615448570241454,0.1581494627524255,0.20618589845963534,0.2852026582322853,0.07264609457891201,-0.16179601120904866,-0.07015903088238382,-0.013638296412375963,0.11973071645376517,0.0543299969052021,-0.017376535911971674,0.10105325341276532,0.0422369246102742
6810,-0.2598009152214241,0.5335376754392085,0.08957543798103967,-0.161202831554294,-0.15546269659836115,-0.21502602870211132,0.10875915635742865,0.09085788198744056,0.08000141722712185,0.27161681665555165,0.13754215953522858,0.05081942268954425,-0.19768086630265932,-0.020535632261798664,-0.1554331122427251,-0.05925870700938986,0.4740375840716659,-0.17324031883622706,-0.007986491583197856,-0.01363628106108645,0.3211475311420079,0.01404111410117045,0.1924328964525063,-0.10113875789776942,-0.20715159619467807,-0.22777135927530237,-0.11749941477142968,0.10318454472576706,0.384356835609692,0.19844441529679444,0.07932193294381105,0.029883787693031873
9670,-0.1564202879331517,0.025022111449139833,-0.07858934333434373,-0.07616853576882297,-0.2383516705779539,0.009711844478091097,-0.0066393750100343756,0.07984299204966236,0.005498715876315576,-0.062389988032607153,-0.055396637837636264,0.056862369000355045,0.1016487291172213,-0.0576697032545894,0.014157847285595198,0.06979497394547012,0.2812345425814372,-0.0970185108369324,0.19346089506163802,-0.036087448991595404,-0.0660576280243359,0.1652145611553451,-0.20506287680115803,-0.06340592754842418,0.09865856646007667,-0.051337691097808925,-0.2201026627314332,0.025391540161300734,-0.04989770475436471,-0.059529729357633884,-0.23499822334606557,-0.037922696004211526
5092,0.11324769022257587,-0.10621778289643756,0.0492446545952088,0.1343631892108493,0.09609767326902081,-0.15986013360212414,-0.1931402968470636,0.012483217530533561,0.12022095814647746,0.03068733380880963,0.1900182767695701,-0.05005843329540288,0.17155357609710176,0.20283299014649195,-0.10709103114880218,-0.44372982384879484,0.2433777795593369,0.4150788639613692,0.07927604180378066,-0.08133005670879243,-0.003917796375862904,-0.15149489523558005,0.1780768383078943,-0.41307898118071523,-0.009469813997083949,-0.019370686946411197,-0.13406821716636544,-0.23037088918505197,0.15925761777450187,0.018662500157481093,0.14201850111909015,0.1925831694556755
4331,-0.05032818376261916,0.07960899411908808,0.059977193980270946,-0.005052584062607442,0.43403249216170026,0.08488600818402718,0.014490177598062112,0.16387425347074822,0.12459431560010972,-0.13869982230275063,-0.15806785678174315,0.017287233501624057,0.08827110933684927,-0.02187159890081938,0.1777348054466584,0.07637348568834106,-0.07716515165928078,0.11492978200958133,-0.18095019457751566,-0.03852459936607903,-0.1132784285704018,-0.11354041895210358,0.03182172811587608,-0.018581080330510397,-0.22820492763869196,0.09526502900135246,-0.03939026130694776,-0.07698516077765657,-0.18980147565682742,0.035276660556417,-0.047083567992028036,-0.07872373653592897
178,0.09016384964607853,0.003460982061358597,-0.04474615829179075,0.07857640350961571,-0.17782535573508115,0.15253933839510006,-0.1110157183152751,-0.033016530584156566,-0.026135472252867654,0.072969899596662,-0.008275125101799856,-0.09695977138017285,-0.1373866791085131,-0.10963542570021383,0.133166201739937,-0.11199342509008328,0.3262066865733553,-0.11017852390802131,-0.033276323386964735,-0.19402571928321957,-0.19060595338295275,0.23956634836342464,-0.17205813090755367,0.11515655435631107,0.268993866884568,-0.08746334598944733,-0.03999698603921237,0.047697639641266006,0.060961606577874104,-0.10767155398805218,0.06895961187191575,0.045284710254867175
4016,-0.2766967832108738,0.06478560144769958,-0.04402733860364181,-0.0813461380766404,0.1302862099514303,-0.17373587397077866,0.179384435049315,0.13783587392560942,-0.042912900842553225,-0.22846152517120893,-0.1367900219538499,-0.11289477328188222,-0.23769372092035176,0.14123850180090322,-0.2462876159734041,-0.15009856930424376,-0.15925499471054183,0.20737898446484243,-0.04767642707359554,-0.19560960396032187,0.005358810759081838,-0.21559786081212884,-0.024637233961655822,-0.014299927414320745,0.0485040303814959,-0.17219596667779638,-0.00013776630352152966,0.15275836172599522,-0.09743488853829405,0.001338411030223728,-0.08925949377489739,0.1486412740187338
4783,0.054172460343279966,-0.08517788235143964,0.009127525000496713,-0.136019327268564,-0.011691871318285581,-0.11121877916038954,-0.06854432382963295,-0.29508178591326684,-0.01155684738007555,0.028856031170212938,-0.135961318590812,0.2960361478836362,-0.2594469214293251,-0.10914176348665866,0.1704186632952682,0.2536654917575077,0.1252317491690296,-0.07641849176688602,0.0784113377090836,0.025650017353853943,-0.2932900125753088,0.08009015028958046,0.14001350286375963,0.19099644830951854,0.1337880378021973,-0.009386902719256608,-0.18566183972152664,0.15750137520408922,-0.033913347156488666,0.15893796843474298,0.05644252249594204,-0.00835240529749873
1459,0.16679526205861336,-0.09508741774507201,-0.07072496970741414,0.1607925435304968,-0.18267779351682778,0.03737951678432613,0.03626158809552836,0.08525355801202565,-0.028957724112868035,0.03454895749329148,-0.03261914708801946,0.31740672433840994,-0.10863390207579847,-0.19918313715249755,0.021058395380300767,-0.038069736002337,0.07963538323711876,0.15885147713475997,0.09015754737011784,0.16009818460367978,0.2000034083873694,0.05731485920558832,0.20063747033471385,0.14599163680679186,-0.1935495700225229,0.0030876002216462866,-0.1713249967061777,-0.2618675290614415,0.026564320938809352,0.007530395176130332,0.08856695414046586,-0.14443447098716744
5867,-0.11771959510406989,-0.054046543401053235,0.0441200098859858,-0.13438528361400287,0.24045685090934793,0.06953693666105443,-0.012245207456173402,-0.05171624503095178,-0.10654719502481358,-0.024576160301204984,0.004352043378079341,-0.04078831911169533,0.07954544376153001,0.006636565584658187,0.06797860806325996,0.21037288408538882,0.0531209115312388,-0.19951927896264166,0.0605464822030335,-0.21852330741982276,0.21602103027109748,0.29523430371403253,0.1973936790797528,-0.03116371783519571,0.22287439415157165,-0.3793479651007167,-0.20680721832479626,-0.0062178581282610725,-0.06810400050232235,-0.03583424904197064,0.056463580148867674,-0.012521931088015074
5423,0.2147394536869855,0.03393482288627022,0.09527041919322587,-0.05176249321337032,-0.03418343111631451,0.05987005792686326,0.16086331273698082,0.08018119493742824,0.10222154180528063,0.0007072473334375217,0.10487621296618489,0.0786537479544287,0.1569141139779222,0.28309077046254477,-0.05984783724000642,-0.2092573690753178,-0.5378339260868678,-0.0030911292100521005,0.07445079556523357,0.04682158138792315,0.3723268364615493,0.10822388755308579,-0.286028412640036,-0.2530611419136639,-0.18141689691300456,0.06056933953119333,-0.012578091351359393,-0.24107617349963056,0.19022357839658693,0.016657389175459326,0.31510562247018653,-0.19922807800786693
3480,-0.05095626108713647,0.12480500503550165,-0.032606872151551246,0.2586121098987828,-0.34555743891251145,0.2783628008999467,-0.06023594900635435,0.17940868449508218,0.10112643833095245,-0.22458727104596393,-0.09414073561180049,0.12308946905795638,0.2004752894378092,0.1247029333877628,-0.26008432630210143,-0.31074686885465713,0.0745755939360527,0.07974058013744238,-0.036691314680056715,-0.10951174542743762,0.024646144389034837,-0.06614321876887629,0.043665421954599264,-0.42752202253038907,-0.07751619608351747,-0.348346317529694,0.010671997132796235,-0.14288776647086143,0.0042348738607700005,-0.13558873502630872,0.2692780133437645,0.03695753905243069
2263,-0.10612535044967426,0.0639328029020919,-0.08728397046115105,0.03030191563638609,-0.06688730155373523,-0.00786604964005742,-0.01635125448939322,-0.3246509584062078,-0.07191630471113325,0.034069861062562976,0.05391937446487414,0.010276269528227132,-0.07295789456882204,0.011174638016194097,0.09450023430251112,-0.03464489390488844,-0.006593601598223861,-0.18211748664870112,-0.17682440181646933,0.15305621016956866,-0.09953031588774192,-0.34813144669144797,0.025445408452689354,0.045105016178320474,0.0726459148372558,-0.25717564455669967,-0.05613092320569399,0.02025097303574915,0.12305122711389208,0.31855105599495576,0.142695220258874,0.11865458733581297
10150,0.12365895681163039,-0.010907889317974016,-0.0002883494819322184,-0.020064578880291742,-0.008502834278609848,-0.11176093918264866,-0.07307570792418722,0.13096331760998,-0.09402730150403969,0.10870843085447454,-0.14009465975640234,0.039781482148795864,-0.05442172419366577,0.10207355410814678,0.05059419106578744,0.07745158920706857,0.02723577090133406,-0.010634169516402637,-0.04263295339229466,0.08611172030700712,0.0131556239770109,0.1269238440193502,0.16378241163128973,-0.0999195456090277,0.1686367851168267,0.04962294572651603,-0.31417017528363617,-0.05167013660280969,0.1808467635926563,-0.18845591775556547,-0.14384310557347288,0.05169182388198794
9797,-0.24553107505374214,0.07480514947488283,-0.0323232291747356,0.03107891006223893,-0.07819573343890508,0.17918133210498824,0.11927925975147659,-0.040966068393506964,-0.08689484538001496,0.005411872689747018,0.22304546389465432,-0.018587463975681815,-0.12725318872871663,-0.11845917531198326,0.28760088777388443,-0.1665196771880198,0.03626539866564261,-0.03212696923619704,-0.11283460404703216,-0.22398116267172424,-0.0016477148067288825,0.04133070898040274,-0.09428958176724932,-0.08769786662796167,0.1344750354526748,-0.11350105840007997,0.12707105358410783,-0.21525034743742308,-0.06834564026031181,0.09208223692089516,0.36904823073048537,0.07546359606967692
10206,-0.10832635797675585,-0.032022760857551395,-0.1890488600045533,-0.07116637651807048,0.14316940232051695,0.01863339873367274,-0.08393946394850925,-0.1767509218921127,-0.2023582208480315,0.13523835574792556,-0.18754399529319551,-0.05357122609746155,0.004832209946427998,0.14639246205631196,0.07189829665460763,0.03949422123483971,-0.029011446837816753,0.08369503453206288,-0.09735864622715863,-0.06972270871114647,-0.04290780499928997,0.05374784380374827,-0.061176401047123345,0.11440653403537097,0.12598592235666764,-0.09003360232721119,-0.25289318769064323,0.12494955430389523,0.03608780756850304,-0.2360371418095096,0.18508274111715944,0.20900003339036555
3162,0.27253490460002394,0.8528127510569978,1.6596313019825892,0.5214251169312533,-0.11728132764576951,-0.013320668033360331,-0.21803936655645414,0.17315973472731458,0.3091869751326289,0.04877825284857855,-0.09258130467415718,-0.30911580342664813,1.0156521473293112,-0.8356765486259345,-0.527399899801321,0.015607128396166767,0.0786802873976645,-0.01862141255664388,-0.08628727115420723,0.05200991101602915,-0.4542441869944881,-0.09145773498106684,0.0704644415433125,0.16157434922727473,0.1072692920336628,-0.2985621327791803,-0.04708903179983927,-0.005643407630721317,0.11386627299125505,-0.2884643627105249,-0.002245410189561681,0.047490826923919725
4925,0.0612969591556823,-0.2716057423942951,-0.19824006771374006,0.26590240886144945,0.3301596929647963,-0.030087687512058,-0.25149685545127526,-0.5961452888168833,-0.11048066944016716,0.19411942800111354,-0.39619379074178823,-0.1811875201920421,0.01866447070418359,-0.09296165396621074,-0.5116343736990895,0.2341369872235929,0.11268563377173146,-0.032446579772955744,0.22392147811106278,-0.16461317344244047,-0.07505420170974422,-0.4006170230499485,-0.14619132635826715,0.22173126301121693,-0.25944494309496213,0.2733697837207755,0.07254508331773826,-0.0722540152945258,-0.2570847913544757,-0.1357843655060607,0.3252320453524401,-0.2846258737792351
596,0.044978976735499665,-0.09080482861101433,-0.011622863673109265,0.1335616218384004,-0.09667060191213961,-0.006287946473157272,-0.09988468750978485,0.06182108591115151,0.14619509660873717,-0.041934445840198356,0.16597133013927542,0.04258308730205518,-0.0166475012387545,0.2397473165667811,0.010627522871302959,0.03037374491221319,-0.04094287381422208,-0.28958827006873966,0.21484498824721807,-0.09390864672619448,-0.2800113530776513,0.035530096425874284,-0.06368617149996207,0.27081082698057257,0.10699536046624143,0.08538615767955052,-0.160852712008883,0.2353578852087468,-0.2627356280823731,0.23157486618767753,0.015902524852830023,-0.33934376300683217
5982,-0.018045270765550642,0.1521717525655503,0.1944514650670422,-0.006858936428579066,-0.03329008984746616,0.10465179785058645,-0.048266281407273855,-0.28624053564550817,0.17692635748756647,0.042775261719052576,-0.011887025622050787,0.13330048331000954,-0.1579830277503867,-0.09419117430980993,0.0709005347452459,0.06586967152909273,-0.025024885191075045,0.185801356127568,0.0023426836016460294,-0.11200117266738112,-0.13497546305871203,-0.09382997233216103,0.15250735508737817,-0.04040425094346359,0.13848366493627107,0.10206813621023131,0.12063390049398438,-0.06784409448770184,-0.19364552471189392,-0.14900399711397233,0.015523237595189152,-0.09359150123550715
8324,0.06760468165619003,-0.028156667766370713,0.006724560725120158,-0.004013351437407607,-0.052061798459024956,-0.007311964144392619,0.01316427817989655,0.14128203831785388,-0.01357236114601213,-0.0326798625190442,-0.015017855488518611,-0.005838788038101164,-0.0271848378340345,-0.037351874191356355,-0.11049230146410041,-0.011167726375660962,-0.008972706571140021,-0.016551416522728755,-0.03698398407986581,-0.002665173643925123,-0.16405770785882123,-0.0896850105400296,-0.053203867534434325,0.033287815147660174,-0.03569190518420074,0.16678675676479554,0.009168151962055797,-0.03909667244559055,-0.05970582293463384,0.125307025431703,-0.09145684994747917,0.06891800698341831
5261,-0.10408257167408219,-0.15753476176941647,-0.025197386503651043,0.06968543616834037,0.20057460758068726,-0.025804304412111553,-0.4548361382528928,0.06388468711075988,-0.49614991816275444,-0.10280161204043747,0.2391345043598387,-0.15701473015110615,-0.12043578224334672,-0.07467741290391673,-0.14625912801058155,-0.012645649868021613,0.38765274915516423,0.09160378480567699,-0.4231228447728096,-0.07746289105270285,0.2870569743737181,0.03602534281550895,0.23527845557269897,-0.08170447730615008,-0.12812850703616008,0.061548704337417985,0.3997351579926835,0.0744801854838074,0.14582827404168952,-0.19282248184163653,-0.09166577052337406,0.09896028365696517
1647,0.19921995769381048,-0.014110267436623886,0.32359957757905883,-0.08324586904405866,0.10801592148089154,-0.1415311933311964,-0.27852606749071973,0.22492146926899678,0.03801006080634516,-0.21201564103769804,0.02373361629843323,-0.11105950873867476,0.1784559570594067,-0.10573731173752336,0.18139959475662212,-0.186722362354836,0.011553171069060461,0.18162709741090127,-0.016518314204172973,-0.08064988864372453,0.08826180589681473,-0.2289166604403339,-0.12975348021020128,0.002064602634080652,-0.13459328884056418,0.041166220572130145,0.04666416969197301,-0.03986661456953205,-0.128081360354815,0.3079040785552669,0.12425724151833696,-0.1602551633096442
3909,0.17262755859485013,-0.018755737505877095,0.031219652529056178,-0.012442405532635757,-0.14504807442268725,-0.15909531056949006,-0.07343894804494566,0.027777179888445153,0.10786589431269443,-0.18012973478795435,0.19375417098318434,-0.137100372125762,0.1563174679682944,-0.1777518210117322,-0.05643147215929611,0.032419141653417444,0.16364617577421134,-0.1755105052726391,0.04793757760831926,0.119676516278787,0.09423037832958034,-0.11188722899348652,-0.15898914519860924,-0.030138882094218788,-0.04426090961865123,-0.06913104373662866,0.026335233541998616,0.0746293121986028,0.11531750551361566,0.03572055736803312,0.05969411902382202,0.06533633407359858
6499,0.4309990892329809,-0.09968459295024734,-0.1902986271382558,0.03312488094650938,-0.07537325666864092,0.2763726603668206,0.09377739328152217,-0.06869492956937776,0.2263495490952088,0.031076270874320553,-0.14403631872750736,-0.08058425728438251,-0.03226348289285146,-0.31848730684654036,-0.2214088766654907,0.2870694979725406,0.18075243120707216,0.0915623374549473,-0.37486301308559905,0.30526119230533977,-0.04700909635956983,0.040785850317090935,-0.20501970194295913,-0.04852779097520355,-0.2919466156209741,-0.012130516134342715,0.3528726788724588,-0.04598115030514634,-0.04207302609269359,0.20601710348013294,0.1725938975112599,0.04652816147952409
701,0.14352156101589977,-0.116067917272238,0.08484845531824883,0.024596079647448407,-0.31023998255175816,0.050356588484054075,-0.06194837902886027,0.07465107746133834,-0.04596925024546182,-0.031745459953477426,0.19787419197991984,-0.13283240931695672,-0.15759051914525107,0.18749061356276112,-0.2823217689274555,-0.06262264130987302,0.12137666244097753,0.11275703605655918,-0.28878650824304053,-0.1348898477953312,-0.4274082914183895,0.15907486976548316,-0.348391733177694,0.0037665363901920952,-0.15052139918535873,0.07742561278626592,0.008330001631789428,-0.1665240134087558,-0.002824861508384897,-0.22787852982479162,-0.046026157337436265,-0.08704274350118872
10165,0.22679431172281897,0.051830666830091035,-0.0802545236475252,0.06146247289294583,0.12689085824570023,-0.058826041924103865,-0.0036887817490725214,0.10031556947581814,-0.01970765228514482,-0.06809733697394457,0.22501792236717919,0.07616557335688305,0.07649435418364188,0.22751674241878564,-0.04220445326133714,0.03299790962118702,0.0670120781005497,0.07234217793679862,0.13720737796721405,-0.03436981261117455,0.032462932328861695,-0.20334908751104572,0.0005077615283988469,0.16881671434899237,-0.05018734239678419,0.2675059315727452,0.044601655012855346,0.07232327748411022,0.07104565005843343,0.16195655384784802,0.20727254114497304,0.04688797935439078
23635,-0.04447735819243331,0.1500994510646701,-0.09552705840022971,0.03313340661008749,0.054171975356396375,-0.06398080414776047,-0.05738227831796063,0.15055014596028116,-0.22909453393124687,0.08738634996177155,0.08423325736104784,-0.05488930587673424,-0.047334753529101346,0.0760638426360895,0.06599965356117599,0.0914008045126749,0.3272587939401896,-0.1089922885948431,0.06957210779477266,-0.13480046483922403,0.060796287147963576,0.12151764369406166,0.2157556805623182,-0.32578153247865094,-0.25887698438834517,0.012511083554136332,-0.15767758167895454,-0.0035773249552685242,-0.04192161997153769,0.04109732715362672,-0.07117469130544411,0.043536804109678175
10270,-0.0768456034819296,-0.0025589527315528445,0.09504719847343086,0.0964198347207624,0.25526766395312317,-0.1183214669813063,-0.042382611984852915,-0.03557909890535867,-0.051555381890448816,0.2646057580422769,0.13962380100623198,-0.20789775718943884,0.10155416125677441,-0.29288579549136934,0.045338858561781575,0.36824948288736625,-0.16406414316050524,0.06233318923416443,-0.025181823939973563,-0.1116601878005712,0.04089017939651709,-0.20146288832715126,-0.005080561444095017,-0.1683803235356687,-0.004628124262965494,-0.2972927659296097,0.05657668758323418,0.14722372890680624,0.13876356734763665,-0.15523998305686917,0.13404800019937835,0.5289253010315517
10954,0.06820448451762005,-0.09449325027719666,0.1860181651613506,0.0877207924463269,-0.022854383351285784,-0.09589690160941386,0.07777929464639859,-0.13144852278533073,-0.33350250295421313,-0.18214484949938142,-0.09435895537378196,0.10058338605755932,0.1783011173781994,0.07220480292988737,-0.11108338716483744,0.1077026788253472,0.13035615560404018,0.18825098697533563,0.22486955406583273,0.06488355880735493,-0.1320718299790604,0.2270481552648937,-0.099151786232002,-0.07773749782777621,0.4576328338926176,0.003662452895484577,0.21293533499213885,0.040293837795519545,0.113503904870335,-0.06954293937263481,0.06941387444807606,-0.07356373893067483
22841,-0.11929623545675858,-0.0943881446697423,0.06437308832941877,0.05550003022978244,-0.12025558484925132,-0.020319580015552893,0.00639808236208801,-0.056673647224594705,0.0498808616171427,-0.02765512196502509,-0.003223451997691566,0.04085507415718364,-0.10766912893858545,-0.1186344445868159,0.044921120042869675,-0.06802644557150901,-0.065610380740219,-0.10126974660044899,-0.09061915732188107,0.04633329257822006,0.0020868234839072812,-0.08561710838364413,0.13524917329336597,0.03727025184520919,0.019977196153579294,-0.12676611511923497,-0.08986677930555527,0.027757440932841996,0.04831690925506644,-0.09183550573444386,0.014115740798224745,0.13704949926544502
23011,-0.09932436028774179,0.0422655332146285,-0.0030405052381242766,0.1755893367649328,0.03998918325980618,0.2326462686598165,0.15814190638755438,0.04365623283280475,-0.030658062013117392,-0.017611274898555625,0.08120572442396427,0.07739810529709516,-0.004744266457009879,0.05931312312250878,-0.06298289263061463,0.10500710894841478,0.10758631534585662,0.37712347241444855,-0.03205193979639469,-0.02835170134225105,-0.2675061510310308,0.004988534629272292,0.10228616209196545,-0.13832779592288558,0.07254305305847039,0.028825258771871892,-0.048850876808051204,0.07211123407831783,-0.0811977835791449,-0.015078900751617372,0.17672171456625196,0.0853307715337251
57149,-0.04413253307508307,-0.13507601409456765,0.34257202427446215,-0.02404216697650065,0.024626244450717236,0.15889288239582952,-0.1658130577207327,0.010811674353755366,0.09931286934373722,-0.11323342208753835,0.32552031693654926,0.1357873114476139,-0.2023589562425242,0.13466387190051882,-0.1822414608795539,0.006957712075758356,-0.12183174571039285,0.03542455388179474,0.23422277935514282,0.22869263996757322,-0.019646365257127436,0.22131911477775432,-0.14853210559914706,0.07086868062785433,0.013225260872954609,0.020049491736077087,0.010114907224625989,-0.15771697979748597,-0.09387832775453551,0.17551804562698625,0.05042290892354438,0.3299716499977441
5909,0.06345157185184622,0.017714438395358197,0.12115420728662589,0.8401741903944223,0.27767181522863893,0.32115001491718476,-0.21335203430850663,0.24257622274124466,0.36731813645185885,-0.1631851822473779,0.14832299463682913,-0.26827546915531775,-0.06496439682802145,-0.06886646226872477,0.2445630741342201,0.04462328045363217,0.20851767379571481,0.07334781260811059,-0.32736457392297214,0.124328652265172,0.24500708119932801,-0.029236598354682886,0.352623556779823,-0.10107207576159437,-0.40014555016713477,0.015924266158660577,-0.024658145217854276,-0.13404055359244177,-0.08889272648047881,0.1537641168388692,0.027665220545126826,-0.1529523559967519
6919,-0.07661080648685442,0.038751546156436334,-0.03702011092826766,0.015134464687047414,0.20634929191841314,0.09487747621396571,-0.11148447538010414,-0.001807181418710089,-0.0651827395964968,-0.17089345458351343,0.011114985047772582,0.036077720200063806,-0.25850823607600043,-0.20332079839882333,-0.34340841725302373,-0.006336020210879008,0.2475686147322721,0.07640828098749719,0.03475278045188855,0.14418209700471915,0.11454789536841009,-0.1670527972200667,-0.03162922509106448,0.11431652956871384,-0.007746676341583436,0.2559447195844912,-0.20047502129183098,0.28891436661992775,-0.0030378614165345904,0.1499122346561538,0.04596945635651644,0.07592109770983807
4794,0.00019799914545724705,0.018640383125151573,-0.03822231676305404,-0.050548536105419664,-0.11975201513816258,0.09431671407123278,-0.0937303757913282,-0.018814123175533513,-0.020315058974987827,0.07437287487132528,-0.11848882525476086,0.09269963324275592,0.2538988082569624,0.02477606550394966,0.10822165262381882,0.1511247029910803,0.15991724551171205,0.14748223127256252,-0.04765644563844577,-0.02022682482141271,0.08626644387514382,0.06839784113277736,-0.07445725324193436,0.32253519847994544,-0.05922495377105582,-0.12895549557717426,0.11805996564154494,0.06488937593780152,0.10634230659364007,-0.128719979809088,0.19919310214649116,-0.2555862556004165
6182,-0.38810653103030174,0.371162684769353,-0.3468197159133022,-0.21562824775516629,-0.08606080681166339,0.2601590453511096,-0.12125802684001176,-0.19259075552239224,-0.10647164541233257,-0.0064745838707392185,0.14805616254756981,-0.18217604556966419,-0.08671022823806245,-0.1647840243118959,0.27331107812353794,-0.22732658700442498,-0.0954524364874539,0.11782003061456063,-0.00011655533040550069,-0.27664064530474547,0.1759915319401243,0.050663955665244204,-0.11093334140072918,0.05831486005476251,-0.037512803167244355,-0.18845904592697976,-0.2049805486648289,-0.22908818034188613,0.14940840331812366,-0.34825338272553596,0.09413458001880154,-0.3314385796015709
22926,0.029724578786206286,0.024110070049588105,-0.28115070338974074,0.11333637365799092,0.20070101893529854,-0.1948035033002146,-0.16980684860031156,0.15162707041527812,0.17687968555259734,-0.23783856038542692,-0.11307382809144245,0.091683282205884,-0.11347285238612363,0.19801361132600886,0.08432895895145913,0.00833660921380236,0.10513971157338597,-0.26425843084494166,-0.16108083773352622,0.23852363385123526,-0.4052101045408063,0.19807927469211709,-0.1534949752448231,0.06907332906537984,0.3876426378988903,-0.2413061487902677,-0.2942603711069332,-0.06393952650650679,-0.05828938649643079,0.11113513169623256,0.06079148011813082,0.11459571870312492
1052,0.10840010308251788,0.08419373147486513,-0.09116537146063847,0.29904150762678133,0.005383541343316232,-0.0224371033514617,-0.17723766272306965,0.11536296128128505,0.019971413139013395,-0.1548295725156135,-0.05475855797974587,-0.11502504704700665,-0.1086041784085928,0.28995929652889874,-0.08667828337913853,0.1335991253171686,0.0769299321555835,0.06130968661797736,-0.13493868222946587,-0.0067344176685756214,-0.08845376891627083,0.0966278501211996,0.08212790735113877,0.09189580217558517,0.16181418357630079,0.15236135689873867,0.0753997209089205,-0.20571793095970142,0.09351334786160044,-0.1763311343400891,-0.019468699427414634,0.002013476940603542
10681,0.15186119913168597,-0.10902611455295091,-0.09629071301806784,-0.02108566719151346,0.10882194676712152,0.18672935365455628,0.1442282819296131,-0.0053753188597566014,0.020566509334947428,0.2196271280127495,-0.08927525705313612,0.08922678130458145,0.028438756981410525,-0.18583487918432215,0.18072266858651023,-0.08045665848184312,-0.34622006919873916,-0.10443405069505901,-0.011317341367496715,-0.17005460613752948,0.06153943255896758,-0.26120749855131176,-0.11091329302665476,0.04786866507399717,0.03632837762514472,-0.002470191403002976,0.21510837527935167,-0.2720984762583893,0.007511372768638133,0.12835947586116175,0.12321698726321188,0.1290194725394208
1846,-0.21425060132697027,0.04561675557464698,-0.22614527343251492,-0.1427230083089352,0.07801223465111132,-0.1737573541908436,0.8186913081070434,1.047124155387662,-0.31901552976165576,0.1600258539777684,0.48432877373227645,-0.29374380440584685,0.09435894753166617,-0.30861524930557865,-0.33550253436092364,-0.04747525821143236,0.35359147986805517,0.22993704692550312,-0.16325136249397337,0.019235119852855972,-0.09542457570255333,0.3679016398823281,-0.010574084228789792,-0.28415942868257393,0.07120284571195566,-0.28192086038798714,0.08830969999259669,0.06187840470952381,0.18873739069214185,0.47335752538509623,-0.28269609652923555,0.017791614484013712
1050,0.016467302194603014,-0.08214864635021685,0.1888663425185161,-0.36099475877199394,-0.12714372465968116,-0.06584133745694215,-0.3230821898802505,-0.10545287844944994,-0.07697906012421994,-0.21524200682523392,0.11558810944786525,0.08705082749296751,-0.04601748158307018,0.19679116877099218,0.10611131150279915,0.053526057779355866,-0.13624585012697688,0.3113835440959443,0.28121417858327025,-0.10687436251156322,-0.05384663146893603,0.04568685737049034,0.176945882787438,-0.1722451792187934,0.1219952281887158,0.1399596145331697,-0.029458767383266922,0.07611720814536467,0.16393208982931273,0.16249428459536222,0.1090904077947987,0.20155402492205102
10810,-0.14033389338630706,-0.05575401867245989,-0.07621258055519664,-0.1497870794171288,-0.06330713437414345,-0.061598514725652684,0.196379981607162,-0.023814810578781282,-0.04732737716485799,0.24557092640013814,-0.002279685451216974,-0.3083217645557534,-0.08742826407502317,0.09375650062046754,-0.035766411704637256,0.023628198002466794,0.13593551361038328,-0.04649962733209337,0.17849589145279393,-0.08487403941430664,0.05206746925749018,0.020580131048810603,0.21121624872598385,-0.22651879364517336,-0.011094717355747838,0.011087732196766674,-0.017072225801764394,0.040002392605977086,-0.03167224152792803,-0.29431327051846895,-0.04283352075079674,0.13471767694457554
5613,-0.0056317190765582375,-0.23547120020563997,-0.04150528909851398,-0.0033277977385743826,-0.09729968219528438,-0.10383065688301162,0.0252899162882318,0.06275846746828308,-0.06650638266606101,0.0006766334351860893,-0.025017329565586555,0.09500630206197266,-0.06231047537755566,0.0141640469369923,0.00439082355117743,-0.04279305546354111,-0.12259201685818547,0.0975427110872328,0.014136770513695484,-0.1839432713930251,-0.06006173724839322,-0.14547530148753368,0.10862266970982744,0.0008691076739981438,-0.0514846688214147,-0.1501760535252029,-0.018060493671709112,0.3566556523449735,-0.4214430410500909,0.030394543971676218,0.049443408768246856,0.1711333525911641
8884,-0.005470082830181931,0.0808164083750425,-0.1193250512674099,0.17843392023405985,-0.16466309448497965,0.0728927309135205,0.03641474430514235,0.13550725657578552,-0.008965350853471225,-0.013222444488061223,-0.053742990432846624,-0.007297838168639564,0.03479483876037368,0.03199486290359969,-0.08848413270421772,-0.14231514608438744,-0.05257840650258968,0.07912980291020462,-0.13360412600885202,0.15423408435541205,-0.09283586807454867,-0.013054279173094012,-0.08714301633009654,-0.20026073720799148,0.08896636317493638,-0.10193031163973468,0.10092274619920845,-0.080895332410445,-0.15172956405569626,-0.14229485317370988,0.12997475628423769,-0.07154810988678016
4216,-0.20404001337104838,-0.03796025596905942,-0.03581908425472405,-0.06264681814733988,0.031277333402102876,0.15146902000480517,0.06862453341055544,-0.1800043929433844,-0.014207219586000411,-0.04524212059802273,0.06105819386123106,0.04979635372151307,0.0757470455653111,0.17982729035023975,0.08000733019509701,0.1329064432303221,-0.10032978509170946,0.1258770917932416,0.16558472057805596,0.06859589744169663,0.20930698012782423,0.2852210376812331,0.12695407555581528,-0.024361007358008367,-0.24136979067759176,-0.04335758212236339,-0.034093513193036766,-0.04696949427386208,0.038667734215408346,-0.2722084938527036,0.05103994365510529,-0.1329006444987906
6790,0.005523495354999002,0.14546113727296278,-0.35224130810904547,-0.02268612161979308,0.23205567114270467,-0.41900838187717654,0.09135442073599176,0.007894238760295281,0.19445655295805805,-0.058552978284189296,0.28832625001194934,0.040559475077831565,-0.2719086416245906,0.35065125547833487,0.024439714146631316,0.24331603723345205,0.1488709877794867,0.21192318512722244,-0.30649978539712425,-0.08578702142650288,-0.0010442976038294853,0.20149551175650704,0.051243694650124925,-0.08444614665334618,-0.059496760694112895,-0.0008450392940541057,0.03361576780342942,0.0055362195384953804,0.171517708998362,0.015516018317273589,0.04340922707326847,0.2825861047806248
902,-0.2972776608492938,0.16009912821957034,-0.10995960534681916,0.13747679494414927,0.05323501900875842,-0.03523407709797399,-0.23282307508957684,0.09656682784785615,-0.1789636763645361,-0.05556755378694176,-0.059066570112759176,-0.08540459014325588,-0.12250081289283249,-0.3292160718708035,-0.15719675081058218,0.04540071881403688,-0.0725299435664415,0.17845033744822045,-0.07954520546990773,0.07348105054459328,0.033854946316088964,0.2065266464530004,0.1711046989649765,-0.025670506588867225,0.07204543090905985,-0.2332539985862414,0.16564053515796082,-0.21683267140706583,-0.12297384083676961,-0.2605600240869917,0.267010596452939,0.11924500519949284
7016,-0.1514356538043413,0.1713060952371909,-0.30481778626707584,-0.1237969879555512,-0.006238670329627035,0.0651146386324935,-0.23049590271864667,-0.04368230261380381,0.19668285300363095,0.21082090402645928,-0.3312609096563929,0.08009599165458325,0.08429365728187037,0.20525427480689284,0.08630291623632988,0.014039832996464458,0.09200895572779139,-0.1966521261553896,0.3237272067581146,-0.025669793966294995,-0.1680097952921176,0.10909800931514602,-0.09534024703741528,0.16172248061501945,-0.0984968099698065,0.05223527958881993,-0.035533964399176984,0.13193571708912855,0.3869007479154088,0.018275962071622884,-0.024485675787437034,0.3165290632708905
8318,0.04201608695783248,0.041977240907727864,0.012668862165298443,0.040047374897815013,0.012756817956293786,0.04223758811352798,0.12704250018552113,0.05018346496537855,0.11709413450719428,-0.08556890873207154,-0.18581783872665486,0.13266773543994795,-0.1983874741587165,-0.04549774442943744,0.1270251699803443,-0.005914756507634032,0.18281960340730904,-0.16263718873902996,-0.04040330453330045,-0.14223990132587763,-0.0005641296601361628,-0.05462405162925906,0.14038582413153022,-0.146022609950781,0.1951373425209945,0.2753391327563722,0.036926127108094786,-0.06591531642748381,-0.06701579893340771,-0.13097750822088455,0.0053121683527098595,0.1941115960744924
2309,-0.013974282793138523,-0.5180760168682358,-0.040874373710542075,-0.09987197568065002,0.16606648206197044,-0.40591830955670927,0.0005000748996689525,0.21125461853555141,0.0990396885354488,-0.42890249325045127,-0.1654936849590543,0.037863243463763206,-0.35807006026322113,0.06823757222311605,-0.020733379820156047,-0.1774227720239994,-0.009303207180798075,-0.36422607155327646,0.37098585188690725,-0.24280516926350262,0.030882030620972997,-0.10187893886869424,0.0042721132711599314,0.19640878899042827,0.06564898628302401,-0.13603213748191362,0.12134202182694395,-0.19095366795795407,0.10852052327772643,0.2641951289865411,0.2209619119017304,0.0451326158065305
55556,0.07644087563575726,-0.04205661071780119,0.2102036704813053,0.08503537728803517,-0.21192787704584737,0.14042638596495857,0.24768084543215235,-0.06998263743881757,0.3290847513588025,-0.2256315327592013,0.0813431522261867,-0.18570896001442377,0.05193197954400145,0.2658976250674656,-0.1516534665569356,-0.06411169491688676,-0.18654525361289614,-0.02438647658859919,-0.062056605364795785,-0.1870370871761685,0.019409567498256113,-0.18019961963841205,0.05689270113984133,0.22406727978185442,-0.09430539101338434,-0.0946454951616337,-0.07120085732961949,-0.009967401324221577,0.17354802644338443,-0.018370657833394283,-0.14803351939825338,0.09122163205333887
3454,-0.018181612801802003,-0.12570478909346833,0.0931376999000959,-0.08690194277534417,0.0992622083669467,0.02173867347222612,-0.15398388799448398,-0.11604050622618459,0.24951034833752544,0.11986620723965465,0.04392922605831115,-0.0854662397243975,-0.19018448167865146,-0.2322119330976349,0.1010217884968814,0.02441187835144038,0.06705078604446413,0.03134036544162356,-0.04224382982913502,-0.26260915691713366,-0.11027705897589615,-0.23535828857700736,-0.022086213009061165,-0.005579176528480412,0.09046856504856891,0.12324694115157624,0.07623992031751516,0.06142931789007753,-0.006116921240816184,0.05784751123133854,0.16537275636526122,-0.008933888761452895
1017,-0.08508276184980014,0.05615869084285214,-0.11942695683500654,-0.17512116159311242,0.18401541401731517,-0.043697442698697714,-0.04069870601354098,-0.01951206017496625,0.3208886245659862,0.1668517665025021,0.03833294395871312,0.12011426938148255,0.12329391744772622,0.08685611856997388,0.1270664087931454,-0.039218848036363774,0.01863674965340598,0.14487276389279824,0.008947359515889756,0.2378382990613605,-0.26041484120387914,0.09280179091441866,-0.16339031974060594,0.22400094981572272,-0.09026352786796567,0.3100579014421204,0.30350305190763427,0.3298057238186483,0.07011869746363678,-0.11441249688348441,-0.12132000080149817,0.367357134854654
79071,0.11933030084952441,-0.3217468959567193,0.20075729905127176,-0.3537781885706942,0.22357929846902325,-0.21284473597115525,0.2780798862781762,0.1225108398984415,0.014389950489114163,-0.07781901682882507,0.26141699244071326,-0.06173705670933191,0.20910012908765005,-0.18128648723990032,-0.245990213510979,-0.2601344397843471,0.12164038408469366,0.30461765543975844,0.27301068295724273,-0.197195739444994,-0.10872329988160492,0.059756171821025154,0.14445064292109755,-0.11485204800160857,-0.3073975372037014,0.3549782686825266,0.17960841920028023,-0.05006808419941831,-0.06869485735213719,-0.23610681248698065,-0.036639797807561256,-0.4770094790079269
5366,-0.028618771353534217,0.2832128794180877,0.21244096235543689,0.09093808401362585,-0.1984957757086131,-0.013061497779973065,-0.15959835177455123,0.007691101221037947,-0.10170947998760753,-0.004455406334615642,0.09995182732785314,-0.2087675158819961,-0.18707491238667143,0.22306459155013575,0.4722001062120311,0.09960395314186504,-0.15786729609481,-0.1537626408484938,0.14217776601339938,-0.18450931593488265,-0.3141398648449475,0.040705355600209936,0.3078788961022469,0.1556078200675513,-0.018913540709479926,0.04929368920991843,0.16787812321820483,0.08869214640840026,-0.12992523587658283,-0.03016645611271922,-0.10400057126798373,0.29511776068525075
5289,0.01714821079647297,-0.15720435089214166,0.2373380996684147,-0.11513548081590469,-0.05796797438076396,-0.12558367280855265,0.25271556504008824,-0.27431694177340193,-0.004357120624449073,-0.0865110939276687,-0.2205196727217086,-0.12813198898618897,0.1478803655398319,-0.11534995387252368,-0.04272580005368142,-0.12465231509433378,0.12447126988470193,-0.09505335447082805,0.053283054132592066,-0.22653824657812124,-0.16149881572331046,-0.26340966345636924,0.05404216113372331,-0.05503031826121656,-0.21117901460067254,-0.06333294434012147,0.30857473011813613,-0.08306222803402065,-0.21876741593373755,0.3307747020971535,0.1830495207725167,0.035940222771821816
1385,-0.05336185067826583,-0.13395013082276833,0.18919880341471085,-0.05377623712636975,-0.2678909948847375,0.03166506922547721,0.06390410912523874,-0.07592434898044323,-0.017415439038194275,-0.24139287424224157,0.1975151534211829,0.1725135019963984,0.07755745872549401,-0.11208816731962656,-0.10801829764044377,0.044332607396637594,-0.05231891549844477,-0.2224780797718107,-0.00670378168360883,-0.1076487418854076,-0.02499673158861362,0.21713283544060927,-0.1873454940720365,0.16074963033268655,-0.12238146902075873,0.300884335828219,0.044644987600384614,0.013738917973209915,0.448645711597508,-0.002871375850729515,-0.11443728606805328,-0.01518323208183057
5290,-0.054595590566071356,-0.12711181910223737,-0.0029604321142799365,0.08182046655520056,0.052469145617631704,0.12935511598008528,0.13171405240558526,-0.02309826080974738,0.11331850563263023,0.005561036816386603,0.15175383007085785,-0.10645663991293867,-0.06055024038072747,-0.2297057653883592,-0.13360670203091807,-0.18037157776295298,-0.16141512521699586,0.004481268308779851,0.008303046755178276,0.33868613179833446,-0.03316613885892105,0.17959198035539353,0.16958485376015836,0.07577515189847761,-0.12023697862571468,0.13412644470055793,0.1082683335689649,0.012308500052961056,0.08621245442826492,0.03615428208962597,-0.018197124796436457,0.0853879593427413
2946,0.2660438771310193,0.1864462515584465,-0.04755744988467223,0.15354239477277706,0.175382068309631,0.05700030083177417,-0.18819635714889388,0.06761222201286053,0.25037940182892515,-0.05634631029220582,0.09407465585506936,0.0013124615641876415,0.2108138972088297,-0.03185487055403385,0.2093368745576051,-0.109639117929393,-0.013062344580223298,-0.060306211459320205,-0.018283518780522416,0.13291754642666065,0.03561343442775506,0.08546150085411065,0.08539578284331555,-0.06610118824128942,0.03299517655707112,0.047912069417916106,-0.21632485133174076,-0.02024048190287201,-0.11750225649367867,0.029932945860455886,0.030819990930990283,-0.05807198134131621
8061,0.17170599706190706,0.4430611805689388,0.4699057384311078,0.24841335746086615,-0.26519202978072565,-0.07754332353335974,-0.014585860786022512,0.1734492145302942,-0.16538209921965347,0.33227423738787515,-0.21193170748850582,-0.0053053823558545,-0.22317150176692857,0.10147317108034622,-0.5102727544870869,0.07102922643227971,0.047768539827163885,0.10801370458826728,-0.22751344611043883,-0.023488095356513753,0.1289016199372467,0.04181660742278206,-0.15546408931747113,-0.2568723391720372,0.13618694815061183,0.09346329928224413,0.04888494246123668,0.4049085366848318,0.34025535435821647,0.20194783623818022,0.1478216883631516,-0.10767432438625178
8321,-0.10179773906817925,0.0889756485753046,-0.01642332845860323,0.10866806141545553,0.05838113303484782,0.08310105519739044,0.08296793500194057,-0.08987778545623079,-0.16551955464984314,0.167211190534341,0.02514558720197113,0.07654709151372464,0.23452588098842403,0.1479541423800853,-0.003144210952784525,-0.3617287804845203,-0.008389804995436543,0.18596491780496047,0.03594959769093033,0.08248581933333778,0.013501549001905649,0.31564823116508656,0.10141521131824842,0.03519516074225882,0.057575572459411785,-0.08511091019308606,0.0533745196962493,0.13069433856119214,0.07017611056623078,0.09982776834820684,-0.007460633234654175,0.1061602371550394
23659,-0.11594539400659216,-0.0019934305999963525,0.05796611873096356,-0.15632730545985532,0.2805042515374026,0.11946252193586011,-0.36688901616808434,0.082187889994977,-0.2701463882605317,0.03262053226793645,0.25480175263354465,-0.07220844694419623,0.30711702675272967,0.1672922651547048,0.0057338013505259106,-0.09345580591778399,-0.05035925411135377,-0.1014372255288691,0.13532452808254444,-0.1812997395805374,-0.14682104346623842,0.005037179553707006,-0.04196185965300968,-0.14423894156751244,-0.1611963722508248,0.13223621103785332,-0.24451268515938057,0.0465879693842987,0.004246779593934941,0.19989645975350437,0.05958821616585111,-0.0019162271618082042
6622,0.09534489019016382,0.037519650266192854,0.03301219900287247,0.04892317542760086,-0.01391715925749693,-0.01913047736803396,0.0931336294091123,-0.041795198113275665,0.055154426430616646,-0.07593391703288904,-0.001591128115268167,-0.27956239021924933,-0.06137234766006863,0.05378279358817963,0.022494870937367805,0.09782874356676294,-0.014041846200322896,0.09920593299235456,0.07558036584227493,0.13056168241068658,0.03735877950300301,0.020125291161643903,0.07650689309009986,0.09053529141020579,0.017630094830405535,-0.24195358752789045,0.18251697229887476,0.07045306681949984,-0.3632299347159274,-0.026315410460068266,-0.03508438026765992,0.02450919189222106
4312,-0.10343592883963419,-0.11751919614581335,0.042202941648599564,-0.1848996474164166,0.047467494713257063,-0.03982466544925696,0.018531044010841376,0.043774686696469285,0.05002119115166215,0.05544293455413686,-0.11487519094727534,-0.14141299836294827,-0.03524806732348267,0.29496846537961646,-0.06792446526498118,0.01166577873716736,0.005460470776582852,-0.1428815103458381,-0.1330423527370815,-0.12887661353375512,0.13904957933113082,0.21017362759805777,-0.011857592938858984,-0.10589758382007683,-0.04379929796971336,0.004599434417392786,0.08560070418850547,-0.12552627325162682,-0.006354432199062792,-0.024499165851559347,0.23852341060180268,-0.20086101939806744
5287,-0.07612105286390744,-0.20222125615686448,-0.03580477911107556,-0.17067554404592303,0.001945656605949834,-0.16336736419169615,0.09752584485571926,-0.10268324100219767,-0.03747526105244449,-0.02649600938473226,-0.038965351112468884,0.30242873027745504,0.31066694956871316,0.2703449905768002,0.039264034005633976,0.010612684403208596,-0.07984750146169373,0.23268315677332857,-0.11544024734963274,-0.17936101083907224,-0.13209612372014062,0.049946148871040125,-0.2442029480176945,-0.1449128511606579,0.3261909453211414,0.09327064680943437,0.2749709011320231,0.185662504168622,-0.06247783556139724,-0.304979669648039,-0.06194026672240955,0.09234418860544658
960,-0.15878793927631377,-0.2155726487312611,0.04245999745990166,0.09979996215866119,0.022749686844105076,0.05345838080984169,-0.1379783652326365,0.12114962311238171,0.05045134637049378,0.05155016769206121,-0.005692730281012039,-0.04207172971730812,0.1503787205371643,0.11245561025837662,-0.02304125180345397,0.03656503360228896,0.18371563971252383,0.03434119143824821,-0.0981246251415947,0.09131851941684085,-0.10107438816118201,0.07033019937483714,0.008973026669808013,0.36764401410467573,0.18094055721622263,0.16063130177370938,-0.08146279839103637,-0.0032005425833721264,-0.15885235043220802,-0.18658513152967776,-0.18900636506605623,-0.17528179289746004
1802,0.25125586142704254,0.014445087652504728,-0.26683505345689845,0.322707474108483,0.014218147130933747,0.0875623742548287,-0.3203934841147464,0.05763874987971947,-0.15160228120469485,-0.11052710577503942,-0.10567812559565361,-0.06329145944706022,0.20947138830474457,0.22532992243570696,0.2635168113104191,-0.37772825539583427,0.006438080918785463,-0.3531971878835353,0.24997921923837613,-0.09067821962145985,0.017071185196788564,0.34354891476434024,-0.40528945344730966,-0.17844351823120258,0.2901430641037007,-0.34292169767920266,0.19555617723173632,0.3310909210802382,-0.24904119384151116,0.04466908200251028,0.04165796279673118,-0.17910150609350284
5480,0.05584260008123758,0.08428910481898144,0.21395607248860604,-0.04967549512517938,-0.17838647059702994,0.009411177155333152,-0.0343061170419929,-0.29354542992449917,-0.0917754502442925,-0.21719396819164785,-0.0550870599868296,-0.023886155839894955,-0.15105966475125632,0.14003075936211457,-0.23525525319871698,-0.24350049769956536,0.24974465680797836,-0.03881111074837372,-0.16441417408515974,-0.20558398529968006,0.0021956820128417607,-0.10065664617321775,-0.19884238880773222,0.05161842144309507,-0.020786166483764888,0.09771238870416722,0.15894623103219857,0.044822611509418735,0.018513921349082238,-0.026678685089903797,-0.1333021003092988,-0.08861606500523027
672,-0.16680716411165325,0.40472073024870175,0.12695082786337805,-0.07994562772708189,0.35229109606926023,0.10515363206446134,-0.20773359338263075,0.0009370879460786317,-0.21901503359124874,-0.4724668501155688,0.5912351282762842,-0.28739853023348866,-0.14544223600647624,0.012002819403628412,0.20122770681435656,-0.11686437614466554,-0.18412354342671822,0.011057352335303831,-0.016831661927139613,-0.11821477287164608,-0.4230379256292208,-0.015369985098729406,-0.24171259380121943,0.21533166079475674,-0.3360318971860693,-0.05526906973738568,-0.2294535628659661,-0.10163797898723308,0.11607819745649041,0.04876983966344164,-0.1911282344070487,0.11560067468598113
10610,-0.05034235177739194,0.3355277440413342,-0.046195810020566656,-0.227335357679016,0.09585382846395306,0.13809989441403317,-0.14594865722775063,-0.03624644275888978,0.12292070851493511,0.36398396734960137,0.027458854676636942,-0.12079622697120745,0.1511898679686317,0.030078569821551934,-0.22472417452651455,-0.17062772401894188,-0.13963750581614,0.12686830159518342,-0.05737567346543588,-0.07244711662756,0.10417105550523227,-0.34237287284985835,-0.009262999137872848,-0.3645198199120414,-0.22433329623497197,0.02590831476720481,0.21592212113635162,-0.10022489160213664,0.07174077383786333,-0.07204028515482143,0.04597082759473989,-0.0888474880126972
9641,0.03801225884984859,0.0277833492091718,-0.015479690172533901,-0.10191490734133757,0.0002541289005865764,0.08460012907830947,0.05837442547371665,-0.0657383408737652,-0.003214850977893713,-0.001607071283599883,0.05732107882922094,0.02614254354069314,-0.020908590828599926,-0.029780871115791373,-0.14435611095675713,0.05149272513475796,0.026731901997039325,-0.017062188821156787,-0.0016191973633321779,0.019400561943235587,0.05302535592432867,0.005797711499992126,-0.003038862156803925,0.057203887283233314,0.17723903079435566,0.0036974652923446117,0.03008530485436321,0.023421933608490837,0.02799005792825556,-0.13925475711885668,-0.06984303944630489,-0.05693239623771197
2264,0.023745007123605288,0.018421464261488156,-0.06090606054512799,0.14731411854652415,-0.007545642312370214,-0.024134260431918776,0.086762724959586,-0.05643898101342325,0.01369792024406524,0.23055080493988783,-0.025607342410525334,0.017629037851153054,0.1419205796713144,-0.1370158918397439,0.012919585644452983,-0.061443254527269286,-0.07736784286718115,0.10003967588907191,-0.07108036035242808,0.2197260467248065,-0.07957260045109102,0.1471122675695715,0.0720543267355251,-0.04270026274051589,-0.06242250540159534,-0.09552191153174615,0.11736587753034984,0.05881087086323272,0.10092482222174277,0.048895352038189135,0.008830806690107149,-0.01707110961931061
9016,-0.043270438355648255,0.04363650870560788,0.07473979658239274,-0.09169443611619903,0.14845920533131687,-0.018722865568945483,0.005662861780023429,-0.1469583958210485,-0.18757439491597508,-0.02096017448704723,-0.2186505020945252,0.06828149937347831,-0.08319455293272472,-0.1606306864325673,0.01777752936189199,-0.08154181510510548,0.0010350669360381988,0.06055849126579536,0.03999556044898143,0.04679544427038723,-0.03717211547536111,0.05439415051016559,-0.007621164765271662,0.029937957800014178,-0.04046514437601185,0.046934504133430484,-0.27252101292926345,-0.04837715551152713,-0.041392978824607976,0.031781480398170525,-0.1606816116600813,0.0970390187631047
10668,-0.12424737833409791,0.1782030905554887,0.11314352459207284,0.10913228584341346,0.07420271529502255,0.0591945721627822,0.13049333222052928,0.02705727204877571,-0.13972562508684194,0.21088954471311952,-0.18321296629867093,0.29482997726423943,0.34426809808149184,0.08376752861430294,0.3579045746760071,-0.2961254924236447,0.13606663387110504,0.47790074775111785,0.1893104341661516,-0.0491082772122016,-0.11982469493314958,-0.0356738925241497,-0.27564882694264053,-0.17529203772498297,0.20707006537636133,-0.08412645504397141,0.023133264391158245,0.2093427307351336,0.16534876847321217,-0.18358255282558594,0.0841033657592923,-0.08048238511274772
11007,-0.0008707594427310198,-0.39703132874424113,-0.08456993828454776,-0.1742014760750392,-0.5541187885372107,-0.03836669260126472,-0.24370926253283937,0.1908568232490412,0.024632595826174927,0.09351855181860969,-0.22857714496092751,-0.03338178070894578,-0.013874522870011546,0.11901441842555352,0.07594447946849149,0.0015307772022870203,0.08352634792909994,0.16239155452254594,-0.17669521816986142,-0.0032870677786169095,-0.026377828883085278,-0.012793903051848398,-0.023345553578871348,-0.048893918411752994,0.017387250590007147,0.09021937359348321,0.08920595364539681,-0.19487681839749496,-0.051842655805480295,0.2683348073323142,0.010750716171820758,0.15994350743531882
65057,-0.19147144209496966,0.16182342415390408,-0.00586708287757274,0.0014030651661680036,0.021112506875878456,0.11974567348994267,0.21636574039868434,-0.04002260426780879,0.04373070249904572,-0.000908332680408959,-0.037846862141331344,-0.05967563004387857,0.09032148163618073,0.07922273675511662,-0.03427250908242231,-0.05449649775573832,0.12640730592061983,-0.14276257696964012,0.16302402425683568,0.11456960119410153,0.15461699373368715,-5.930202732316301e-05,-0.3146868710085536,0.1366855734655432,0.1392079491489816,0.12029651191784328,0.030790220233180503,0.1902874857615392,-0.08683902734598604,0.15533566252206674,-0.13603035921535447,-0.08250513265203287
7020,0.03512586221150035,-0.2573525686028838,-0.1722462438992141,-0.03842502049766185,0.016853575597604125,-0.22073572099281255,0.026304825952546674,0.07772811426379174,0.0730014392482143,-0.05471628017611778,0.12222535673285642,-0.13250481648455392,-0.04270390642867131,0.11772731240061216,0.07526792777940286,-0.08186109732129704,-0.0842146128607945,0.10669878447901876,0.15441968413827362,0.0034873080406864114,-0.03369530372526403,-0.1079208895470973,0.27805766918142316,-0.07567138655293917,0.207218947491632,-0.006349069531616793,0.14475270837802637,-0.029147406498002244,0.3220608675273703,-0.08846278845995541,0.04633062642807318,0.20335306344260892
6461,0.21602788939957482,-0.008652295361362337,-0.0031582425035895307,-0.06182909475034948,-0.10320274692858368,-0.013192189909381957,-0.16428532998156514,-0.20735466382986187,-0.016640444695221135,0.030482368826119873,-0.14885093973256877,-0.01280650968084891,-0.21095958026226963,-0.16461312166142633,0.04750447811283146,-0.08274900968611279,-0.014913357961019306,0.21664119366774717,-0.2525576310571736,-0.41744364157233416,-0.24484629826824628,0.17509894191442762,-0.07938563533410611,0.28136167222802316,0.05207933616520201,-0.05293065665671557,0.05480781303878567,0.019716141129156522,-0.03290000442997017,-0.4280736988498372,0.033114261885070474,-0.15112119504256988
9738,0.0570583843583693,0.019069665070406427,0.02190063799666827,-0.056639281340887325,0.11917963606725644,-0.09009863938756064,0.04698264991935841,-0.2161813998687621,0.09775595107599036,-0.08894027147156792,-0.06113664479645586,0.03433658063310271,-0.1546347633608294,0.183158472607736,-0.26903475763509543,0.12702688375620635,-0.17846056431944096,0.1933035070883661,-0.0646386845435911,-0.26432814300706453,-0.14983696468363994,-0.010573394252321814,0.06557596271657343,0.271565309239209,-0.16414995802130228,0.10580003001438888,-0.12464356319965107,-0.14700563041771397,0.15488638455688966,-0.03461115086155045,0.12262579464072763,-0.050528913441631754
3775,-0.17571897447853607,-0.4173982544494097,-0.09656693502138265,0.09793220158407259,-0.18036029525679514,0.12176063047082104,-0.05877573014919649,-0.03667782997194196,0.013807845105385857,0.11709249983476319,-0.16784422092932524,0.027522019256120554,-0.11553941313258576,0.20330580205520754,-0.3283255818902146,0.01785851343713938,-0.015819851534594063,0.02562790889814817,0.029193510702203794,-0.08220325629174127,-0.11580735310845275,0.07206164623339967,0.20127251303409846,0.1310251321931577,-0.3613912858651844,-0.2126060855939559,-0.028789909650016005,0.059364381114890036,0.052629389600643006,-0.23186250602607097,-0.2340102693867176,-0.07463014426086059
993,-0.07154650397928866,-0.04409940944427037,0.3544475594825705,-0.15786036383924779,-0.03001989275393167,0.0407103132969044,0.018801569486967026,-0.5147165270406305,-0.6028006688351739,0.09671775679286321,0.22386737349534866,-0.3678948332227139,-0.1817096411172142,0.0790562421531997,-0.09396958221874804,0.20841475374015303,0.2734028555614397,0.09465617401776409,-0.12552167370645637,0.07965342186029133,0.1064900158168901,-0.3826180536749814,-0.2806424998656063,-0.27850630426025286,0.0663146057181227,0.003907394556634,0.26839162852330756,-0.06667800167018349,0.32941008123988375,-0.1613682048364628,0.0034014754944028465,0.1305094150785041
9851,0.06563357566429617,-0.005161566183455098,-0.10755153007327638,-0.03140326657493763,0.042835971820499454,0.1500798642633651,-0.020350003776701518,-0.019072842458433416,-0.04565050712738095,-0.03705363841557436,0.11092663889008786,0.046275316073883195,0.21146573312307995,-0.024473746308967786,-0.14949829384147262,-0.06900936655445557,-0.24769886809443706,-0.10137502418503878,0.08990695923163462,0.08199539408680008,0.03191880285622543,-0.12287011393445788,0.10658686980791598,-0.08007245510021094,-0.06010334422750897,0.005267111276254966,-0.0028141680588022167,0.05603813430802695,-0.1325484550517038,0.06222469999081865,0.17105962093498825,-0.15238261558114508
4690,-0.010034243096385426,-0.14133334677203552,0.08531218414398649,0.09784374716578985,-0.06939503759622777,0.030280214037661048,-0.2279501425339773,-0.15316594710658968,0.1848447862751261,0.09862126459479664,-0.03893349242487707,0.2665151020939407,-0.0043256777052104465,-0.008707760706539058,0.20057175511751224,0.13196969166234737,-0.2761245939241248,0.001815145843901188,-0.10000789532320514,-0.12519776870170882,0.06022068804610653,0.08458932181271517,0.14845935090187834,-0.29117805010909914,-0.04063844174853382,-0.11022450787655957,-0.17743754176659235,0.016671877270837302,0.0354313427382505,0.24163662758249257,0.10488146124323779,-0.0074899992484325955
6804,-0.00966521578033275,-0.046546695766233326,-0.006815159877234246,0.05226845034711329,0.1081737129636268,0.1089555897571262,0.07208510170086906,0.1503178065740981,0.06257313540332418,0.007912002139436726,-0.08651150627683969,-0.06303291051578407,0.2249825739200137,0.13954208577566407,0.19190232516273922,-0.049314090140524444,-0.21010597161444508,0.3147991854675262,0.09791675077305179,-0.03765862642714556,0.15961225225041845,-0.09571792279858443,0.1741603675885085,-0.02728216142397549,0.2529141243711465,-0.08771626578508838,-0.04844665616518692,0.006801418011242906,0.015280156597284905,0.39668605977748406,-0.010237387928298966,-0.1521276152871162
5743,0.13280258943537904,0.06801067220778473,-0.18231615012655042,-0.11072806231760596,0.06013307614086969,-0.035168668711167285,0.0384401811108439,-0.0058532907894966995,-0.04433463310000337,-0.014782209495108218,-0.14870705136088752,-0.11901962894496128,-0.038438541053779154,0.2866506571028786,-0.12544469852630896,-0.06864817214822684,0.010301829285926952,-0.07330185679465277,-0.06452708318490039,-0.24329058188888714,0.11262511541757732,0.062394003659045676,0.18121739979782828,-0.029605650341147788,-0.09779177917299536,-0.01658694833718828,0.015927992633625987,0.004365349848330688,0.14269667846402712,-0.054099370104633976,0.13268726080997048,0.0767757879671481
5607,-0.10405137400582405,-0.03067967284384626,0.17785644705867554,-0.04344892633822993,0.16737210929690846,0.040730869914565336,-0.08125438943296327,0.03741669899212449,0.17564588488600197,-0.11998221876232965,-0.04628161455609018,-0.017878410207395765,-0.08808067383044411,-0.06535057579759085,-0.1522566822558746,-0.012101539488216361,-0.032061904033175784,0.003664877917295903,-0.009319729897620444,0.10127745500068794,0.11369487979512169,-0.08188687278730367,-0.08665389023588697,0.03568909177895012,0.09809428414847618,-0.05133022334553059,0.010784039601139458,-0.05520804585540496,-0.027347024971957984,0.10338852011606327,-0.03136621376252079,0.01988609811106588
9854,-0.07855725692710568,0.19537662064824965,-0.09567707207028028,0.07840670890869797,0.20819527423516224,-0.04715839939100377,0.142285358999944,-0.2481083139996178,-0.2243699292238872,0.2019796691812678,0.07306338818330706,0.07947301454119454,-0.12425788111031166,0.27866618905906687,-0.17067664331810786,-0.12587914159479507,0.2187514928195846,0.004905817100196669,-0.09281969386248083,0.14595963863810135,-0.056683128686217596,-0.05243072070109854,0.25409067934711405,0.06840642744088056,0.11923955547877876,-0.042052808294784264,-0.021567849070906215,0.04037145713927963,-0.20575963167532382,0.04078306431244265,-0.1626564488305114,-0.17489561102919454
9712,-0.11981340055197193,-0.08487812647466107,-0.029183669785296285,-0.06284226829055986,0.0313632127707234,0.09240566983786895,0.20636303176328322,-0.23752591152282365,0.18997439339592603,0.22069917533368072,-0.014967487885845506,-0.019833519276849083,-0.011134788857575276,0.06782427859877663,-0.47464593478865746,-0.015094130978116967,-0.1723915532985536,-0.039411169009336604,0.14277074961518574,-0.04119611209489993,0.32132775073751224,-0.060635482577286626,0.20259502274223448,-0.06632127808182094,0.10908954628554224,0.04798666328466681,0.05574669069512179,0.1793712911291063,0.1471964855237208,-0.04782690857878941,0.19435021544122252,0.10257484398941381
355,0.06169288273004111,0.05580680885987791,-0.029359155699324475,0.04711379576004993,-0.03111296669993274,0.10285422293938137,-0.005930556388743062,0.034215519458965726,0.08872579101248732,0.05293243980365837,0.02495572085635721,0.024465875738544085,0.05257909890515299,-0.06247202291674422,0.10204865780206926,0.012829553631182428,-0.03384502114365283,-0.04257445485225561,-0.026942871031421987,-0.1551767534172777,0.010603848870984407,0.029118748545121274,-0.10861713286013812,0.013177511247942685,0.0844213789482636,-0.004782658443941731,-0.00047774477201588655,-0.16324000811639633,0.007291624544435803,0.05157669885630043,-0.019008538039994298,-0.05787693964948702
5498,-0.004820897459922422,-0.03847899161119502,-0.19752161997624115,-0.1336830004978105,0.03322375570509876,-0.22964753568096108,-0.060079086651761066,0.04561133090885351,0.03282336594962991,0.10831122558940368,-0.14781384092176292,-0.09821635994404568,0.09234511799205974,0.1408242830586724,-0.08768394130094415,0.29774567420653014,-0.1988220855398771,0.24109423915078979,-0.13165894499034106,0.3194666100649059,-0.24284768942914767,-0.0014624046508239447,-0.06366598407551131,-0.2279841405343347,-0.19995355822706373,0.14106783734855857,-0.07913122641654668,0.13021035172321038,0.029118611595229268,0.006852264651455823,0.09711203843267564,0.18771318220845765
10329,0.15445865939433423,-0.053573704435968164,-0.007861453146561379,-0.13229233828079082,-0.14218550062249558,0.29667524302692794,-0.2926059992892016,0.2097856061592677,0.026017231068632417,0.0806933761697628,0.2720824410334437,0.19577705419457744,0.03826059219620378,0.013572380131010532,0.21487366391240004,-0.0032936760375039827,-0.18628671353073142,-0.09332708661157427,-0.028819610130998277,-0.10877395969900447,-0.09275909602216231,-0.01681236247018411,0.20732812712456325,0.18821527533648946,0.007360617174143988,0.22998802216905923,-0.04780205531433944,0.10945122974325386,-0.023135678855901797,-0.05620353485922664,0.017566185698278735,0.07726505724239473
10845,0.1929859140500992,-0.08946469552659098,0.21552608915648125,-0.22405601904212097,-0.02779694616420785,0.05593875580927655,-0.24390145366541136,-0.03695902088522686,0.12746902522131737,0.13057470686514988,0.10982184595461586,0.07169875650672035,0.054836431288938406,-0.12811761531962912,-0.1410887445082853,-0.12627897278104697,-0.0739632486061138,0.03141889012101048,-0.19009561790019197,-0.1581498173338022,0.2952216961079501,-0.23883634117398342,0.29718525111840954,0.21399592600014639,0.08919970631020126,-0.10052228909974309,-0.010956167902144638,0.015429387489284357,0.06833504525946735,0.1660557723356626,-0.12096162210519903,-0.10568979493758958
9183,0.15640809841806766,0.07516415903442883,-0.02401878798072874,-0.0010498117976181361,0.2984566938792164,-0.2631496782067707,0.09573795456245221,-0.2434440096705871,-0.009830174765062812,0.14339159811976648,-0.05353936496680345,0.27167171824951364,-0.06931844637247542,-0.5087603912820441,0.07214333860062065,0.05645554108411642,0.14798710379276944,-0.13638103694933956,-0.10506439275061086,-0.13280730711767444,-0.28141671668419566,-0.32748582813853694,-0.13452473890250224,0.03980566596041469,0.06535975794471865,-0.04986087444806596,-0.0763342315554752,0.003593504908856049,-0.1106275843284963,0.2716523836222973,0.17302673467134727,-0.10303750735677118
9833,-0.10200208750522988,-0.17356341764731167,-0.10478567821377446,-0.18408361542702156,-0.18800998803566057,-0.030406226513093465,0.2242691934614015,0.0866334011020087,-0.14575676353086703,0.0034397319354629355,-0.06067472623042515,0.06910801999113486,-0.0612739062633824,-0.020135864053768878,0.03331343675369189,0.12785659149776127,0.0808372888649763,0.06637014797962706,-0.06427641410042298,0.1608917974108424,-0.11784600305089417,-0.09061879937944942,0.16622973943560812,0.07570457746599477,0.14923512314317008,0.005547149236577334,-0.027520666249425074,-0.03835406614409368,0.03639441423258464,-0.03445202436271932,0.20996422526714528,0.23665376627034437
899,-0.22459316940479246,-0.19945806423320048,0.15360631343728462,-0.25876414351113497,-0.11060278369517648,0.20742629636934737,0.09630097918042403,0.06700047535938042,-0.2136038570632962,-0.20648149943267827,0.2517193325875621,0.06531004207820863,-0.20971624310315687,-0.180264030407325,-0.23655419745233866,-0.09675072620255215,-0.08605556510730189,0.04491549762767778,0.13539469362251702,-0.091847473511331,-0.0087464089942873,0.017797977252535964,0.11131167453251713,-0.18238327616867753,-0.12253136115965345,0.027501009441067304,-0.12086983113399304,0.11700895551506824,0.18674611607826094,-0.3761936895303025,0.50295304912302,-0.23580757103066716
5883,0.08705122160189345,0.15296277257708624,-0.042761374480711115,-0.020675201501539595,0.3639875621720856,0.042866706046612316,-0.06689828799557272,0.24382054621811816,0.12091618914687968,0.028866696560610073,0.3238233541877362,-0.27832380989546757,0.08760413541967706,0.012628984013221089,-0.47949860380472054,0.02275762238926678,0.4246396067957703,-0.057965581148221576,0.5408817701454329,-0.39720521952172655,-0.020488227564225636,-0.2982758666189607,-0.07821197828118813,-0.039270438613504946,-0.11920517405763996,0.17253774658168483,-0.13045108323421045,-0.14506816782196372,0.10789103371524261,-0.0005064836432958751,-0.11607298185912829,0.32476121812300146
10732,-0.16764691355526543,0.18948088036600236,0.13449463891858746,-0.06495189995235258,0.0958209078212635,-0.005199958711522888,-0.1756125179913876,-0.008231113840484203,-0.0627595733786221,0.23394922814175212,0.17969095771413957,0.04891041888162831,0.062408073903116174,0.045060871473895384,-0.03929634336956032,-0.04988066567501011,-0.17696263814093735,-0.20014306460766296,0.1271544002211939,0.02359882714954601,-0.13481341732740768,-0.11478560078266403,0.22889877849544538,0.024350089336244538,-0.0897641298771132,-0.04130977534621831,0.154386667020923,-0.06718108182586474,-0.17307255675353048,-0.042793492168390464,0.20276210261950614,-0.17157349464305285
10782,-0.05196921022350885,0.10931973046744899,0.07593200926560073,-0.05711063852911027,-0.05877011758355193,-0.2237230667505882,0.2808925284568145,-0.12326772009318142,-0.15262977159020424,0.11739981688279529,0.05832166915764315,0.14214653760332854,-0.16623820372629225,-0.007478732281541204,-0.1758099984643736,0.11891019013814763,0.10344939438993805,0.10230942184446028,0.08377094334522787,-0.07127698445241899,0.3717267153571396,-0.24762555837523537,0.1374572068333096,-0.15728267077002933,-0.05563036426268213,0.08085723159887515,0.12319184394899814,-0.0146374756606425,0.00511960587163785,-0.020494541700375624,0.09654672613251802,-0.14908562778161208
3385,-0.055777042819688434,-0.114611142171364,0.048254817521907065,0.026687811941008194,-0.15359537481147806,-0.31093270071794454,0.06032509671422456,-0.2232787549920479,-0.2162584969115936,0.09724901868249926,-0.13058698156016366,0.21837112679397072,-0.05504199051594716,-0.16647992402052575,0.16678558136837482,0.062050619189833435,0.12785792378191083,0.15810246145954143,0.270188918247001,-0.0320626126893319,-0.4565208089870299,0.30243526773501456,-0.032642562487140196,0.01398312291054397,0.274374697535597,-0.07171768760684537,0.05155383334666044,-0.047368594301595006,0.26774433114498614,0.20373420983182386,-0.23872934961600412,0.3076582527651236
1662,-0.14381470751698008,0.18957454365958437,-0.14571192206278435,0.08649339383991897,0.017759551674972396,-0.0620044358125427,-0.022276154878206573,0.07055255288625713,-0.007651911682954143,-0.05127703545831967,-0.05919034922313333,-0.18518319194539754,-0.1331710145878523,-0.09507965783174295,0.15908528102971237,0.2193911888041698,-0.00152957068246057,-0.1908220031307337,-0.008619090385209045,-0.035159861678522475,-0.04718682434287919,0.01617579490481507,-0.10529056889667036,-0.11390824458414585,-0.0906899021115975,-0.0983925610225981,-0.08137140993374128,0.13735977764333704,-0.10960471078492207,-0.1210787136585876,0.04763306730772045,0.09870245111890122
79090,0.1390811832863937,-0.09406710845878774,-0.021462952796727403,0.036160150943269825,-0.0006069984435769311,0.1380872004477271,-0.03692783226154018,0.05347192652330509,0.07237211504967617,-0.15018155891589915,0.21438804894370253,-0.1218846200843808,0.043437389441460486,0.2079503917571057,-0.13407818750690145,0.027064132728866985,0.023991132544387103,-0.17881439907255697,0.10030927729091477,-0.0249017036885387,0.2212435186355802,-0.006886071245079524,-0.026611298541162128,-0.10782558703532329,-0.02382798042272638,0.017756145033392737,-0.14606301339931055,0.2205508033567598,-0.03937488974581824,0.2508081558694032,0.31576178677840094,-0.05827011590921583
8851,-0.10506966021147601,-0.04040765962243378,0.1360816031817653,0.13086369270601475,0.08577831143649862,0.03394496215721357,-0.06022371634806211,-0.11868038169485612,0.01875197662155961,0.03410230322948499,0.18103087449856942,0.1346488366583553,0.09113833611122296,0.06410614179306327,-0.12039742198838761,0.12966844646368134,-0.015990068681323293,0.04709547833293036,0.12789153930093794,0.027922972929017957,-0.1330481630287838,0.06322546347985256,-0.04586983520015268,0.12738946777157686,0.005616059651370544,0.09089987859641925,-0.15289915200235843,-0.1327817838996985,-0.0025030744331950715,0.07635325417305935,-0.06373438592441896,0.10631437483520889
22809,0.22317625210455366,-0.1424133723050936,-0.216988136452913,0.20535515031983673,-0.09676322007812858,-0.21480625829596411,-0.0530742102562936,-0.1984663919829388,-0.07419532974813191,-0.23846160866615532,-0.16850242301400745,-0.14287538520658052,0.04364287912848473,0.08816175499366363,-0.1273704670542398,-0.10177432263215747,-0.13891780481629845,-0.3048158438878551,-0.059719067181702154,0.04572243539964317,0.010061922170864752,0.07365783775803023,-0.049212450047079394,-0.3572015037154877,0.025966531687152104,0.2976793424018759,0.08725965205952342,0.004439340216424815,-0.14908886098954016,-0.13712491862629617,-0.059271493273295235,0.29106644764389095
6777,0.0507611744273108,-0.04330570321810254,0.09785068118897179,0.010867330864278105,-0.05818797929921275,-0.0036685262502201953,0.04077016453264293,-0.003996988013178866,0.03648890506770129,-0.018671104400262598,-0.03759411674123867,0.10012825265594671,-0.0805363759785743,-0.043579281053712816,0.07913296799564194,0.015770537308988662,-0.009439760970893048,-0.003692271960274227,-0.059327091186438224,-0.024640198735182393,-0.06284118300484677,0.05462250593344058,-0.1428612916018112,0.04842003140189657,-0.1797056666143141,0.0277891106388119,0.12465887457933858,-0.018336947991339763,0.03383719578177609,0.09882811860531099,-0.14006228210343183,0.1472950749104496
9134,0.08498934721487973,0.15636522334366906,-0.13866884933192297,-0.03148572200151586,0.0998159843402767,0.10964254968534282,0.22520440715762605,-0.04223091641295438,0.06124071430474397,0.15656027349670196,-0.17497965434022478,-0.2807519156897062,0.13442492237746148,-0.10779544852186128,0.0663437592657708,-0.20214404499760422,-0.0802040892200471,0.10107655649635992,-0.06307323914846825,0.1174994817831937,-0.04698421553046755,0.1418937316614386,-0.06353636651190289,0.14808762393581024,0.25186024700211834,0.15571969405710492,0.013085228432366362,-0.0849490463453533,-0.2890308115611348,0.08290935024309336,0.04831666322989401,-0.18916295940458544
11157,0.17515943813763085,-0.06472383373555862,-0.2746440456862911,0.12096391814619334,-0.048822339682902734,0.07104017462398778,0.19920997459353595,-0.21267122428981508,0.207891099568245,0.018658363905640657,0.08151683056002869,-0.017204651338198203,0.20529914181026876,0.12388570276526949,0.2570630445692822,0.10769918901095041,0.06426019190229883,0.19982215733312467,-0.08159765558937442,0.20905069717100105,-0.03988337970507636,0.006545906298725634,-0.1884514167563616,0.3406180537082947,0.28553029695623333,0.20172154653432334,-0.1813838824326167,-0.17417715504697442,-0.1343404471293685,-0.1049697971005657,0.04287673482239558,0.28962778161516023
10320,0.07644566431569637,-0.03487916982211438,0.06174285831971205,0.031654958502196094,0.014481790007160296,0.02872065795734972,-0.01624561190605961,-0.0030823434048387454,0.009340438868148457,-0.01814622668950816,-0.028166003813284653,-0.07572889602999874,0.02383390698672452,-0.012633504875297408,0.08030142257073582,-0.08396923496655252,0.09487501216244841,0.05445296342510138,-0.014494133805550116,0.06815315124222947,0.0524615353700818,-0.001242043313853877,0.06630686459055336,-0.09992984618882188,-0.007727447781098439,-0.0067952568242215464,-0.060984282576440965,0.0764651678816329,0.10464489981516972,0.0025128310982587498,0.0988240953336583,0.018907019551242684
1062,-0.21687395028488016,-0.016972665588334174,-0.034271550408235506,-0.040633111944305474,-0.14113541321253883,0.06643908898342242,0.2150203423110486,-0.09971414856478991,0.14245071475837115,-0.12740631192294652,-0.05650713356677096,-0.1167433155927645,0.10427694998916315,-0.17062636032808934,0.07669540671100236,-0.01695266484383476,-0.12696987807153734,0.01828307171428959,-0.14666246535514685,0.09322933766390311,-0.03494695994166274,-0.0612155683361689,0.06954208666099605,-0.11349428085485275,-0.06009696329915874,0.07603003494197191,-0.14759515547446717,-0.04032935222363756,0.03174086108271208,0.09428931562845143,-0.19003662682990427,0.2683071531282377
3815,0.02149419407291017,-0.046084470780988276,0.22883035537393773,0.18224001986089758,-0.040852711157094976,0.10900180791123533,0.19367127923232633,-0.09536059021763985,-0.016860584175423247,-0.004892765320840335,0.021193670767384123,0.024977926325178652,-0.02902847102715786,0.08455752781713387,-0.09401708798135372,-0.036871169778083746,-0.22079325281991843,-0.07452627488569358,-0.15649118454277375,0.08050592740650984,-0.10502842077009567,-0.2812520444728441,0.20506268166299346,-0.07495608951528457,0.11835548917648055,-0.15283000122672666,-0.05509613806640051,-0.08030772492036956,0.24271408850300744,-0.04057235029659972,-0.06408335665501158,-0.2353676783604785
3682,0.07016110262726966,0.09646945957640297,0.11092135386193662,0.08402976847786081,-0.07814820105815268,0.07120173431999575,-0.019488721468583957,0.35786971341802587,0.000703115017524298,-0.11887347499094195,0.014968055899892193,-0.2543355275318572,-0.017022913425287015,-0.19313275593766602,0.2791610214477981,0.0328134634964594,0.22349584451165155,-0.31558419076238925,0.19527626474670282,0.28362929176624524,0.37235058719663855,-0.34366400922875273,0.16204138129197337,-0.03791577511401937,0.07514555983779685,0.04985060323850849,-0.049201974748512546,0.1188213461075619,-0.06488607839133655,-0.012837733382931682,0.16568379545581496,-0.20666960762128864
3553,0.11078598028560094,0.07051777174641558,0.00468065639564797,-0.1499740772412303,0.03617992134466531,-0.14076841625373532,0.09000989916403178,0.08914369107504756,-0.15882111894057152,0.016226104312799767,-0.009652461886387166,0.05768690651732648,0.05584054228736856,-0.24095246063065265,-0.006987340302354046,0.6077795918231735,0.11139349874013942,-0.10859738821514471,0.014105831525930887,-0.09695300095521985,-0.22450861723686444,-0.15600997307888131,-0.08090430176999563,-0.13133679594653416,0.14267049031743026,-0.025882255895871616,-0.15121254810282492,-0.20599162079288233,0.10248326073048204,-0.1466162592512729,-0.020868343915400822,0.19392017306238346
4998,0.017980372188983716,-0.1414921268083609,0.24653113100170804,-0.07972830208327737,-0.06777544647171074,0.0846359131135118,-0.0311113485541363,-0.002443351476162818,0.024511774231215807,-0.054684717793900134,0.0069820072687731905,-0.11859277424271418,0.0023448766986013756,0.02060472111970821,0.040896175850741026,-0.14914452085111396,-0.04125642617774159,-0.06079256486420301,-0.17462667732213055,0.005975666133284999,0.05960190670155736,-0.0726100958661647,0.029814721217987783,0.10704695905960376,-0.16481517186872385,-0.19403885841124585,-0.033149632063956026,-0.04531367125503443,-0.10136481457993639,-0.14833910941343695,-0.040454744594637125,-0.03911458473767163
10046,0.033694811539707485,-0.014377805828736432,-0.03426322368912009,0.02281506097897178,-0.15590841533046176,-0.0255139322394422,0.0459594134994185,-0.10197090094322393,0.08441017743756005,0.12898143287920885,0.04548120093764331,-0.04532348922393967,-0.0023370219094838982,-0.08470474133337631,0.014635426073014456,-0.10685950116975625,0.014116498369946561,-0.017479034959558225,0.018969202521295175,0.09958301663447995,0.05420859870820205,0.015807369262954705,-0.0272125645138798,-0.0653271195403406,0.046381091937849395,0.07391031674145425,-0.13071900077384868,-0.08575268263671343,-0.04591932110324447,-0.017849374324693957,-0.03550953356302048,-0.0869262084995469
6443,0.13632236286832897,-0.054047549056863535,-0.04986869445022593,-0.030255953364626446,-0.061142970875997835,-0.0373106364550677,0.20755104610270725,-0.09660575470750118,0.015136092692872343,0.020430546629494943,0.01393280344044712,-0.08417355957899374,0.05108599752499549,0.12605244868029591,0.10946968369429262,-0.10228067238054117,0.10652135256744882,0.03563757938538587,-0.06073027772535711,0.09256752161248984,0.019948085119317036,0.022501744235752047,0.002217816320273943,0.02072135917566135,-0.05715815641072857,0.10695023259851749,0.018867906157206214,-0.047893573921151754,0.05995277468270337,0.17483516920184755,-0.14719944086483155,-0.0366648901312047
5891,0.05806526117957992,0.07546137285014326,-0.01878710479743719,0.13036103900201443,0.021946637701575306,0.09144032868425679,0.057525842383183125,0.005511954962374479,-0.02696309992406863,0.009705473831610726,-0.16848236743469217,-0.11033796127851674,-0.13792285904732896,-0.10678990066949386,-0.044270037542950356,-0.048759042966962055,-0.15055535213057666,0.11954255156824588,0.008695972360318457,0.048669191885096,-0.1486265732088539,-0.048573548852459805,-0.07985555773941011,-0.0007391854757419112,0.06027886740466832,-0.1668058570327922,-0.019685176928264648,-0.0659860647711034,-0.04708768213286376,0.044763278588550365,-0.06382115778956464,0.3249279645390437
958,0.06821146870046241,-0.12516274249893974,0.012401174261438974,0.13166993868501664,0.10071941096946019,-0.12254778141434595,-0.019318177598394628,-0.03923393061379645,-0.3027717974862142,-0.003232498492088476,-0.009426207614368217,0.07432480122763077,0.4688583141115158,-0.0777749777652734,-0.10718051463674527,0.042317046995112066,-0.049852130204825235,-0.2406346979925526,0.1697701148075664,-0.18123206898355276,0.05786901565794577,0.45772154448287317,-0.10221618017262064,0.1322454701495519,0.13234565061608758,0.11774219818146943,0.17949372723876478,-0.036964461889200266,0.09151846755130778,0.0007818090392847935,-0.12216660266537598,-0.020590827957676944
8800,-0.07386430447082203,0.06560448617812825,-0.01628855145299731,-0.04068859063874152,0.1874653855508387,-0.06503680966385644,-0.015546097047838603,-0.06309906161847557,0.11635012935730223,-0.10988141831162591,0.26297705221792567,-0.18218785185056763,-0.04973693789665756,-0.198543457479851,-0.05409012636723077,0.0659510504166895,0.07212098205527319,-0.18412900925509706,-0.11143570222704037,0.059019544150204856,0.03898647336795671,-0.20952725616779844,-0.07249650917547058,0.05293416063115739,0.13991688800536264,-0.0065974294279181455,-0.17371623268463715,0.11106474243747325,-0.19320325033082206,0.08837237068154759,-0.1424362510980855,0.19564569380208235
1212,-0.06017355829503281,0.024941579438614473,0.026449567462249544,-0.057572751876275266,0.04350612319843643,-0.03268701270754903,-0.06918472890768482,-0.032941229486191985,-0.16449537503749492,-0.043937376565093195,0.035204572866896856,-0.09597522692619515,-0.03206520522824574,-0.10866632968945142,-0.010133525760117949,-0.11907082085129951,-0.010226926072399585,-0.0684230018409254,0.032911220400742805,0.31549970331629834,-0.08055611932579528,-0.018640909802082658,-0.25690800921701545,0.10390662359420896,-0.06261466244750537,0.17632962593654916,0.10677541681800595,-0.004144164136104005,0.013906638709260802,0.07337175385079195,0.02715316533987939,-0.11423862823613498
965,-0.04398456891397472,0.0597112005520759,0.14649019723969536,-0.10735531679178222,-0.08273029596189342,-0.041478072487228006,0.1608313301763242,-0.09842470244382878,-0.19240288824985896,0.08420038202830282,0.03359382050035601,-0.023339110599436462,-0.1870742333371748,0.09548071937171984,-0.08798195945010807,0.06892201939810859,0.10733948653104497,-0.1547804295519275,0.041847533683323286,-0.0034867932332218526,-0.01855875558579858,-0.016687637446284098,0.0007379333644212931,0.13267795380721903,0.03416996702490243,-0.01826232107455429,0.1872321895276634,-0.1563750053516877,-0.22286644618396256,0.014831203542915098,-0.21255431170134312,-0.035416464350053356
5357,-0.05977489932654679,0.016861548658324788,0.10226015722070196,-0.018607625747110505,0.011358620016361232,-0.04733563917833433,-0.054224850638146575,0.06971810529981932,-0.0347072170349708,0.20339068200492325,0.05150378922355718,-0.1409741484024867,-0.008778774367404573,-0.03492810526711746,-0.09371671084035331,-0.08308741667582493,0.0009237800529123697,0.07690439119187571,0.06622755040082452,0.23865701739949313,-0.0011334831210412803,-0.05887639942562076,-0.07546477625765882,0.2152606580956059,-0.15890400976760677,-0.07934795497991849,0.1654844278408683,-0.049525941481259515,-0.035794677844794134,-0.06422974135362346,-0.009137325156314978,-0.09362038428694316
5110,-0.02022075840000608,-0.2889406950086453,-0.27379454490327537,-0.14683765074693522,-0.6085889397255947,0.020398835290075572,-0.4091727101809683,0.2423698204745897,0.13147066363690393,0.4555883696434944,0.5161785035370946,0.2173361125103331,0.017164869405148456,-0.26946621641317353,0.10802721986638776,-0.3739474744103434,-0.02294595956054764,-0.1551018525059779,0.19811193287112117,-0.024508014798704562,-0.20574258660707004,-0.10669187319487107,-0.027328646647551188,-0.11583009310863975,-0.28492846406275085,-0.01541889960606323,-0.33523281481697753,0.033418809837335285,-0.11890254588342154,-0.05608264705937066,0.3888174729195425,-0.016028972702764193
5971,0.12110446095448037,0.06920671753247581,-0.0357300952161423,0.09193363210238416,0.07592423513052744,-0.10757935604543956,-0.08842025101356016,-0.048703799279614234,-0.06123065416285125,-0.09797121929193522,-0.06379832598992362,0.1453480109609369,0.07295229698673199,0.11251119602043858,-0.03887468825768578,-0.04999458195981555,0.045333443563008786,-0.13719707637551656,0.12400308847650451,0.1557119916173987,-0.13427537331721545,-0.14228241306109596,0.017990194793834725,0.03093352064503776,-0.04981011710192222,-0.1891352358806354,0.21660764197060733,0.03055815428856064,-0.09573032510675028,0.053451720514864506,-0.0482940818475618,0.006985333370183348
2769,0.12642733278497556,0.05608985663340029,0.018142741029959632,0.1394186636630824,0.09552879062060868,0.04000442899135481,0.24952285322087978,-0.09010001104991572,-0.03888435066060121,0.042135194255425994,-0.06989177195227055,0.05609031261577874,-0.1420721280811618,-0.04469035510841742,-0.14927284157265275,-0.018828347989363656,-0.007197925793677194,-0.22734754771032378,-0.03212419434252332,-0.04055433859069675,0.12254162832413876,0.13129446552127827,-0.19961698637828898,0.06914991143130338,-0.02825213532602523,-0.007236945264676536,0.00835169027005194,-0.10056583736508577,-0.09197746351522051,-0.22354679250057616,-0.03474993772409314,0.032476364254183
8821,-0.17110047752679575,0.2691631157168956,0.04461075628512924,-0.2773524890616666,0.007048546199259755,0.34233530104205345,0.2988554755493696,0.11755572640155745,0.12152491257422376,0.14012754761859036,-0.36496491235055045,0.11081283015492506,-0.11540652708995557,-0.3196364541687758,-0.02217789721221593,-0.0874523050201111,-0.06894422451527148,-0.10293363029695883,0.018118017502441797,-0.05041493251410524,0.06822971586694032,0.11207609216885431,0.03337741925071406,0.12911667723740483,-0.2017190814955213,0.06224145622141648,0.0534197636959326,-0.2541927148736626,0.10155765315931403,-0.04903730760626715,0.010905734814261882,0.2683624906005706
874,-0.14774985570915614,0.04869736269368641,0.2957685704208076,0.08514414803323753,-0.1752091866096119,0.16803968630452643,-0.29316631862658443,0.09681525260937172,0.17848918887864657,0.018875946475520763,0.38325033223822774,-0.11050664576024222,-0.1750875012232622,-0.02579968882892458,-0.31920541828595217,-0.09702003346765395,-0.029219535746810375,0.26157513771079743,0.10284572244928923,0.13338759992537247,0.13862784754149202,0.1617294285598696,0.2107894057481857,0.054692542840198234,-0.15717308902328092,0.11488095952473698,-0.02664932978160323,-0.10465001155073189,0.034885450154708765,0.07200212872554823,0.046248148899065915,0.4579959412779254
1111,0.1420386924683162,-0.1084103643222239,0.05563998231996797,0.08347839333681113,0.136389768314012,-0.07873694372200479,-0.017293548188314335,0.10367882529996386,0.10550368884878286,-0.06646066887921274,-0.16561412935254313,-0.08046851050784662,-0.06399608538054166,0.19192820704631314,0.009332174023484843,0.07718175290497573,0.3026325889655731,0.04944662782110119,0.04703329430307198,0.0161876695958709,0.016029492243947917,-0.21147642319904766,-0.0030382913534731815,-0.17573845377530192,0.016604283099100395,-0.0011225209512894388,-0.03706033236164748,-0.16981073193146437,0.005059202041417941,-0.056174696748434616,0.03239646134685857,-0.18910962277710638
4088,-0.03547189027307697,0.0367101907753585,0.36029114523310135,-0.1898826471320686,0.0042999313964588275,0.10961569442446713,0.03963058573012791,0.4796912958495728,-0.07122941822379257,-0.31268603983296583,-0.37182955832632647,-0.03057104788424962,-0.08447327650528659,0.17528107388915087,-0.03470699586313105,-0.3162390193164336,-0.5126568403636848,0.28902493242685734,-0.21536498166682774,-0.08282853936236924,0.019044095324208477,0.07483974256912351,-0.17326259791290954,0.03000117780252865,-0.12536746429663045,0.014319762616391882,0.3997275551829452,0.006306429104902013,0.07057189400549643,-0.09913540505352642,0.24700134003190943,-0.15143535936937655
1605,0.09491375012739825,-0.11679570934370202,0.04420257424767003,-0.05181912443846819,-0.1659291360618466,-0.0909303667266065,-0.0894464586314205,-0.04058884508085239,0.22843790209666204,0.10267309186947439,0.1361153802417136,0.0857194535652439,0.01687694281800524,-0.18652165648258126,-0.21865808075546975,-0.28388903982027924,0.24376642890210437,-0.013111532864458241,0.03444686094892004,0.06015088614506552,0.3484419073996144,0.12096390351097741,-0.07549819754667805,-0.3042229780969761,-0.08401605057285473,0.1024519504887218,0.0635090632939119,-0.08270076732725538,0.008869883429918079,0.20277264805549516,0.37155049048894956,0.05827024802942816
5255,0.1256814218169918,-0.017338458423659775,-0.047710794016879735,-0.0666183058003193,0.015934898717678666,-0.22507107151173078,-0.22380589800815473,-0.221563911035227,0.07002965494043112,0.08157337282401972,-0.0952230496790344,-0.11981727384357312,-0.050704354780814476,0.1991069889693468,-0.08416492553769339,-0.042421030980102,-0.044036991947898736,-0.10915254452397842,-0.06906990360230074,0.08138982284365294,-0.09329145917568049,-0.08546234760125523,0.08841704128544532,0.12938456350438032,0.04591579849504384,0.11611268873753902,-0.07415792904225112,0.011315919966910606,0.01869371627766074,0.22623782185963442,0.03139593880274037,0.021974812721370154
4303,0.013220664981291765,0.0916006721382661,0.016467386527603465,0.2756756325789608,0.13389044097268674,0.11535525329579037,-0.06671618221659269,-0.009524410215503426,0.10391399541307264,0.15198035004466656,0.040785891157908705,-0.04462642863675619,0.12991185275792644,-0.2977370477359834,-0.03723124092570376,0.12978035313533007,0.06434237948771297,0.20989010074652764,-0.03817417760921934,-0.08245270172665456,-0.04121356634126638,0.1386830398264762,0.07199332641742874,-0.07917120814896819,-0.11943389148353542,-0.12822164545542605,-0.12421892956372987,0.0063317965167113445,-0.02788697049204266,-0.08596776200935718,0.1192606601555232,0.0012063434271518312
9488,-0.1401508663657117,0.21402159248052374,0.05367148662764212,0.05020553129495475,0.09966824270362025,-0.07055489579500293,-0.2432562074255217,-0.13161735947217135,-0.07408528300906804,0.051379900258208884,0.07557720510577279,0.061520953740887105,0.01312885944466862,0.007823158721574268,-0.08889075962719134,-0.18852026001078606,-0.031311006885181805,-0.269719278306218,0.0853298071971235,-0.2940134480836641,0.06556554130893233,-0.07728853927230109,0.08762378552050971,-0.07021403697899045,0.17526718617693218,0.10221540982570235,-0.04455200118968057,-0.28819875550815316,-0.2918731660441003,-0.24788109324803967,-0.09722646464427787,-0.027056735572733682
5154,0.05592141966875461,-0.3707586461448231,0.032370718902874254,-0.44879023241026317,-0.08971106068723328,-0.033982880168439304,-0.18311749099494476,-0.15892318949606557,-0.015631473462265084,0.05235289374311865,-0.14040474056869748,0.13783021391744987,0.3572509349328724,0.12419578130473395,-0.15203465520545859,-0.3606586455186696,0.03682104296827784,-0.015152052437307467,-0.20138771183918452,0.007016818603710716,0.034115474621746265,0.047006896008386666,-0.0729349982099046,-0.0010206880687416724,0.06401133395079138,-0.12320159258561879,-0.15756331574174734,0.0006868153380211663,0.1665941007581834,0.01445370954687594,0.16961509075190062,0.2808647710319922
843,-0.026839341625613723,0.11926823164082714,0.2002628149977665,0.16240692847422522,0.08940644869415423,0.08085529478981279,-0.12105243875532423,-0.011913594293642183,0.06868430099687677,-0.10846492452404624,0.030663429921296528,0.14351846091413012,-0.0681593800496167,0.14636369128725785,0.0154496411797864,-0.06529288185110482,0.008586900429366462,0.1278852831094609,-0.03486693160495254,0.08380963279169897,0.09621850946790923,0.012874697313226238,0.09635710212154107,-0.21450907016702842,-0.06762135451968544,-0.004858297328246585,-0.006100279246007683,-0.10604646191955044,-0.21032788052919973,-0.1743045712963135,-0.08831993622825314,0.030685835678226386
2690,-0.12022301996482351,0.08755265754552674,-0.14288239756443216,0.05368741274233236,-0.11253993750737484,0.15114029012753347,0.07576560119594085,-0.2502862206689202,-0.21901270224829505,0.031352719332774975,-0.1560057407292185,-0.1848193310015012,-0.0019749697204504177,0.2523776727265295,-0.09591539002796391,-0.02515228614333254,-0.08697243229072496,0.05872732945736113,-0.05393490024149968,-0.11958894032420425,-0.18627694024447197,0.12640907912183427,0.09918341577224053,0.05381029792434966,-0.007146264771797206,-0.014264112233165482,0.026374239969405893,-0.008026291805890809,0.06792505733228218,0.12098554290323567,-0.031585757100665995,0.019812461813324165
727,-0.1416019346472759,0.026973670148989572,-0.061860797536989566,0.03522833679837477,-0.013903374189918787,0.08998632685346063,-0.09710327671517269,-0.06863196235323427,-0.04468871101374859,0.01832846254066881,0.07833528093383009,0.06237060207900552,0.1510821917377683,0.09412069620078273,0.0835380606330569,0.01252103001704888,-0.20048699466671513,0.1641370066683362,0.13032523648960465,0.16026495509348676,-0.046208874227008076,-0.12104587144511887,-0.3744635993777087,-0.03741114867789776,0.1400360405253844,-0.16231659459156814,0.09713903356481639,0.11668615222127378,0.08290933516316469,-0.18656028413833875,-0.28410803894977227,-0.019631465757809566
695,0.1788450259770034,0.057755499435822324,0.04317128064539191,-0.05172152458335056,0.000575060496783941,-0.06619923936788709,0.0034192573331217977,0.11875992766677089,-0.025724533575172858,-0.0772400382391166,0.05831659817817198,0.09350769514102955,-0.006890201030710942,-0.002896327989199103,-0.06086075180250196,0.011752355902406848,-0.06279231934566118,0.055823343358379074,-0.11359726199090624,-0.07625326894684649,-0.12726212058924005,0.08542794178660017,-0.003156166601956378,-0.09594851279685274,-0.11656765968775831,-0.06260322248524623,0.02376013984266019,0.1196586073643309,-0.010532031631613372,0.08219035645765663,-0.0046346810924582545,-0.0014150490847528604
10557,-0.10905221408316323,-0.26320944778942684,0.04934613524382933,-0.044448953030297556,-0.11166799279287459,0.4036137052159236,0.17229194268509654,-0.3616230245100724,0.13380672592788537,-0.01565990492926842,-0.06787965180388358,0.0027399502537875705,-0.18590448036282334,0.07133398082330393,-0.2423620640441072,0.2519017249980784,-0.12423890367715493,0.02033765322865514,0.11170904416752339,-0.08747354976335463,0.29455591401319897,-0.09487858828491928,0.21934380879501722,0.05503447871479332,0.09617047846750337,-0.006489867527198126,0.21932453878957522,0.0539349054790862,0.05162317113943535,0.1539771171856514,-0.20243283756641392,0.02851688260200394
51375,0.010256080369704315,-0.20710298975867938,-0.16069446493772205,-0.061456832535704935,0.10104213191234464,-0.011945348433932424,-0.11378743843667326,-0.011814339316795056,0.057393756876424916,0.007123964204823575,0.10794928672389113,-0.1805444691005987,0.09892667912357303,0.2241700832750199,-0.04640962099251457,-0.06892651554218773,0.02730055828716495,-0.18218787612458245,0.132505925998566,0.1790793911806207,0.1286214118871879,-0.005206033499698682,-0.021336420211641696,-0.14884357649584223,0.2000332300459603,-0.25543315053019505,-0.04265132379350514,0.2623333455145851,0.06608813635174886,0.18439456647597277,0.3103816184643596,0.13443506378532105
4846,0.1652718022799627,-0.03930603952222937,0.05086121329157432,-0.010192344678981346,-0.12781827234124504,-0.03716789648500291,0.07278051804999425,0.1550662929942618,-0.039653069620007954,-0.020600575623360956,-0.048681444324986244,-0.010554459615892827,-0.06997744415993577,0.1482681424594145,0.13536951259565771,0.023173601170346704,0.11975737850542131,-0.2834547147704952,-0.13540696205369548,0.08357087680596645,-0.009006875475771049,-0.029820381907341154,0.24571353466876608,0.09053942292884128,0.17513002441685602,0.21830997943727853,0.08558120386630352,0.21612925172768657,0.12040125993914229,0.08428032701070862,-0.02549099804294571,0.15360091590862285
57147,0.26263249129377,0.17494524652157023,-0.0005683736198192528,0.13962170351810393,0.23485389886964433,-0.01113235818412679,0.01173976136212365,0.09878840007336448,0.14366557573374902,-0.06852527632853012,0.15082551816077114,-0.034959807512632654,0.07575152268666635,0.0033391338133526367,0.25282405170317884,-0.056599328751528684,0.20646348948013388,0.11774756988977353,0.1207279569201168,0.051176553858714,-0.02050691331713994,0.018347316093266553,-0.010472530097470885,0.15046246990614792,0.10004104329872507,-0.10797817492152037,-0.10309825198204792,0.08232363823416146,-0.14194180366491788,0.018689584150830666,0.0005929819586189657,0.1637517700358929
211,-0.009089029455348138,-0.031946248286117335,-0.14515807250294258,-0.0030317847711686685,-0.0967031082459638,0.23545027978584115,-0.013403689804965983,-0.09510061998595427,-0.19359229766202435,-0.06694882227424134,-0.08588758203729543,-0.02888433629224167,-0.026835852665794163,0.23386084640954374,-0.17529371182703274,-0.41196406416104453,-0.09555749255122944,-0.008285896821763153,-0.3654157840748307,-0.009319235553716453,0.15403076622020187,-0.17666069266759699,0.22896685213274565,0.06852256887789743,0.11598322879451546,-0.06587881963777892,0.38362243467749,0.4793387601365269,0.15005095820688652,0.4351370116484819,-0.43954710880457026,-0.2513979623516057
9143,-0.21377097302714976,0.005859406239568346,-0.14941585343470032,-0.03433522714805095,-0.004324738398227162,-0.03402671893724649,0.14910071885699305,-0.1113163522084942,-0.17669674430372312,-0.022581163920878243,-0.1716249298919285,-0.20401177074168042,0.03978506108225303,-0.009441652682905569,0.08302514571092129,-0.026904770330304674,0.25692668000175617,-0.11285227133910158,-0.000763804638793633,0.030410335578469158,0.10608773241150518,-0.1627638285173954,0.005887154419718563,0.017489031661771837,0.25833714686142684,-0.15231600913074816,-0.0816512795954775,-0.07213702848862355,-0.034129823130564195,-0.21360341335787528,0.1150950372704979,0.0764147191380879
670,0.11680882813053174,0.039475227298366104,0.13214734568090644,-0.11543933243096453,-0.1122064650053336,-0.07083461643305204,0.0920095133756595,-0.10012935413183639,0.14111244168606668,0.0018283003753190635,-0.011544115877843125,-0.007726202003650712,0.06296821187483362,-0.18210937556092593,0.1292435806084823,-0.10093957523075807,0.0011991643617057766,0.24444717445546552,-0.11506909420384916,-0.3321625943166742,0.013116823097563493,0.09586420324391007,-0.10153930669462866,0.014827033649774734,0.2225418797422839,-0.037876827737658325,0.2863764754435642,0.1200032791422713,0.010192115009341411,-0.15365721993399575,-0.2878608689939888,-0.07967905328038938
11232,-0.03242948591390954,0.03048052651495492,-0.039393300366652916,0.19888653192922728,0.027420411510749185,0.09237277070039669,0.08356181790413028,0.220640728328005,-0.1711571904335482,-0.20995832114135887,0.046249008608416915,0.11102145492539059,-0.07525457243796915,0.17045914461912604,-0.08684806828148559,0.03008440728575317,-0.0460746539062793,0.012605676704872755,0.0018992972747276682,0.12096422899207328,0.010263128708120862,0.03516596885247117,0.20238014903798907,-0.08682325407182012,0.17815230593676443,0.16459595715156677,-0.004316159155677987,-0.048007087555569525,0.053999652946914396,0.11517810836055153,-0.1755033638902289,-0.1416908874860309
9221,0.08595287805953027,-0.002399922567014123,-0.17358035065952343,-0.3033712744812021,0.12421344930022274,0.258020689719715,-0.1431982469618048,0.36386521053258114,-0.09146215668504096,-0.10314863184907784,-0.5385373259378279,0.44952707025666333,0.08392969329574922,-0.04856079889285081,0.08925999054154732,0.1262113860264611,-0.020875105656887126,-0.11256070329440084,0.30951539334125405,-0.37267265835159596,-0.19865923635883634,-0.060145129293702665,0.04054378101132299,-0.005697541723772042,-0.2811594819538783,-0.05385857160851706,0.19289357540198107,0.3937007526233486,-0.2112432779488096,0.23586574619917333,-0.31384049563367633,-0.0012415781782778824
4776,-0.3431067246092799,0.21407842988143272,0.031407885954437297,-0.19980868652057487,-0.015884715759583595,-0.0025159030555495015,0.10474047492268207,-0.24151496277915233,-0.002256553225467708,0.008688791908899648,-0.07989123608677923,-0.09825111010299917,-0.13253417425764358,0.2002471832162841,-0.26419107723239293,0.311357722962055,0.006220443068785421,-0.14478015149863485,0.43574119916458764,0.0160644983740497,0.2378514662297391,-0.11681374008926211,-0.30519896504966626,-0.17731423556232107,-0.2829004364878333,-0.17609306076563583,-0.06338480207152992,-0.027808277257097364,0.02806901549980682,-0.012895315100711657,0.33233644448865773,-0.15764804977742947
8900,-0.09413338906847457,-0.045682541098831,-0.0980867790852334,0.11143663578060292,0.0728725383022536,0.0606802508509296,0.026050533338444884,-0.007621926575264015,0.03032617303519347,0.10888742068458501,0.05135316492857831,-0.06280745550970915,-0.14849531557446194,-0.040504451697851517,-0.0015058331669226667,0.0838331463887099,0.02632484689707475,-0.13568647134077766,-0.05793264655611628,-0.1003402786878372,0.10957297149349406,0.0045081205723878914,0.3579158521833448,-0.0709781316855327,-0.04701349214575156,0.027878407358288084,0.015514157170295143,-0.10506084597646699,0.1802795539938817,0.24625177327343856,0.08008529604667353,0.1699406620003335
5427,-0.1260732593114836,0.3521548095432905,0.05172129845266406,-0.11781794260012841,0.1258376421753014,-0.2682968784563743,0.017212594495399636,-0.09249675444992997,0.04181923848189213,0.05087882726499773,-0.10494164729366397,-1.2731640362705105e-05,0.08666044655426873,-0.1382455687025089,0.06487940804787078,0.028721803008825195,0.22498933692287207,-0.052314933719710056,0.14985869212728517,-0.039254680535388664,0.17472144253876037,-0.052643336678880014,0.13995402946469307,0.016862603212449076,-0.3662536290374876,-0.15750479622984956,0.06572762722175822,0.09294919435051709,0.21576936639175048,0.34440223268281134,-0.2006315526349927,0.013712903494938866
9093,0.006795955400515527,0.02508785995955523,-0.011617061361172583,0.011913392203761215,0.0031253530725750696,-0.016011015814604086,-0.0010154121246725573,0.0736948727786119,-0.05020237810364659,-0.09801892769100548,-0.006239301230146425,0.01650437014624983,-0.13124900420465466,-0.05796030167548258,0.08903737581035143,-0.032924309849626486,-0.04176032551612348,0.01691026567150239,-0.027770822913197286,0.0091737893858116,-0.03707524377455204,-0.1029325598141193,0.018701449245673803,0.0500466530338997,0.004540721778250713,0.08835742544232884,-0.008373757348792822,-0.0932757242975204,-0.026375213286800613,0.012156858687800769,-0.0004018449819508341,0.038799969782312684
22887,-0.14728117706524987,0.20564985387030907,0.03458821766555146,0.09245398666831083,0.12105885151376256,0.1061017556676047,0.1851729081209265,-0.15091231671650016,-0.026967165481831493,0.08278632009339906,-0.05539772539139435,0.23493623411760373,-0.31309729857238605,-0.06188579319017167,-0.043357549070426535,0.17386650930988884,-0.07394769145445038,-0.018322438009267028,-0.08758858535186256,0.041300987143670184,-0.27188655957630337,-0.1358362159757782,0.2037695603110823,0.007704312856130408,0.08326191967311035,-0.10911419308557412,-0.020606358373536856,0.032422064985994085,0.1690638570456375,0.0848530448457698,0.2649520765438864,-0.39605691992668834
6050,-0.08258157928024276,-0.15136926680559884,-0.07867087725939324,-0.12514294847758559,-0.03579953231719638,-0.016607018558766957,-0.14591761496787184,-0.21569405413958073,-0.11204448932455299,-0.06214034938301534,0.06264698669677662,-0.033846485069337864,-0.08845731695348222,0.097404807024803,0.03110904181400837,-0.009383343600089376,-0.10012149736408961,0.11963732599944255,0.04137876565508013,-0.13551813098006366,-0.1851407827588029,0.06372008993788533,0.16020246545219125,-0.020374879241599014,-0.18554320654545473,-0.04200709995565607,-0.011858042992590577,0.2350928896540043,-0.12027840474991641,-0.17385120046687946,0.25622409529837803,-0.03398877031468719
5889,-0.11201042349579848,0.21537230683724362,0.013006733426578338,0.03994268122549008,0.06409989764978737,-0.05873121688197231,-0.05157177413522853,-0.06221112924541594,-0.003980647235225833,-0.0061883326510768725,0.04892104443574056,-0.08491315342098874,0.18920790901658294,-0.12989851500023175,0.06997818333951189,-0.056384680591631285,-0.15017253621260906,-0.029154661465588688,0.09660450141094598,0.2072098193095688,-0.21384063802276304,-0.13851325285093818,0.11341193026398365,-0.020209423176049752,-0.1390347671251928,-0.0040326258099566475,-0.0031216022340793785,-0.09640829371448925,-0.32214665972287776,0.030376047165921898,0.009862777593124367,-0.1514627945685934
2042,-0.040184512285448615,-0.04456309539679699,-0.02005368145924307,0.03416716094706259,-0.0579706967592736,0.0001703263839957898,0.04182746902257622,0.09918260985762516,0.04310808213870987,0.04811977407389723,-0.13224154040884067,-0.10370990286775984,-0.015842906730735202,-0.05378821692308632,0.038047747896215005,0.00953086714805203,-0.06941626049248127,0.10117457291751514,0.010873688063910411,-0.07673923509733703,0.1132525069965253,0.08463800736754969,0.006071921765207273,-0.13840424313964564,-0.024136206743120798,0.12476961556481907,-0.04759332679822375,0.038576862066948235,0.16904849871716066,0.01757121545703182,-0.03525672446884571,-0.00721809683520696
5583,-0.06768262983451384,0.02103466895849261,0.01512442632797996,0.07655461770329132,-0.08330820506560145,-0.056653829965221864,-0.024250926102494373,0.16666018091570575,-0.04028895104042441,0.0002638086733982077,0.02669428274665253,-0.06184905733215715,0.12292145989860845,-0.0879018162018742,0.03535991316144352,0.07466964586418622,0.09720979290122773,-0.012617288276806901,0.09776191015596082,0.25921084750633555,-0.10935261558412492,-0.011621879848041927,-0.07479846298773164,-0.09968745635004136,0.20167518242823115,0.023020552693434563,-0.11338790762225795,-0.033104026384742885,0.11645072218185872,-0.07018145002020798,0.13820946903282205,-0.0014982009527868753
2523,0.06611350244930603,0.05234880751282246,-0.04803082292958368,0.021644697093462475,-0.003957072220708529,-0.1296490703562506,-0.008943324883533447,-0.016869183474653687,0.1459483302192891,-0.08168566760315084,0.03398148260983315,0.2502016683064354,-0.1417738620754517,0.12041536570851903,0.002042551381301824,0.13561041538767338,-0.012456557735253287,-0.1988241934351691,-0.04500870596039145,-0.3416576092867858,-0.15110878035257408,0.07370704865931672,0.13698153183332265,-0.22063853508727252,0.37045652816816604,0.059958401541906015,0.10129219345616297,0.08232432227696153,-0.011146166385194861,0.07636575671523892,-0.04589532148755353,-0.08002940952257571
154,-0.027192971526837327,0.020613027241545494,0.06275329247639205,0.0326253134616189,-0.015712442286674098,0.08917893548907825,0.002000305901814246,0.06914219126843608,-0.00019667859832698338,0.02652139168722015,0.025980859127201578,0.07477467535581536,-0.025180838939787377,-0.09777164434800602,0.04960386414467579,0.014642598608554531,0.003264263219968918,0.12373101564463612,0.05727700721490325,-0.04687193297570027,0.049191720377555766,-0.013921160479191803,0.02551121337731724,0.08766077536835078,-0.15754159117463734,-0.12173922408483992,0.03870754229456278,0.009905568631294786,0.037940296174610366,-0.051123782977953905,0.10787529202305297,0.13342740036630815
2553,0.03963656868992404,0.5151475890912787,0.08056303224820269,0.24946402035924214,-0.3778043895260656,0.5759940092617605,-0.13301510846678352,-0.33367200845169015,0.13789570503143125,0.04030651217177561,0.606496585092312,-0.0354953835159396,-0.05129679136063395,0.3840543162378696,0.32143686274390587,0.19223648166849155,-0.48399735463256466,0.020250464943975543,-0.12043186682272893,-0.10790629264101,0.13644500037642707,0.01573220678100799,0.29404476279710573,0.4148145376857081,0.06012646886307331,0.15254592308499426,0.2856587345760711,-0.07620931013352879,0.04749998669026396,-0.17605116982925595,0.1281226030298459,-0.04465597562517166
1950,-0.044787749962275275,0.059159069703869964,0.054072978741296025,-0.08383796094673594,0.025692058082378042,-0.11330574738247289,0.10116175169205334,-0.03878220088884111,0.09514043135192257,-0.03179690786368337,-0.06424562034318777,0.005116844679542943,-0.04733103322603073,-0.023503514618274247,0.12634818788012506,0.08085718280180632,-0.012792666616045166,0.13689233481015375,-0.0002673006250099844,0.1444759412538305,-0.2629084513290858,-0.13651883505903994,0.0701020831366372,0.08806010113932906,0.03217791449189088,0.047948620065239186,0.09896850039999831,-0.08983054346477891,0.13380859472410514,0.1277178109399344,-0.19955213391106474,0.04290282263245743
9928,0.018605572902593317,0.5323510448943575,0.8177035159677222,0.26338632105989573,0.012276816334237536,-0.11099252671052864,-0.027535861495852337,0.0103039044502997,0.1277384189863149,0.05768999714828951,0.30630634936874473,-0.008246490657320483,0.2973562360488241,-0.36703819789546105,-0.24357503076511294,-0.06281346371047522,0.28193976926208797,-0.026395739433290585,-0.15776157314347058,0.03485307522690226,-0.2209644257452403,-0.07287742955447678,0.05642774744900905,0.017174470275726272,-0.003041891484493134,-0.06769701259371065,0.0744301181802203,0.14099647182961553,0.12873512521634162,-0.19339356885431577,0.15865452484664086,-0.17196143709339295
2115,0.13272971898161043,-0.05303084194516943,0.06376676743068696,-0.06146124240166995,0.001392159327111569,0.12305129247906954,0.009053679998348921,0.1322406507100295,0.07645543809011884,-0.07093343521930483,-0.011577055860241691,-0.006842850190556384,0.07494830674230529,0.16720959600646507,0.08606123162341665,0.2673841915291494,0.31626476386638397,0.04489101635013493,-0.09675443683085734,0.011360180687630306,-0.03549817647048537,0.18846480629888376,0.07075721514806639,0.04913064304900391,-0.1733447401858237,-0.010963918184699462,-0.03395407398657963,-0.11163181894503403,0.046623923830334424,-0.008739676429072184,-0.055079718867845975,0.09622476861644615
1452,0.11240203791490204,-0.12601385899450782,0.10271685706987319,-0.4130540756302455,0.20161562351482137,-0.2550785624687158,-0.03508648838027274,-0.2514643885078764,0.150329225596691,-0.09697300224294197,-0.16139373714109,0.10544154754282328,-0.08191531388608463,0.10247928257542535,-0.21070261323053005,0.1793830733475934,0.00719381255503477,0.17877191677439547,0.1500607614353904,0.11354041201458494,-0.1622340500300305,-0.18397124186051894,0.17527795153815912,0.1885512970331077,-0.13544865193138714,-0.060892652169842285,0.012972718128201785,0.2024942759077159,0.18310336953418477,-0.06804627367028228,0.11635688993999299,0.037877297569553714
9448,0.1276115920849523,-0.05841352923887581,0.1393841083159899,0.010661930023093956,-0.052671852930136195,0.1027693890258049,0.14068806822661087,0.05467668729403808,-0.0360516970505502,-0.009608216958359086,-0.018689774316560305,-0.09523411351923161,-0.01649079298273907,0.09109961160114215,-0.12975026139565388,0.12376145681963246,-0.14492059982299552,-0.020289157620043147,-0.08643203710800774,-0.05445702189005313,-0.10218014785433047,-0.004920111111048887,-0.04186499099233942,0.09842668842422572,-0.026481609263170437,0.0835939322361547,0.0130433804076173,-0.07971321119606384,-0.006284392162566435,-0.004828184794258267,-0.06455889513342464,0.053041088859645015
2745,-0.20607556113425804,-0.17492439216035693,-0.021406636390249353,-0.12529235232211733,0.6316372575980723,0.37475103283367456,-0.07628104546343217,0.16551485849361194,0.04434909668697583,0.3140260068152265,-0.23377041027249643,-0.08983602609010877,0.1490917638786106,0.42329209829946923,-0.49584844868484723,0.5393850339650298,-0.007082319738798069,0.01921021437220252,-0.03257439253880415,-0.14658801274912786,-0.15805990140762358,0.02776066409498104,0.14062252049303078,0.03379427925303185,0.21696747560685176,0.2545465484009123,-0.11766230770589475,0.23781921979451107,-0.2791635831444213,0.015843684266840102,0.2357566228660323,0.19074154274203314
5777,-0.053943536604325125,-0.18129011999701447,0.15792380108111945,-0.06102314209128654,-0.26332802372386505,-0.19018932805284572,-0.1480253911173151,-0.13145622483938413,-0.18140187047074635,-0.00784858850607835,0.15005363836527813,-0.24194741563334354,0.17010479127157077,0.09447022470696137,-0.010836176659858093,0.14337675847706174,0.16315903275013227,0.12681700266802776,-0.16002287632233542,0.04313597697365902,0.12146232052312468,0.02794075975790557,-0.01611528389110683,0.084150862555637,-0.21088911899111593,0.15599317251476066,0.1857767027055419,0.14461646620010482,0.2683970619837484,0.05990871536111661,0.1276106383034875,0.22959680308533728
10898,-0.01489803662208885,0.007744148433099494,0.22804596388539908,-0.016487538641462234,0.01936926943183182,0.10148386377512536,0.19241340780353614,0.12062892012298948,-0.17867367009648383,0.0911078693148455,-0.0622138717038192,0.1786890406422226,0.23081063898560442,-0.16412765555839212,0.10028273983096665,0.07130416838401744,0.005794696766681056,0.14145307146646505,0.15624832766860744,0.08297472661723282,-0.009663591864336595,-0.2568434939917414,0.13758589669294746,0.06746996791267787,0.12398885564249558,-0.007886782145894465,0.01082486190158367,-0.06033731766852386,0.20767409296606826,-0.20019583534222818,-0.30782744321977,0.05464677618230988
9170,-0.0641706760861423,-0.23479694135373125,0.09883813161987583,0.03504887529817026,0.15453322211407935,-0.0762893132132342,0.04881331587456624,-0.024841560989580864,0.00701449775140086,0.1556093570773871,-0.17481586882061512,0.07580189844775412,-0.03822041040300512,0.005627368703717707,-0.09240687011606882,-0.12612839368803402,0.03540010465801608,0.07008110268016159,0.12232952613315355,0.2509414055011468,-0.09171864987748338,-0.01600874576891785,0.474789542261542,0.20738723588815214,0.07680339963325393,0.1031740033713462,-0.09740127422204761,0.291197077023085,-0.006052285597609234,-0.1988426723132941,-0.08755875021019274,0.13687839625633877
1677,0.0919633855222157,-0.0619107196437801,-0.10031148516504014,-0.11259191623170928,-0.004683900007317728,-0.0021218005210194226,0.03020449717487754,0.02874161084543213,-0.006914261839494659,0.05588268876057427,0.06945420629224305,0.02464765381328013,0.07663942217446115,0.09485376322332431,0.12260584697943079,0.09220530879860392,-0.07321498203223584,0.04324425911592243,-0.029051049066778956,-0.03566976103742829,0.032580199586246146,-0.23146031953408408,0.04144381505806916,0.2685637718542775,0.15589320428489767,-0.0526469098688682,0.014384732656934573,-0.11481109381230198,0.13772878123774998,-0.01780641799459831,-0.12929194183664908,0.03904992175982828
23443,0.011652682171591941,-0.01939036732360838,-0.13588732197889836,0.04662189727775115,-0.17276760414533102,0.08636473763839703,-0.1580736347647108,0.15853671080878087,-0.029625808135571117,0.23876980528805028,0.06112756879679615,0.12568597807601548,-0.14917786279760753,0.028184687933154047,-0.010715241688077465,0.07093265219278976,-0.08964524846315175,0.07553029053769357,0.1441901376776617,0.09903173911678144,0.1044441534395865,-0.17265438484898693,-0.07937230768411324,0.06130447878546781,-0.17242612811630134,0.09299003651441345,-0.008401434641664094,0.06655925720310134,0.007258166549791342,0.032829935473787826,0.041866716284047645,0.05440349798539356
10013,0.0677212179275787,0.025121357889906774,0.16415900194353855,-0.11557800115689233,-0.04979272480334051,0.03251710770566721,-0.044270433676134084,0.09335129596650953,0.05202092537811621,-0.05419481040183101,-0.07136713220305803,0.07576490858203805,0.3414640251866976,-0.011770410101880147,-0.185758905332234,0.035685021847191266,-0.12226644147657291,0.05829868198563016,0.35825379955696995,-0.059642197144378815,-0.02968985009509321,-0.26466372452649034,-0.008839007728294714,-0.1525764159394662,-0.01713702458596277,0.2751223363761145,-0.13512028651523877,0.03616750411436456,0.005126194938073845,-0.20470022261115653,-0.009165243049100486,0.16340251295109753
2736,0.028159764935390387,-0.19804699998790465,-0.07317336415563784,0.09218796116723864,-0.044798577237381766,-0.17587370842642944,0.0027809387613286934,-0.05606815653651027,-0.13033593682071215,0.26283767006885705,0.06294946600721316,-0.10598523750390648,0.14559043540651156,-0.23769336493027843,0.02276504691629808,0.05100983907570146,-0.04509569284337742,-0.0001318256604193369,0.07997391182974185,-0.16646737778009285,0.044174629775695834,0.014639023024872985,4.453289725835022e-05,0.16852942955968742,0.0729858778309436,-0.05543911032175617,0.0062013230599785975,-0.03905264642563164,0.021042254430158478,0.1128553815425692,0.07096661880993309,0.05618844973027372
1029,-0.1265400488148647,0.027521390238095484,-0.0060040444366898475,-0.060175557190497685,-0.020659653015384753,-0.0115471604211121,-0.01312087738501201,-0.12518664766902737,0.0965360298549998,0.01450579601928958,0.01787377389946236,0.03646853646478343,-0.022630420604623537,0.006786535054453618,0.013240282499241578,0.08971918629281987,-0.22168768405088007,-0.24174965422191486,0.11147291582365154,0.1190014683668958,0.054069446083897535,0.0041323266664372625,0.08432458257516627,-0.047859762070749046,-0.20651153147640175,0.092054345989414,0.10904790713342069,-0.09304762346993391,0.06833680832034573,0.032040912247285835,-0.16463423552041065,0.15335086913104104
1870,-0.0005928778228107912,-0.024846964151034153,0.10128845853728172,0.03567263204193456,-0.03725862297016135,0.06356189679977454,0.007966016313660344,0.0025468168739232644,0.042914602628970316,-0.0745188488416958,-0.10224165329737986,-0.03649003853969683,-0.01655672516044569,-0.07282590219594011,-0.06561397733958338,-0.02334167325879475,-0.04932063477980173,-0.06829111942287129,-0.1231626761712001,-0.08591011328614626,0.005148508605031979,-0.10170325987215183,0.09035110176711608,-0.013831707216171399,0.009633611002715415,0.05308283873843196,0.19915462769599093,0.07019000559941951,-0.255690588942531,0.09429878676783747,-0.09651426505388687,-0.18713422700563279
1021,-0.09358201137741977,0.07230124798158243,0.022608259490327867,-0.06409039778457816,-0.11069313249637804,0.05926515619454979,-0.09779917826083133,-0.030221811974184627,0.08232971225947396,0.009329930449636783,-0.16153022981076565,0.032578620495412686,-0.10035935089474711,-0.046834279669221615,-0.04630085931968602,-0.03694452984376211,0.033152452969737636,0.15858801791305377,0.14060760713243153,0.0284576240045393,-0.0019757560779886728,-0.01907754759004632,0.07008688761988145,0.20559545605652046,0.0335301393334161,-0.15488157859320087,-0.058341052149673715,-0.21272581388758452,0.14998467336723834,0.04651747123115136,0.16535810620837538,-0.06361985543520272
207,-0.00010729174510676703,-0.19773203543362927,0.08059487576127705,0.047135109155963896,-0.03857239221341809,0.04403200425426984,0.13235117130291574,0.17429470801114488,-0.23195094698640106,0.3349853490134036,0.07373570758101278,-0.13593556068281507,0.10446486766800314,0.001000277701704834,0.15524036916826076,0.13539310978449406,0.07611623797192764,-0.2571701211505536,-0.15441957007075888,-0.270500275799071,-0.14294368455386056,-0.09719978936741014,-0.14976167235339904,0.18458667161148534,-0.19319742654463107,-0.13985906338703943,0.18493664272348198,-0.18814925630423385,0.19134293044806808,-0.06196535099337578,0.13532960802364807,-0.2649188898914641
840,-0.0015307903001114192,0.05192437350238424,-0.11024648150363803,0.07616452627477883,0.12050386979904824,-0.1441381042985822,-0.10651737040833187,0.06120971512885224,-0.18407192736715527,-0.11579626811399088,0.15160710915903816,0.2425474202435382,-0.08438238926410362,0.023000917212696592,-0.14856664214533477,-0.08915426109019017,0.13837334930463882,-0.0002458008925379902,0.029559068558189877,-0.29151779128285,-0.05740631621923984,-0.26454414082258454,0.15477471055593772,-0.09798168699215008,0.03260728446289977,-0.14586819525381992,0.03411542558866709,-0.2111923164054499,-0.09023700014628248,-0.07504986365792296,-0.08783541631047152,-0.02705917723140942
10318,-0.09187257702395184,-0.004873781857369625,-0.1170874949427018,0.03861446700262304,0.0020795080190254564,-0.12368818253357065,0.1413791841216499,0.02742080269824326,-0.07649231095320393,0.010650787801575962,-0.05305467736313052,-0.11824049932848368,-0.11536521633983007,0.08456195529265195,0.07351814637190418,-0.07174088222016325,-0.18656349612829978,0.023491656188840113,-0.011643679905863883,-0.07528108189121666,0.05928391183313349,-0.2012945513621009,-0.18959009868988147,-0.03364389854954581,0.1253234465463077,-0.03827859383608673,0.00976989226744533,-0.06813725973151513,-0.05725545913436267,-0.10589424969999592,0.08677403244096654,-0.09221727461833071
7015,0.0954457439082771,0.004007594068081688,-0.020260188915228534,0.05929512617985847,0.013637479111448794,0.11768379751308605,-0.06428301343201975,0.1639917027053949,0.016949500979241333,-0.049809934971601674,0.10217459788220387,-0.19725239102896613,-0.03709710653637852,-0.21201987157191565,0.04919495261428042,0.04488246498765089,-0.19028812471328888,0.08069483275672913,0.018367454672823063,-0.15772339188032408,-0.019155999798913585,0.1070262562930067,-0.10773185523424995,-0.16733506773815998,0.014786247328685793,-0.03857437833266191,0.1261299864114682,0.35217742863949075,0.09469147379415326,0.2298304775453247,-0.10853688882533204,0.11449959941910824
5788,0.01749701165092124,-0.09560879502312125,0.0037663949780199933,0.06489331114945376,0.016668274271842334,0.12895345974912276,-0.05018338431957303,0.008913736552178827,-0.0688484833813264,0.010595322705719949,-0.08870921745828675,0.14408878272497883,0.03780860862426486,-0.14050397054178643,-0.03318637028457385,0.07746534285888088,-0.1255616394471768,0.07571167673059871,0.2265299299231431,-0.08579039902754633,0.028684924337706173,0.052669309520301605,0.03810984319973599,0.12787783708755268,0.13332324528185396,-0.10108612991589684,0.011095061698389861,-0.05225838834229181,-0.0009265567426458058,-0.016404022513571377,0.07928810017516073,0.2598944239354321
7048,-0.031495999655577575,-0.04079931281975332,-0.10062375420028917,-0.021664074319567524,-0.011700935878526848,0.05418494867372506,0.03637016922588012,0.006858348076929286,-0.028152603406113332,0.06589433703939207,-0.016590270113258664,0.005171474227739018,0.06913453459033024,-0.00493463939732952,0.0007602726931575185,0.004575994305386854,0.09253421659038577,-0.02070181525165589,0.07443763167176264,0.04995706238367674,-0.14199474327742567,0.08661901351569404,0.0008599592064541138,0.1137193492962316,0.09734701284547517,-0.11460330579435808,0.05731568916859292,-0.08395894518851041,-0.009073627537417382,-0.08078332967480209,-0.05182364801889151,-0.10139647029858287
4775,0.020517495194483558,0.045538248951769604,-0.010386411472066887,0.01640151283001193,0.03595633705928118,0.08236895151837631,-0.01196246548145133,-0.1108908988484958,-0.03989259340989568,-0.03566083803092801,-0.005847071484958659,-0.11559637023209404,-0.04512656153837076,0.01630901081541133,0.034848642487321654,0.009331686226114716,0.008103035533274735,0.015469294691758464,0.09223543683403528,0.07840089594740972,-0.03866733596071732,0.0930130045301879,0.01315330601587789,0.03230643626406636,0.12740795080753625,0.058984292577710734,0.04244293100714786,0.06619800608087423,0.014461960331468463,0.08930437734723859,0.12530091808465535,0.02408401115400454
5880,-0.2145678186665666,-0.02443707668525859,-0.0006422290764742421,0.010338150186636818,0.031386522443225665,0.007950546647755843,0.048261160347725665,0.008301386753688415,0.09321199276873543,-0.21639383021224962,-0.13456891918448535,-0.10877374297899955,0.04754982483260121,0.02986429340702544,0.04656215065497802,-0.04409083014747498,-0.05946348777582984,0.06153050125152813,0.008385539326313043,0.03155534819407632,-0.20682501656949295,-0.20165312534094484,0.014743917543247583,0.07086607781745799,0.11069363876107943,0.046794705019831566,0.11924507345255138,0.10374441657887888,0.09113737832326535,-0.08715274769128897,0.13428106699578957,0.02441272927569295
9533,0.07983481779809432,-0.17431935544965563,0.11717679296922631,-0.1330617694880717,0.019640908421844735,0.1019831440789328,0.030928710389251154,0.16108717217193108,-0.10226136624721635,0.2077104323733328,-0.29531416695368334,-0.21561333307526484,-0.2137880641005959,0.2330485521392007,-0.1054055302022415,-0.2133784190665235,-0.13601231614818562,0.05017475165368717,0.13630155107448894,-0.0746921942375671,-0.08060993019863663,0.1438741517632881,0.10231849177002551,-0.23638507223928068,0.021643957534803714,-0.23429381636257224,0.019733922628067318,-0.27525380781130826,0.09837802927824225,-0.21527347949600995,-0.22115475688988598,-0.02915662417530727
4791,0.12668286750808944,0.09679938596715458,0.034009782361410223,0.19913567092172674,-0.07247566820562537,0.1336290080158114,0.06667357111883696,0.30189903251553785,-0.053624705454650964,-0.08974708908199451,0.005838904338527377,-0.16918228667746027,0.029453801257390635,-0.09932296779628697,0.2757912911200297,-0.16262609324393654,0.10582616132906277,-0.256627549071522,0.10499199296138402,0.17186063246365338,0.3384301727317292,-0.14306416191118046,-0.03362282722466332,0.224802802482675,0.1122282643322591,0.016888132251680038,-0.07998861135592061,0.17406639653265804,-0.026065255397326025,0.1886706581378886,0.08236649755864753,-0.2397162473395131
6850,-0.04278169740805575,0.028739198101203973,0.19604970666654753,0.0062108587847526245,0.15137085988096735,-0.10963433304365601,0.11818220066108964,-0.11481824667899687,0.06636756667754708,0.04240377383294047,-0.10230327346688631,-0.03205898163747506,0.2423282581678345,-0.11881268342239938,-0.0506601539860217,-0.24481014527681783,0.10065671696219604,-0.0293470278049738,-0.14767813793182458,-0.059293069305419,0.33645787364615276,0.223793575941797,0.17476009469476214,0.03262824674695175,-0.14682315680757213,-0.11264168623619346,-0.2115889398467515,0.2609744076774599,-0.11704613704376661,0.09683484121354556,-0.14150703114175067,0.19803754387951078
8573,0.15700138921943202,0.02199484710510153,-0.17534742524678937,-0.22433928129705788,0.15764143345487333,-0.0644344596624332,-0.06772346066203098,0.05723242181091045,-0.009897839836492827,0.22539307798767988,-0.09571927821662966,-0.1448531876785441,-0.09426234368522066,-0.13293014951047627,0.13883066978110517,-0.09625746391688954,0.25576296748073246,-0.1361357547744743,-0.03600387043918167,0.0774604260327583,-0.15170612354250512,-0.0064121560257288795,-0.14877838078381744,0.21984233544371473,-0.011558994873093182,-0.018020330457734927,-0.3003535379004392,0.2443622141241035,0.058425453083208456,0.01772706941646348,-0.18370887573340988,0.011818953611827441
8202,0.027814117304818534,-0.26874952934799695,-0.13858404165540122,0.06597921934087878,0.37355928696769325,0.5821876164444869,-0.08461530985585598,0.11014770680713681,-0.38307573855364174,-0.3909749571272393,0.1360408202737822,-0.016795409012332205,0.08629195074197003,0.23681873710944545,-0.2957349935489953,-0.08719520150866594,0.1898893432581781,-0.2047952061610086,0.0998757505825109,0.07371152871278763,0.11058301703476897,0.284906467986787,0.03244399096419512,0.21281494532164233,-0.36049536347163375,0.3529704195600736,-0.25770919094539485,-0.17143030024269493,0.10586577611745208,0.24389588681947813,-0.13849557699029713,0.030851739315366125
5715,-0.21008461301930767,-0.11320492210938674,0.21132609398784122,-0.0905783522471047,-0.043829297144626564,-0.35010910180589444,-0.05065948689135771,-0.1264482662768389,-0.05620012073616129,-0.1349162125557979,-0.15654674377805822,0.09210982433103383,-0.14187437066569192,-0.002070408393247238,-0.10698116629371653,0.08721248615602228,-0.0002896359911123295,0.11665868366222971,-0.14960599257303123,-0.010511703274810262,0.2901229334245571,-0.08600523617057539,-0.07191631065949922,0.24684843285811467,0.18238433169495777,-0.2546222094872687,-0.44714829116285654,-0.07269391456020612,-0.22898354181526556,-0.04559123265347953,0.035830705665783905,0.1558304081090709
5627,-0.05509462415657726,0.02449812955154334,-0.16055204588983782,0.004087807081006208,0.021394854786236116,-0.027814317508578133,0.2661735788725073,-0.028634415771737885,0.012009042631317617,0.09907146867410394,0.013124979125131123,-0.014143210858667455,-0.10449539981642832,0.09375242242697575,0.08635417164626098,-0.09295769700318912,-0.00441609318753323,0.037060018983424044,0.04088143153696486,-0.013018021212379686,-0.05646787240225405,-0.15332756199704548,-0.03867747864421586,0.0022786266973249167,-0.032049992683618356,-0.0712090266890098,-0.02296902089914288,-0.03778233410599961,-0.11096211371631906,-0.22050389633049516,0.06215759632808692,-0.2178025813112098
22794,-0.07070286989348679,0.04324401276543796,0.15149923167476603,0.30952969490819143,-0.024276000176502745,-0.07849544464887312,-0.06116666229910395,-0.2198914456479381,-0.050128904234915526,-0.22129491009459684,-0.05999064921820194,0.16298450606773426,0.06000641135319713,-0.006253744539475424,0.15359368848625293,0.05263934549738633,-0.006797661695586644,-0.25175068552650365,0.01857579737559125,0.23193517362202384,0.14103501551678696,0.06595915187243574,-0.17841566088206157,-0.00959398569535014,-0.03173639051444437,0.20517288191625094,0.16333268622319816,-0.19676472417775584,-0.010630633808200273,-0.08244857251813598,-0.19751461789942903,0.12327277960873206
4582,0.09857234938978975,-0.05676257020484295,-0.2152185182374574,-0.07497018422093882,-0.03480671982501451,-0.20176998450587397,-0.04032095060751804,-0.08785014888997326,0.1617010399424573,0.12950986011349672,-0.1355777221233619,0.05549213662326805,0.001475918157457255,-0.26359332735481084,0.26269386421556107,0.015855209187710707,0.03255395236307603,0.19438748702347908,-0.1399549938086433,0.2056337772614462,-0.22191067049545357,-0.04359429893249873,0.05240229580077264,-0.04539983773896742,-0.022710580535515033,-0.006606568462523733,0.10545101064922154,0.08943409058968267,-0.03864474977768785,0.029403286525874886,0.03660494437627569,-0.17164649218133074
7982,0.03534089377196132,-0.10472414653299927,-0.09223266408131109,-0.08236092153416197,0.2595137729551416,-0.0798361916852018,-0.08546146435449876,0.012070220659114861,-0.096675288881514,-0.13141567784085195,-0.0874277440330126,-0.1209980340458154,-0.1329429132762235,-0.3705480350338425,0.10770740019817514,-0.08048949475495694,0.15174493378661053,-0.05940820474177187,0.24409189196795406,0.047822533627148965,0.14482390091660602,0.06376463213501841,-0.13500074756627997,-0.11982796989772555,0.009481410226115419,-0.110413225805652,-0.2814268293669922,-0.058344520637041423,0.06760587977001752,-0.0924695398797951,0.03135684399475061,-0.02391488157539394
4931,-0.1941838937778587,0.23276350075494023,0.029724737047911478,0.04174530356236492,-0.14293225189127629,-0.08676551193765061,-0.09144458902467326,0.09113170919057455,-0.13375237560156922,-0.1279848103780228,0.001767650063152735,0.0843782894952413,0.034169731408889806,-0.09052935268279766,0.0060203460337632094,-0.17151146311213397,-0.07170634042644304,0.01042122739945903,-0.09186231694460203,0.03438338076944534,-0.11346858349168962,0.08214368213206268,0.06351358545977985,-0.20343912324602625,0.07520265512328471,-0.39715396998124003,-0.16698434136992452,0.1348199117366119,-0.040718230611119136,0.032893531948271236,0.08070557365332678,-0.18429716082033815
4208,0.08665560435270236,-0.05439487611870963,-0.034205733704105415,0.06443004679733767,0.020975197447206436,0.09775078550549077,0.007653855486644452,0.04335584500757202,0.0237555838390567,0.00796505652725708,0.02009010934483424,0.01970131941138041,-0.0038953203413976826,0.04620680962189047,0.18322745127949386,0.020835359591488467,-0.1007711351189234,0.1035207595490571,-0.0052755745557033105,0.03255574451180592,0.03549299177079331,0.05972716995902792,-0.06489909449271467,0.061579920559757355,-0.03679053208568687,0.048542705514357826,0.20651832361858982,-0.13973097843338025,0.13200328798886102,-0.0733141711094744,0.019470930684178562,-0.0162431508992251
11261,-0.16780655566752228,-0.024971316458193542,-0.06870248614521526,0.03732102765680468,0.051433073708974486,-0.028515230182827346,-0.04319300508477708,-0.03184862092909386,-0.051471435368559214,0.01964849038400286,0.012725358396483982,-0.013724709388637681,0.12536929480903025,-0.053759373236947114,0.049992544667428265,0.005332286698622976,-0.10238126440690584,0.18521202123610084,0.07481381997876273,-0.006346658499899004,0.01865100874572308,0.08130957093962234,-0.050664752600367034,0.02228539033689255,-0.045546833013889704,-0.10578024005696844,-0.14161658619888084,-0.07133454509982244,0.034661950528387935,0.03719378889908077,0.1461370514106883,0.01691346652905054
8091,-0.0061315297169212074,-0.07920133377326063,-0.02557976258462403,0.05339627068532084,-0.04580860247996769,0.005432109016020787,0.265791813052989,0.04278378815091122,-0.2242265785589225,0.04124526311767825,-0.01668723432813719,0.16617523525274286,0.12044760227801134,0.07334810488705026,-0.10493708577473405,-0.05250294155537749,-0.03747415988202086,0.052195419596594586,-0.04131920693358611,0.2589451002650663,0.07407822581011286,0.22416483153762604,-0.06014114552019855,0.14497689834628819,0.026056186449494957,0.17383484649078665,-0.011063479812567566,-0.0409067966540147,-0.220819247766847,0.2049587531938557,-0.26290923608214584,0.014330943484810444
835,-0.023449594918969745,0.04425628871458391,-0.014880547350521502,0.026060234069994755,-0.08148161070527002,-0.07433801797356969,-0.009815527629477275,-0.05514595236592829,-0.041654687587742156,-0.07966410763748996,0.021776906664809217,0.034301191549326725,0.017222666273149948,0.06971126570912307,-0.05676757318329392,-0.04797850187607004,-0.0685299179216749,0.03125994331101355,-0.0005198191099251996,0.004114338274950421,0.02892423972532393,-0.06432456236326431,0.15771645323694958,-0.02210972875140111,0.028834827659015433,0.06717769466160678,-0.1304029376896473,0.08978751161418226,0.0617823923243407,-0.03078401617105655,0.003467358886297922,-0.003961952131625541
51599,-0.06291644972068393,0.1356822683847862,0.06854664517253768,0.05566935552072372,-0.10274191319752347,-0.03489711231738928,0.03474527439625715,-0.00979941246154634,-0.13489404155526646,0.1432696582028635,0.05447830445345636,0.023284211727755542,0.1253216248884631,-0.10142045687643944,-0.0032265314645961874,-0.11901298903892273,-0.036243682856206126,-0.005208055492278965,0.1412170557801906,0.10523708135218988,0.07379910402693377,0.025266934854448666,0.17984683095559353,0.12237275950579579,0.16529856473571142,-0.1491203874553451,0.15924202986323407,-0.043735735826442135,0.10240504406305069,0.15355347924833418,-0.3495457624401446,0.01046771896424236
10892,-0.11279100858389031,-0.03817775016817033,-0.2891620191465059,0.005457464604966509,0.02734018414776543,0.030373249945010002,-0.012385338957311032,-0.05772248077859791,-0.012882176040723186,0.12099270259468078,-0.007879221171630339,-0.03588720438128725,-0.16677185976969325,0.10545437005908942,-0.10553665284179202,-0.08175022375215045,0.07353567454304366,-0.15251684900554635,-0.061215383811978226,-0.21475886754997037,0.05299288248442015,0.10932835482147828,-0.035412500960410834,-0.006078558985493072,0.06260174379994067,-0.0751285366336788,0.10118942966141868,0.11486446277610221,-0.1359364766373217,0.11655751400905441,0.23406959481222772,0.2123651463060348
9519,-0.1939583482579896,-0.01196047344040347,0.050741653167370324,0.4200363021210682,0.02480940597470608,0.022026233618073796,0.03676215016168727,-0.11674646263268156,0.00018354775099350908,0.08951907832207474,0.3480314131319044,0.03632746932383698,0.09953858566741366,-0.356335755557958,-0.014254197824214665,-0.43264942706684445,-0.12808413040735162,-0.1443026882608381,0.10600414977048155,-0.04768963377500659,-0.15966383318448307,-0.09713609697641853,-0.13998969763699765,0.06296569475178351,0.13805926672144844,0.24348373715097058,0.1490753592151255,0.030720874201992234,-0.003633610705541873,-0.05814631289235823,-0.2469390398251737,-0.24482466191055033
1500,-0.1631802444662347,0.05174810698580972,0.04268105315390118,0.17844631579524994,0.12451669945790073,0.17665435765461454,0.3019833952499768,0.00666983118104353,-0.03848214697198708,-0.16163017214445274,0.14157719685053227,-0.04853599912263934,-0.18345249481028789,-0.22069802367254984,0.26142149856423746,0.0718294744562015,-0.1587513694363556,0.15739673283733668,-0.034433838499890616,-0.23125471212178764,-0.04900521213498236,0.03885503213535302,-0.16890784867422864,0.0675701651934728,-0.00030479336548256943,-0.07065817403806118,0.03836379472686838,-0.13889485064653023,-0.09577934648811287,0.3119121344462323,0.45506144862195175,0.1913914492251479
57019,0.0037254492353129475,-0.021713194361947213,-0.02696427372616225,0.05773648267513684,0.1507517479532864,0.084550470218722,-0.10172798941223427,-0.2636100038082719,-0.01976708137861506,0.0830450286791752,-0.11717081066135453,-0.17263360388482732,-0.03579525263359808,0.13623884340147321,-0.22786189256959508,-0.10284997942160813,-0.12348748668569487,-0.16269641890013725,0.05651540265719329,-0.020400958617311508,-0.009257240873941574,-0.25230561650602673,-0.13821547311751212,0.08700445394985643,-0.17259757382143875,0.22245564748972282,-0.18231384351089175,-0.17956309512631,-0.38423088611782275,0.07538859942438203,-0.0039643307720953055,0.07783687894064299
581,-0.05888417511175949,-0.1775549147096619,-0.027199973609609504,-0.16122897433064368,0.1821559615101588,-0.11976832370942321,-0.3190716065561371,0.24348991010051937,-0.008913385079125922,0.020282010586439823,-0.03450904443190937,-0.10841167816485904,-0.07915891085076579,0.18693547597303092,0.020643103166066122,0.07501161239776925,0.19426776806814017,-0.010899355098662956,0.11849207208266578,0.11034795755995343,-0.012930115182479657,0.005427033454040079,-0.2554596101922709,-0.18306185077303302,-0.19414083320316372,0.167959452196266,-0.07993056075531682,0.1670399114536032,0.08095950434039671,-0.2497468133754921,-0.03424549267190395,0.03736036213906052
5468,-0.04119633157103643,0.019274135983108585,-0.08634250739948268,-0.005600106097162569,0.029957095877701734,0.025898801753624173,0.04495599394515454,0.04414790715761595,-0.07734975929776505,0.04435325698203728,0.060851578571077786,0.06411134206520497,-0.011450183853721173,-0.09451461013896281,-0.0828881713702165,0.005893589783893118,-0.06850797603517014,-0.049259499323414245,0.09407460254320722,0.08244912690504681,0.016758946935126452,-0.0934691669754739,-0.09165368709648163,-0.14049552390448727,-0.0377199576700026,0.033051131464416156,0.050033074920594445,-0.22621382303795845,0.05537406344641753,-0.052315523305544065,0.1324073411377276,0.06795553753092323
6709,-0.013431125354405245,-0.14094352608562824,0.19492367985268974,0.09529662714755903,-0.04339261672967106,0.12079113419034104,0.16071762445641502,-0.003886678488276108,0.0982631489415893,0.1380374022378337,0.0022932909171761336,-0.10537897052053796,-0.265446326423769,0.06229261827872441,-0.005287213343772378,-0.02658829083087947,-0.048045355312317246,0.02949682561278795,-0.2959257167697584,0.10307421087452454,-0.15872413228655696,-0.06914767162394163,0.24384980588478455,-0.09612831408810628,-0.12193501755262237,0.019250421998878636,0.1327365682380457,0.029057353480279647,-0.26106860970283585,-0.03209081185999864,-0.22922314646223096,0.06750665832594406
1981,0.09188855690663211,0.0813606696513193,-0.0094026690397744,0.17982766589315868,0.22124706133940475,0.09717135168759233,-0.009589042864468171,-0.06959954969134964,-0.10044606307420892,-0.16993949955914125,-0.034675122177324574,-0.010460929658003172,-0.1545183925231266,0.03831587617218159,-0.023825807850984784,-0.21939551873839744,-0.13828848842424424,0.0701859888897179,0.08743962602962063,-0.0995091419656385,0.09230197484996187,-0.0354602680214632,0.07662481726923956,-0.1536522873747073,0.10926150647364892,0.05886996914966458,-0.012708813572699474,0.11586197713169681,-0.07042028684845027,0.07476398852882606,0.04813831369211588,0.11030074176359969
10493,-0.01836925097867937,-0.04021233060350273,-0.10191728877777952,0.09938715808697195,0.032577572257407955,0.050639033871081755,-0.008112812603317936,0.07823686387167084,-0.1379654316969951,0.004295340898648666,-0.18764904407862715,0.005202778802999083,-0.10006238006971736,-0.19693172319206928,0.1740031811562292,-0.16428556161866464,0.024340364548362563,-0.058303931432332846,0.05493612966396542,0.00926221676701646,0.015469569383999642,0.11220511538374586,0.02746158595832892,-0.1255118536208143,-0.07242766833989041,-0.025914326335444115,-0.047310228268120424,0.017400094521276176,0.019305234714505733,-0.07804275513267311,-0.010275343451609093,0.21258811959243953
23499,-0.17232298613343677,-0.003994018852958001,-0.18626371929096383,-0.02768843408862915,0.14832254530444014,-0.0024635229625200126,0.2563078964255635,0.06987447427412735,0.06980306110630265,-0.34647028640197053,-0.18034457491458522,-0.07780769295038736,-0.06344635074331678,0.0689957622314179,-0.1768458616920779,0.27158069047956707,-0.34858792849644726,-0.12195793149432073,0.3093102598553644,-0.03681409187823503,0.15776852015675014,-0.02234065893941716,-0.2425478725730585,-0.1557779094458821,-0.03480509915084898,-0.23394798564937785,0.1379194027168755,-0.2659932969559464,-0.036929116802259986,0.096371690980189,0.2702542813332339,0.042861862818691726
142,0.36121443552718796,-0.03882940219992011,0.2850698159154994,-0.27334802231174915,-0.2066425050480594,-0.18212544030112238,-0.01764720578372341,0.016527948793618918,-0.11434863217269803,0.015040627155418668,-0.33170546413806923,-0.08658873437416939,-0.20536257910556543,-0.18304811433225,0.283878547189466,0.04849249387138185,-0.049129429825430504,-0.192042057670216,-0.24451014634188598,0.13738278103407126,-0.22273061910676484,-0.1480769647416683,-0.2319828032785741,0.14749534598775094,0.16216082694311207,-0.11348433305170101,-0.10633301308590926,0.11406881203012385,-0.06220989929932797,0.2062412443593999,0.38182921287279753,0.07130208021538595
2222,-0.03542022828594673,-0.055017878751074833,0.1053084329094032,0.1916212973185682,0.18544933460453894,-0.17942085721659168,0.16817628515397406,0.02015227545064361,0.15383246538390383,0.26644826480569,0.08703361266066828,-0.09373837300910326,-0.0797969037693614,-0.0599436549414164,0.31568471365522643,0.33721250790178664,0.020685615974541736,-0.05819439962703264,-0.05529551605276824,0.02755215682913121,-0.21190622255494343,-0.024017473043620306,0.09986224511764129,0.01836090760109218,-0.12006491342231555,-0.1525878748410472,0.15253197914720187,-0.14415539888784273,-0.09053782745880141,0.1321868549654183,0.09313234189972243,-0.1588646277484076
3312,-0.14601023461900572,-0.03036773219131092,0.057705125427862373,-0.08101776955840186,-0.10648351443753372,0.18603598196467827,0.08894417856528822,-0.15728751668291896,-0.06069055951847353,0.04405359276199505,-0.010648826721098884,0.011562028201268148,-0.10144560867240257,-0.13936800480526887,0.0635233063579806,-0.23258921971042867,0.04711659968331698,-0.051343322791223195,0.04889356528671601,0.10631925166705425,-0.05786494502420775,-0.00934001616422256,-0.0366860759998717,0.03475913045729188,0.05156609577184101,0.09772622038955517,-0.006063122046771213,-0.0522982454164238,0.04122870116069889,0.1113744454855843,0.19821786137942995,0.010408495415747534
9124,0.047751335888305185,-0.020571993510515005,0.03254316031645369,0.05076223882454185,-0.08209120924455504,0.057694159331690066,-0.12193426537516895,-0.30860703448217347,-0.23825806683253048,0.11926284045450901,0.19707109503727113,-0.261513775596384,-0.03646101637480978,0.02048584859685852,-0.052899582814196176,0.029907758767134706,0.15581480175877752,-0.05243409364756362,0.11181447574135842,0.02919648391676937,-0.02827386516831383,-0.3207630656680685,-0.11189413806662382,0.02617824427683198,-0.06775797914650322,-0.015392788572204778,0.02818720008972663,0.0677200227660399,0.2149833547679609,-0.08723535230858437,0.06585778486947699,0.15975032437556655
1983,0.06334235670947207,-0.29816962908658884,-0.040417240345407314,-0.05224663876005681,-0.026968100108206577,0.1897298733703782,0.25175025317267513,0.031793921558190115,0.08683827172244653,0.09596119139984247,0.16730020873759985,0.2812088735294818,0.06881187599569291,0.008494112089635908,-0.15587844232199585,-0.13531377813173687,-0.046505677213786706,-0.2064342264592063,-0.24840382179996126,-0.11367324315625205,0.18426377338922348,-0.00610873832741881,0.07474423621302351,0.10737616587292316,-0.004434590793882348,-0.17885261681415768,0.03338167986267065,0.11181373038053356,0.05303462354090935,0.23807387872271818,-0.11092489653313863,0.07906939064376858
595,0.4895727567386508,0.09287137869570151,0.2400128594029654,0.05229288142069578,-0.16170332253996555,-0.0589180552151993,-0.051126388746739006,0.31610516387618603,-0.026991506738332966,0.28674782870207655,-0.4393215010949327,-0.15995855345329282,-0.023671481565870692,0.1947409967626014,-0.4411591505920159,0.3421152609225381,-0.1955786568503756,-0.2614723603022065,-0.05153797381398752,-0.2573315312019382,-0.07880075717546899,0.3047356894286695,0.2530180538777053,0.009413572549416816,0.01883226616805547,0.03526459529036684,0.054959239518605464,0.024288138409760275,0.1058920973260043,0.02522467124005022,0.36682861514259274,-0.21391848474612826
54499,0.33725774376163514,-0.04058365682362414,-0.23295156355813798,0.36538064337264103,-0.16678785359089215,0.1619316156962886,-0.0666490902701713,-0.26571311530153296,0.10746180374035237,0.16677312044257472,0.18520754481412033,-0.0518921675334865,-0.4303866843308717,-0.24418979084177111,-0.3462755699810429,-0.6018865531342478,-0.11052402094070975,-0.16622121503831327,-0.0859909441754665,-0.03248152316136068,-0.5651723000108398,0.039943203656632474,-0.6041666482658169,-0.05380704713810824,0.2107840290705329,0.016348868621631547,-0.2851206513404656,0.16742873169655198,-0.2438664136810927,0.20158101472997467,0.01656103124162705,-0.019458963627692633
5018,0.13948177491606384,-0.08226846370718707,0.07135249759152391,0.22924385790096236,0.08271823615809347,0.010728033655559417,0.2360776765346429,-0.13357217606373833,-0.022453239251947532,-0.06106826678865687,0.039177269525261675,0.06371563454140644,0.0719420653329395,-0.05660142838987207,-0.005141489677606339,-0.040821567036607456,-0.1928063126045732,0.09024338806047741,-0.0753357417639861,0.05594552682267732,-0.040447784620547815,0.1376241848000889,0.35407842354420754,-0.11148579722308552,-0.08876050320578176,0.2587821914380243,0.061022142817828716,-0.002090858309573251,-0.11353233313653309,-0.024297020532235206,0.32567729445961024,0.06994291117917605
998,-0.03490990000694183,-0.01572915196287469,0.001961664281774381,0.058898611065380524,0.005306736847314794,-0.05976123368193125,0.10573245373313007,0.09904196827847056,-0.03313301748270975,0.1084832077720061,0.1097564626958707,-0.16828460635616974,0.14674625055544455,-0.052984980906987854,0.08882312524847126,-0.06779276257848725,0.03538267759269776,0.009592394049199184,-0.10182275488628054,-0.051829937719885234,-0.12063451715197582,-0.07312296601857259,-0.0020466902078451897,0.03212339487932461,0.021722952723445505,0.11738962259424497,0.06442629621588174,-0.10589208064491229,0.030862031614369692,0.0568096599922861,0.015277291694286559,-0.05903641514620994
1831,0.010940433576957332,0.05742300751741209,-0.24560937916769893,0.07153996252951451,0.3291233961488219,-0.3890551778047228,0.21956599615701575,0.002830282908660897,-0.09223620355461798,-0.8046812887952142,-0.03261816813913379,-0.42244100205601876,-0.08997954612606486,-0.10717873878408737,0.18927062226127647,-0.2575119191314595,-0.3565905927396013,-0.11520216603829417,-0.25046086628580155,-0.34329160418032445,0.2765406880900647,-0.11269124394871743,0.17772062404818234,0.3063951801542349,0.20080554146853163,0.011081405317204425,0.20994609250581425,-0.28669335395049145,0.3326301227452547,0.12313806186535908,-0.18836910518491565,-0.43848796735969764
5747,-0.009198410034226228,0.0015885280848831934,-0.03731393723640153,0.01819763455846069,0.11447103627368779,-0.15405838251858173,0.157484221594518,0.04674727818842844,0.024040024297345378,-0.031774647107896264,0.08862909977486666,0.012588489230122527,0.16187730779890008,-0.01890428168271851,0.07877706543045845,0.026462652368395786,-0.0287840824820383,-0.05558849808513637,0.09392544426074098,-0.09113937943669667,0.10872373894561858,-0.013046798874651839,-0.12999705273561693,-0.08120671365535281,0.18519321723914964,0.0025338890441096444,-0.14107206967405514,-0.048444266810873896,0.015291191961254986,0.18063047102629928,-0.01201747281677285,0.05581767120845603
128,-0.12054596218875975,-0.07773747532675984,-0.04110881449913708,-0.21053549259084559,-0.010791938147212226,0.11669972437006715,0.04186998593625107,0.017340863816683552,0.134886220092913,0.190147408655154,0.018043112119058784,0.06337634045993001,-0.1592182985258634,0.02416999955785837,0.026792778081861264,0.2406338530847106,-0.07840367265695122,-0.1196829572251696,-0.04831296941868583,-0.11356964299120813,-0.1170347991245569,-0.03399699617516928,0.16916123943200104,-0.17294589011902786,-0.02097644282335158,-0.043269165502586984,0.13278907871079837,-0.12241827659189744,0.013071503829889834,0.2170711372469813,0.10045729291905371,-0.04995734812963388
7905,0.16271094064121586,0.1460610912747268,-0.061715457221601336,-0.005938234013631852,-0.014149674806149938,-0.02069742703899605,-0.07388242106066334,-0.139403008498099,0.0790751746615647,-0.029141580042233387,0.01632878355766723,0.1585348366736609,0.1195109678188603,-0.08909567812180665,0.03135087593039788,0.03532002750789367,-0.24569631993304888,0.14029879229259326,0.04141273797899881,-0.001106966182417051,0.05657474081942185,0.007378028303760282,0.2608968182377278,0.11457310672813341,-0.20885641481790485,0.007312691626950512,0.017164203182653975,0.13841736390208875,0.054521662506832144,0.019378832879550216,0.027130212743625915,0.27806909812808167
1848,-0.010389402726001985,-0.049647926370251484,-0.01523043777594303,-0.17207571579701716,0.15237744909842718,-0.11150344965485176,0.011170918132007986,0.13281926047611922,-0.08593877622462492,-0.02663637454346563,-0.13094890667829745,0.3464175851120482,-0.011039740256305493,-0.1961984903984663,-0.07333370723866847,0.18063141417174108,-0.024691406159378888,-0.031273772480421694,-0.23388009422211026,0.09221457911194318,-0.00273175742857116,-0.05446933732816443,-0.09774106353243037,-0.11813178818203177,0.22766149118781256,0.1801466438170322,0.03454384474588558,0.009785254757476242,-0.013756634875893072,0.10964279061612296,0.06181550042799048,0.014291292635642945
3122,-0.04587885561314729,0.03387105322575743,0.1767695217128629,-0.15147067841966982,0.13553245410177447,-0.052517798543068164,0.18517817605873502,-0.06772652071164277,0.06253298695486283,-0.039237166135331965,0.1270687343584115,0.0916309033289406,0.07766791067467116,0.09379490426837205,-0.1901792482758525,0.009560761307315271,-0.08918005253689387,0.09140066265934858,-0.13118578360115488,0.08839722981398064,-0.10932965726488389,-0.024125135045660242,-0.22757367600725711,-0.1360817407321691,-0.03358928164277227,0.07567792697659019,-0.07716656501148741,-0.0014391998708608144,-0.16767371540673,0.20741717852136002,-0.02904268736601185,-0.1223614751284764
51382,-0.1259282219595496,0.1385877403365033,-0.006062985446597329,0.00031169593991124564,-0.09674946481712002,-0.004923498727682057,-0.05647731282885664,-0.09334586318503277,0.07671800455399191,0.05710878784360217,-0.16403899185371554,-0.030381619630593278,-0.08945202930586983,0.006998998924444668,-0.09131594644251967,-0.15732689660669869,0.15384721130378073,0.07012597833292002,0.01785943637152121,-0.0014429046743322596,-0.12348899086590026,-0.004988785940458023,0.18120284060836953,0.12516199173678738,0.15567901951246807,-0.08104667836993591,-0.07352854546103554,-0.06670393225551453,0.1333806487860753,0.0034178103398887706,0.20670471213538236,0.06052441257445026
54205,0.07141550596205454,-0.04693868078740841,-0.01572207354289979,-0.04566286638733348,0.007274742431595295,0.16844942624728812,0.18431485727347627,-0.012598351371395975,-0.15037542416796104,-0.1185742294125561,-0.07454439753262974,-0.0030781366946427973,-0.20379872771793328,0.07644162435594444,-0.05797970243817978,0.0627322761843864,0.17423973514570423,-0.1263248066842584,0.032668249031465535,-0.11047685872472243,0.0728992640875262,0.05172652279118501,0.11636083306331071,-0.14754710599053347,0.025064755374552158,0.05899396858903857,0.09750771748871309,0.04040269113305861,-0.04493306692208435,0.04386380982826301,0.04143070860802688,-0.06913443448762051
831,0.23802190951362878,-0.05540502489361322,0.02213631945533888,0.00919258686137038,0.05512033381349395,0.03013087993054401,-0.12113181264810181,-0.024765545571372005,-0.08629292365855597,-0.0034868361530438867,0.031334646456718206,-0.07484832451005319,0.022573982585139978,-0.020765397849757367,0.028555710803433543,-0.03296637553275503,-0.058377453491567276,0.14259660340123537,0.08716735499844805,0.11042669585660672,-0.08706171708880432,0.03576431847044993,-0.12806757126669177,0.06918982535330254,0.021148195345252592,0.07909620651725478,0.011923865038116608,-0.024451273344605604,-0.22559282346124487,-0.03635089937261897,-0.08485809513348387,0.030977402648489784
3964,-0.05437215209503152,-0.049493832691329114,0.2704864231658012,-0.10257273839843638,-0.03783959785989256,0.0735665072831083,0.14042618558687944,0.08058660391659023,-0.07404816596530119,-0.1538138741672022,0.05955741484622403,0.008972422457203604,0.21163051182393355,-0.026298330366377586,0.020918046318824893,-0.24569789757325428,0.20227048753551163,-0.021721222704887442,-0.061866702100070094,-0.006487378838849941,-0.08364888446814789,-0.013047422761985021,-0.0926449395918927,0.15925137256316924,0.30805966799809337,-0.0800017905332942,0.08052526954927747,-0.09226576642957703,0.11418615643027259,0.24910921179904136,-0.20459820026862802,-0.01152746350351451
8678,0.21196967686582877,-0.20988044317303903,-0.14897859887011783,-0.26532756632821924,0.1659300432881585,0.1855140886820088,0.025596651396278928,-0.12516220655867735,0.0894089925233238,-0.020757440296594522,0.20255026577504837,0.07311613654385513,-0.16845336014138995,-0.14994394017092655,-0.13667974387059553,-0.27304425720613335,0.05393510956709249,0.0833219789032791,-0.030858958957245775,0.06010605832295611,-0.25167033302759767,-0.21192847093734418,0.042152222666871034,0.03576923602850191,-0.09644095367089851,0.08636141888300669,0.040862070992125465,-0.0027231664814783454,0.03479778450042561,-0.26174746213302713,0.055919407240518394,0.1259899368650994
501,-0.04625114551192893,-0.045164490233649185,-0.11286376002209018,-0.10496658042631808,0.11892462148897114,0.11479371635105272,0.04128937665002089,0.11215474981411559,-0.16455435771594562,-0.044433935959149115,0.049913620013887806,-0.2088391546602854,-0.07876049737680299,-0.17405448382676458,0.04667003493861302,-0.10529379970789207,0.02888524201414483,0.08840287410000716,-0.05092990345937507,0.05765834260243243,-0.27985474088785856,0.0468578077858942,-0.19634179698221005,0.0693297519373942,-0.09688096367599211,-0.21608748064103678,-0.03351101889704675,-0.04406147907763501,0.1150950287354638,-0.09450637770580564,-0.14753133035346935,0.2496209122702047
6774,0.0804837689195762,-0.04781753565850565,-0.052671800984400836,-0.056590448289160836,0.05884450841342401,0.026416693190367022,0.02766345050288386,0.17922366086960032,-0.10609696251579791,-0.008753323424744403,0.11861703195417561,0.029807211721415622,0.1295338682143554,-0.039542136894933314,0.1257327889531914,0.04984381524448258,-0.004745355237968007,0.1489957985268234,-0.05121653910378841,0.0020035773448888504,-0.24387453040999824,-0.29938283372263674,-0.07746469134839287,0.09923916355532,0.039413320903223754,0.05465729702798166,0.10039302336279944,-0.23039975638093957,0.0555557053704818,-0.15041147803797483,-0.24737932974076068,0.06908603425400642
10049,0.07292713296429094,0.018163464529441967,0.09910684204539331,-0.02241435908690448,0.024043805668962838,0.06777671751274868,-0.02600792185615945,-0.16587579366626676,-0.026319786430758316,0.030920301371181454,0.15138338404880097,0.005522421563707536,0.0048374164691201305,-0.1333075559419143,0.056405124809770744,-0.1532689991320202,-0.12318878978601576,0.03296969825296529,-0.022304770605168604,0.12857460677838412,0.11593299713462665,-0.037616304664855035,-0.07020322412555813,-0.10227128219032296,-0.02404302405177929,-0.11269622751683128,0.056172833541532755,0.08847366196080139,-0.15288306727809456,-0.022571206021480997,-0.07688732868123684,-0.14771881200899878
50813,0.03373128305275571,0.045883681023233404,0.07114456097290764,0.06149808070946543,0.056313644169341856,-0.040652157856786955,0.09733305477698413,-0.09461419331408401,0.12274750445343377,-0.22566179979001083,-0.047959319769218155,0.12371493056335472,-0.09212913890862363,0.019207203345415556,-0.01115938344860059,0.04854735839559887,-0.011559744818408156,-0.019098868406684934,0.05144065342642055,0.010186803432799043,0.06531627156457846,0.16038741277282315,0.09892885827746373,0.2761157609888834,0.204612513676214,0.08714078428056975,-0.15336963209674057,-0.0694034772525468,-0.036558072895312335,0.17835109977915223,0.007834114578919712,-0.07626330819403793
5696,-0.08030725015682025,-0.03827221979641524,0.007395542366794357,0.03144147342273609,-0.06534221257339978,-0.008180609888937365,0.07389906179399551,-0.07671368923180354,-0.0364815795759419,0.05966533817461499,0.04933905761512116,-0.06678239337523141,0.10574456167870545,0.14216321122932812,-0.14631932676752274,0.011537906437243499,0.011123391900907964,-0.05002200612218714,-0.1281362425900992,-0.033231653089108054,0.06483545159492048,-0.07142834145234113,0.08154241902352179,-0.00976317029367243,-0.01950798833220343,-0.0326124634346463,-0.11047336235771743,-0.00800231818140681,-0.007834323573331223,-0.09815010255883554,-0.22047714744015387,-0.11618939695554865
7511,0.3806222852395691,-0.16180399977438129,0.14078232686064862,0.1705603571236967,-0.21791944714047456,0.17240870207428255,-0.1838449411173134,0.15034036690048352,0.27333483614600584,0.3014254692251436,-0.3854369971555183,-0.03907376930185705,-0.2668507605294093,0.1944235631486846,-0.18460586358281547,0.1311014637620106,0.0954041109541423,0.2991059089082417,0.050316692105833234,0.2442638395277622,0.2742425873623726,0.15856704614748385,0.010907214477026856,-0.027754394977964256,0.19250584086652034,-0.02311177183602984,0.10555436324657594,0.04175085887992558,0.013992839203391717,0.10019439029467406,0.014300027749183028,0.06736366619707142
5900,0.23770555846845873,-0.09528444427146913,0.12824026001559452,0.12574205299950175,0.0972048235731631,0.211295132617886,-0.0071823015783264955,0.16303570298881995,-0.08507181148490317,0.023599137764990324,0.03347377180099289,-0.06979107510303624,-0.029117520599372716,0.226502103357224,-0.07199098142307364,0.1019986203145846,-0.17599913841712747,-0.14378770775631394,-0.051917740636673405,-0.05186518448556773,0.26022493704222915,0.14917076900395,-0.20877176175971657,0.06296102732574796,-0.20567516771304353,0.4030011300794824,-0.15477918297014515,-0.12957459838431198,-0.2385016424710072,0.060972227106036746,-0.29260882683183553,-0.10141562593133101
11151,-0.18063126600706994,-0.09688884492933234,-0.12576902110385174,-0.13251597032395535,-0.26637495112617987,-0.0635731754369493,0.20564795427851568,0.010696692264744128,-0.17012238690006812,0.1712528806921104,0.04023181948269084,0.10521062048306026,-0.1794015782932258,-0.02175263587652193,-0.018709984304064224,0.011256751566811257,-0.0710848679937749,0.3058962462784481,-0.01538661190875939,-0.1509045651596792,-0.02345798945605724,0.07835838879841077,-0.009796637582021766,-0.10759795417704013,0.0496133868388703,-0.10068931051625309,-0.18177544758400382,-0.2755417830175588,-0.04045065713659904,-0.15269261461570316,0.0890511013395243,-0.07773655507419422
51031,0.06168554716373346,0.2416625363604348,-0.17616997122744196,0.0412426478329089,0.15603722634779313,0.05054166257013527,0.03492537014986935,-0.14741828538855592,0.028689651980735673,0.1371438979981618,-0.013149742535173769,0.05906156912378292,0.2511997702268035,-0.010990995068943032,0.2721615578037176,-0.18328098200564424,-0.20111031292946777,-0.2680831645358357,0.05748215439474923,-0.11202061356891725,0.09303599433335838,0.06218687846811,-0.14756421436554693,-0.03932466080734535,0.06452571614431972,-0.13938191056003998,0.04884274135815042,0.13900562263983046,-0.2660158888074347,-0.10164416810619244,-0.06865084482448772,0.024586492188586998
1738,-0.11131825867959208,0.03405855265624026,0.00853292381684027,-0.021591255583527126,0.04028485683054822,0.10056939632694045,0.0961460718561581,-0.08085148940399046,-0.2129795784230204,-0.058557302895334284,0.023506684076160817,0.011870029177567496,0.11273921155429517,-0.03848674049218401,0.014385778853826591,-0.0552921092413078,-0.10798557565156511,0.07420096299859608,-0.0702461189751339,-0.12717072051607942,0.04331546848835448,0.16116200115816426,-0.05553816781132221,0.17095726317940735,-0.07051019946357587,-0.25515774288719434,0.007483066712775832,0.21044066968483582,-0.10110419401967854,-0.10205564840550034,0.08860376130020806,-0.06055252987853249
7866,-0.05401504116532356,0.0276066294259787,-0.06358644598035221,-0.06365709104889267,0.06504922757747957,-0.0704337759186439,-0.26045843255039614,-0.0880557796014812,-0.2241617428793369,-0.10120429904136533,0.0225474116760801,-0.14638151001288824,-0.04526407249951236,0.19298874248382153,0.2059672408048567,-0.20404799779587673,-0.08968108310742634,-0.06227046156309124,-0.17572842062728797,-0.06633423452237884,-0.11515907952609107,0.04004842173388252,0.15198207730743535,-0.15555343424560192,-0.018445940608485225,0.030956598185571196,-0.030000061387858327,0.22210968929543223,0.026850636973843194,0.05305217067775057,-0.02887164403328377,0.0426357240706247
7105,0.16119939776127468,-0.09295636039413048,0.0204562553429998,-0.07274134692015972,-0.11688363147330336,0.016194348266455168,0.029654182859463595,0.03671911031381263,-0.019482077211693944,0.016904253557361925,0.16455463965599404,0.11823737523926366,0.08565518251745312,-0.005848637247514101,-0.1302004301647152,0.13065080214762295,0.027811566151122555,-0.03500988122135402,-0.23756876489018755,-0.34998218584311425,-0.10372559713225947,-0.05844260617751571,-0.1242339337109155,-0.08994619737034443,-0.03943320715134153,-0.014325234390259822,0.0005973300935025608,-0.029363440854036284,-0.06711916944395582,0.005378029753706927,-0.08169109029155544,0.0032931591130144523
1027,-0.0957556358406886,0.12172629876706716,0.03809933552035612,0.048281510111035604,0.08808541109457164,-0.04343580754628074,-0.11771373195068585,0.1951320873544278,0.14190962880762525,-0.09128439895386835,-0.12148735104866962,0.020415538962517875,-0.05173576823704654,0.044732436806752006,-0.06220406017295145,-0.043550160004200186,-0.11061665127801021,0.08262428607577546,0.03051603049280264,-0.04731773238723699,0.07775784530939038,0.19060579625351706,-0.011477177993601243,0.1451500293614382,0.031107398292008207,-0.11520201848231233,0.09459792125200228,-0.07334026421615915,-0.0167328756827631,-0.014260361103413503,-0.11907890708649375,0.10804689655287618
9128,-0.0018937947056636665,-0.22908135478727554,0.008028109440848962,0.12396602503181806,-0.0750959044151666,-0.02014066379157334,-0.020040040174791898,-0.18089329323255138,-0.20178647450618345,0.11507925358828355,0.07777063946012823,-0.02652121292599265,0.3483483556776579,-0.08923936006688245,-0.06027716987856592,0.016518822633108707,-0.18079882513085577,0.02099531540654596,0.15139250498895684,-0.1428723263495737,-0.02294644591349899,0.1235556639501968,0.01799479752014394,0.2652663990389503,0.011471754712937906,-0.05769568023779977,0.046754003232438716,0.0931969810791331,0.024981436073349825,0.17255465597852557,0.1825201246237458,-0.04228851396340772
1534,0.038238277540038966,0.09006308457785962,0.017038990827018312,0.07029489337943653,0.1500492703483612,0.18276062009524954,-0.05863630455577971,0.043363827698302944,-0.16592927369877608,0.1292472680928478,-0.09662701384037874,-0.0375421374093563,0.16343685096858182,-0.07905856815473042,-0.045278939178918315,-0.14951725752981174,-0.1773122025994371,-0.08705863124642796,0.05282284977098748,0.054926370333961576,-0.058409872869458056,-0.020098172414034703,0.11624771406925584,0.004292614877781748,-0.13555647005248828,0.19432099155363264,0.07485183860736519,0.0014714070536036312,0.33540956587945814,-0.15760270704962304,-0.09406951420510426,0.15228581924025103
4125,0.03549958657080944,-0.062234483930623,-0.0213434312434125,0.02069942360877291,-0.1104214371857446,-0.06683641928747233,0.05135917877838781,0.08549029132741358,-0.024796531993476194,0.12247868271861831,0.30544170481186467,0.00985395023793015,0.18894045094396403,-0.08067806727864277,-0.001603581978738828,-0.013549919340496258,-0.02212551372095567,-0.10471056833260076,-0.06908760595966026,-0.16555748046950622,0.02189532776562525,0.08584924148994674,-0.37650957302229143,0.023099206779998285,-0.04417210050417415,0.03819794866344715,0.08388748227278,-0.036676499290951896,0.043105409722833235,0.10983207157257718,-0.05234655427146378,-0.0910618512695411
79143,-0.047201744473257055,-0.08336607559602338,0.0060948089676625345,-0.11714262157591886,-0.09659150630669867,-0.070994403970436,0.1546466931090242,0.2248212841746983,-0.11987677386141538,-0.013989412344331606,0.13386539299040226,-0.06104393516367168,-0.048044746051960616,0.01169195634904218,0.15892252526808912,0.015007344845742088,0.14479922822816182,-0.05349665854743654,-0.13757313975243782,-0.008666436121621265,0.08336987936837756,0.010794504447539455,-0.15051487311610795,0.10367287729325804,0.05687229513291902,-0.015379500641898152,-0.11974231205047432,-0.036622533381297506,-0.1372882335129209,0.0073409052816497625,0.09289768000671682,0.0994772176518089
2353,-0.11723004658364945,0.017516938477762714,-0.14195539789332248,-0.01925212937984266,0.07409462351921055,0.006565169805193665,-0.03408552648112554,-0.13996388687378292,-0.05600672233846353,0.14747048995774664,0.1317794720078546,0.07954916708467602,-0.04340161229241909,-0.014045521329594237,-0.1284961935512535,-0.20254333098171529,0.033572001473747115,0.01984809677070943,0.21095705375955212,0.021916405162333667,-0.043459372085757605,0.10675727510246999,-0.019572044636912003,0.04229921061233719,0.16441498103606808,0.15144347734671404,-0.03188998522630778,0.1619764741315569,0.18732003528867996,-0.03158473098466564,-0.09032596677452195,0.10563769536550863
84617,-0.007127403295738432,-0.1989325194400368,0.015532624637650733,-0.14041413238900036,-0.1838711884480228,-0.04286003079021098,0.10138377001197808,0.038144972783640735,0.16135509810683132,-0.2228999953482041,0.1161677625640398,0.02179091823040757,0.16749442639562878,0.23126581445337863,-0.11297169182475739,0.03137762106499555,0.16702548524114022,-0.20618700017056907,0.04839553642204681,0.07189865264610357,0.1818666991854441,-0.08002794392333099,-0.04366154702992406,-0.2502130860162091,-0.12376317642665974,0.287741163035165,-0.1300181037448734,0.028063280873678962,0.046517016155262804,0.012954544976116929,-0.012113797266964228,-0.1178115747442592
873,0.04126435082603356,0.012715509540522066,-0.16782878540589977,0.03311239907814919,0.027613048995462047,0.021571013974863704,-0.027613046482047755,-0.08114688187795954,-0.00937380039438061,-0.11811673124700611,0.354349926148605,-0.12291758344109062,-0.08769483462716245,0.0344476737923129,-0.21799531117603382,0.1393270377536433,-0.10117485882703564,-0.20720054697331858,-0.20863798178443319,0.0649351152123275,0.03498593808871358,0.07510117957009725,-0.07125979017566492,-0.02935816746303413,-0.01046497762421045,0.28096022790637276,0.1071989897897907,0.15113931477464884,-0.1093610383244841,-0.09550583793943514,0.10694829627163954,0.3749630769280621
10227,0.039572884980583006,-0.009388112039580666,-0.035855523727157966,0.020099705077892664,-0.039617406449075056,0.018458590045774964,0.06062680484976693,0.041616896588824365,-0.03179193833881995,-0.14169881741385534,-0.05027011747369413,-0.039451656166304125,-0.039097856270035744,-0.029811228825498193,-0.12334152702163492,0.02764258815926454,-0.04058384869319041,-0.0022541462871962935,0.06507045712795145,0.0319855397289109,0.05554129074164389,-0.0729931307880356,-0.048232953697910134,0.05673591598222311,-0.14788639882064283,-0.04830936423062018,-0.18722094047510507,0.06821134338879188,0.003991960580488405,-0.044529390634051834,-0.060220169848461014,-0.07791091296118986
10174,0.008834946367720012,-0.07392158711953818,-0.09036885338058401,0.023757587871202395,0.09579350807530891,-0.21076781127357078,-0.008496088575425578,-0.07664460813534356,0.16194763787344366,0.05066478318940531,0.1270442421451849,0.1068752874665565,0.08573503776266636,0.06971094392043721,0.02739094238318676,-0.03580058337644624,0.010716103939594853,0.11802499018300795,-0.07206819948969961,0.059063929716484644,-0.12320752781848454,-0.041900933472257346,-0.028307940249696968,0.017043086899772502,0.06220936126863139,0.012084994279055416,-0.06291086794945658,0.13247738491225858,0.05796677976855348,-0.05628194554917362,0.06535742626071282,0.17694972893554495
9126,-0.2163582176942726,0.14361265014699576,0.10775537115796549,0.11931851879727551,0.00988821182670338,0.2054023328404011,-0.04639436468334404,0.03641287486237416,0.38264338997938435,-0.019077078399599715,-0.016344075477881647,-0.1746009830189275,-0.05163931797196453,-0.32243836277781573,0.3234123062044523,0.04153932650097504,0.08667174545432571,-0.14321785634556428,-0.14950671074167224,-0.21357284142432192,0.21257945398178466,-0.006654715931636812,0.1954889302206214,0.0970729545754529,-0.010247013021866556,-0.0009823360826169796,0.0931304752345667,0.04978746130543671,-0.06805202831869658,0.18499051842412703,0.1885113470663783,0.10419958311999812
2810,-0.2173936404454837,0.03234347800482226,0.2028466300170849,-0.022490468516896386,0.030489588230209037,0.014076790894496542,0.14243227550315318,-0.03720500073088809,0.22148325082730222,0.3462433064749271,-0.07870890637677413,-0.037480393691048,0.020561115844385504,0.012998890040513756,0.08645768272104955,0.08899013378597871,0.08558493234973069,0.23829938806582066,-0.19527600749051816,0.139670296835584,0.24903963982726834,0.05713567140706825,-0.002692948763576904,0.22780423638526542,-0.17377948479148975,0.06516204973368601,0.07321986552263118,0.3685232226703614,-0.026742369168944295,-0.043577657387899975,-0.11194472222843456,-0.20881202841665672
2063,0.05242896686617395,-0.12644033664929033,-0.0030076998034106145,0.07120010263643535,-0.11605085096417395,0.017313702658196307,-0.00447729301813424,-0.20408894268469968,0.09848559237864565,0.17091678198150342,-0.03639988604830557,-0.20338002961388174,-0.2566883891406142,-0.05464512097915437,0.07152068454193117,0.21283540207679963,-0.08741277866077804,-0.08996986882123233,0.11336759481020928,0.16832795686615865,-0.05344508349853479,-0.3366522293803137,-0.006975500844519626,-0.08823207038005086,0.20202257683742078,-0.05950841297912945,0.22521048812815211,-0.05228611551772829,0.17100477481379417,0.2355147374409891,-0.14077839409873852,-0.17915073100937917
7106,0.03614235033908593,0.04804121018874925,0.08951051101671637,-0.0668142167597629,-0.09360333263591956,-0.03338096271465271,0.052964472603685864,-0.013662316759715068,-0.044199558761753355,0.05605967272134006,-0.07377318831684845,-0.021418181286166352,0.09493167275630944,0.1402839464416059,0.16380668104197335,-0.06334391931429728,0.03621547262392364,0.05803413970116527,-0.13980200482226715,-0.16938055628806387,0.047379990987341324,0.06834912872828257,-0.05329658730451769,-0.2225523370297129,-0.10361514230224719,0.12699411741442107,-0.22842909970523503,0.007900814667312657,0.07344474127783647,-0.14301414071978563,0.1607616280099094,-0.28414720762083234
4616,-0.03273805171037549,0.027155572850664625,0.13226167381170023,-0.12210688906001503,-0.08727401138299277,-0.3386090673607854,-0.31936264072616694,-0.177484104727158,-0.13858046565996696,0.1384542160558046,-0.04885215567296271,0.10474295974247314,0.0782250905455696,0.1233878865541416,0.05856745195685123,0.07056378797879491,-0.02759943201526185,-0.12777571282777736,0.38943586420033754,-0.2415860641301819,0.07646686542032068,0.2352618801306029,-0.03858151856747786,-0.0840845523156668,-0.2519283934834976,0.0027452936319150036,0.044953064076714934,-0.42668851050090795,0.06866936862933336,-0.10220571912829464,0.09189951295154834,-0.03345555359958735
11168,-0.025220076482912097,0.13443331830127614,0.08729199935303669,-0.058689534228872686,0.1478864849924577,0.18619354750058315,-0.08076083787173262,-0.08342702876915381,0.02649701109666489,-0.21013731613483752,-0.0634284810160349,0.06430632725694825,0.17790361631555843,0.0775055134480595,-0.05585915442544089,-0.05369947407576618,0.14071407194741156,0.3278285767646824,-0.07418341761046474,-0.24251972774927325,0.06797697678440984,0.3860847587849778,0.1271816822542178,0.14602989749981085,-0.0521191433487392,-0.09508625800866695,-0.12784243924279295,0.09964785626407469,-0.004116866119329107,0.14047737466898033,-0.035042473505844676,-0.002439859737400274
3551,0.051020917987525186,0.12424173507808868,-0.079680098677616,0.2872817026072757,0.2559909766970218,-0.06177579922164775,-0.021516043471403172,0.08717531043422509,-0.14663143529037334,-0.16585484307537626,0.4315087873986384,0.11567190992822414,0.13156489565176435,0.20506796222154505,-0.26570412523647297,0.10216069484103305,0.04309657712139382,0.11769087254520613,-0.05162671135485178,0.26188802660445637,-0.09629020776322932,-0.11356346355067018,-0.16030028616480535,-0.13050363996547656,0.11763768153018975,-0.4515360155064881,-0.12461068886801542,0.04096690518699595,0.049746439956837495,0.0061052976741411,-0.06948356347048884,0.16628068888426065
572,-0.23865248864735764,-0.01922740000775742,-0.018843895920871788,0.04816166296451509,-0.06698446760653883,-0.26522480333894455,0.07043560215298696,-0.010901104206139812,-0.016146555236929046,-0.03980846234177272,0.08950558704961173,0.21065217233700426,-0.08630104705967118,-0.16287053814159275,-0.22567875002960744,0.1555140904839918,0.0332646437595241,-0.0426166890316369,0.25145249143205517,0.13216151337416515,-0.18532559229539472,0.09882748713159263,0.09566629968996561,0.0304042243369725,0.10134438255066475,-0.0068799100758670465,-0.157873342732571,-0.040645700762575,0.021043151035016812,0.0861586527846535,0.10029870944662726,0.07634576655273892
6813,0.23519444988522453,0.11139721514480538,-0.15373387715412085,0.00021857076617103546,0.01883100830754084,-0.043420980950515525,-0.09561578458940513,-0.05086989907270572,0.13043581131954282,-0.2086231242238158,-0.11789346994660077,0.152452779297724,0.07689031094022991,-0.11234009627114411,-0.12222027306452443,0.02427910378484485,0.06310282620672374,0.03523511945046728,-0.07804486112767309,-0.055364237059333105,0.028416016229610354,-0.1696339194034992,0.1438378104261789,-0.0003491670776194355,-0.024616533769746173,-0.07111110249974546,-0.03789145503289783,0.3446200374365937,-0.1455138554072081,0.11105577791198727,-0.0521438632637626,0.07554202750484353
10057,0.15609471466191752,-0.1999682442017586,0.10554299970812216,-0.0872205780746219,0.11457847854545354,0.11568845014984847,-0.17586592182280147,0.12893790324137824,0.1302598010049431,0.06686521515576783,-0.0037897602880556723,0.037758556454151736,0.028807364542696695,0.12357958469507546,-0.13942261599404554,0.11818305088587064,0.1564865554263812,-0.023686444054303986,0.05887722089897291,-0.1797897360443406,-0.12234724293408174,0.051194781619866916,0.084139606599905,0.21386622012532805,0.2021752813726775,0.08723674944255869,0.03806473180645643,0.03781117066866198,-0.0982332664622401,0.09294605434187016,0.04228930134176897,0.11351884443585389
11004,-0.04470743634246333,-0.3843469835788063,-0.2047482131354629,-0.2013836170779677,0.127583780167053,0.19350071405798347,-0.07476484420657105,0.0032397685930106823,-0.13067121172294144,0.020627002707507218,0.05450251788733517,0.0021490742493280365,-0.04580086348588629,0.2635779815817736,0.12043677758297522,-0.33022218809837467,-0.12098872297225816,-0.14099347272592277,-0.12313190714550407,-0.16544618653342555,-0.2844892876064243,0.050119487255184315,-0.13426030512688197,0.011762042843272,-0.06644469421454072,-0.11340732303177024,-0.2596648834005488,-0.11031733874193156,-0.1355534913386341,0.001014578667016577,0.15605000719051262,-0.07964607692393512
2887,-0.04864180418509981,0.07720820166950144,-0.016737477831092987,-0.06907255975563671,0.03479033135419798,0.03239001003984064,-0.042497519157634125,0.007538484516383252,0.09315084807596138,0.09078990951714563,0.028485603464141186,0.05865963349326606,0.01866753874483994,0.0163196910652002,0.09224793942163285,0.05337953229221138,-0.15822586178340484,0.032814269129450485,0.03818265570337082,-0.0066157796074130144,0.04853563308363599,-0.22325979470674825,0.12725906556699768,0.16281258207122748,0.03216447490982805,-0.025852402065781484,-0.12461944758205888,0.07084791947788079,0.1419263041893421,0.2356963096299088,-0.25940631926323116,0.03459829435012716
9181,-0.024451740695990033,-0.0979878706576389,0.04180462911313776,-0.28883906162932443,-0.1444376777023201,0.03527828147704954,-0.2273193751418803,-0.03583228145774402,-0.20784288962098535,-0.11780178586575506,-0.1388958914200094,-0.0329701690504216,0.009782870709479335,-0.06418808441822234,-0.11029552737015827,-0.12848877101233636,0.09007748304166609,-0.06922482201628949,-0.17768592139156933,0.29524942565286055,-0.14000831821126858,0.0016251657288819633,-0.15652498667440048,0.0382063648523695,-0.06098825982505164,-0.11124318006878418,0.12004364892566326,0.023790578271879886,0.0691901234024023,-0.14456711792928725,0.10565732826158131,0.26161248431794415
9212,-0.061789617807416826,0.016994555810785187,-0.020954260675911066,-0.02301009375270364,-0.3587013280159687,-0.016745723078083558,0.12166146966792338,0.05689848411640387,-0.062118167108342975,-0.08374507840785894,0.038817445388061124,-0.12412669880015761,0.1485901516305192,0.3458823683484509,-0.21764306166751043,-0.08242773286658053,-0.033370132745343166,0.22112144505886658,-0.3690551512858672,0.03101273806245697,0.0507511798619684,-0.08531146586148862,0.41828761735996967,-0.34274418506058923,-0.45911231233284877,-0.028652880983675667,-0.12978224372909603,-0.18008031113589654,-0.1530524877464056,0.048380917730948936,0.22015904444265433,0.09090312190856037
8569,-0.026077065489771685,-0.03819555978151878,-0.09185865687428076,0.12098189870398994,0.053912425772977175,-0.08705714869355495,0.11756568571407873,0.12724404770902129,0.07078062847051193,-0.09735321474958275,0.03191292609277998,-0.11801240045322867,0.028689501429727798,0.1516357617256779,0.07805592146902125,-0.06913831396340786,0.02375538730279664,-0.012496864610117798,-0.09076430800050017,0.37155884429723307,0.06881144964887188,-0.05210182113501009,0.22750021459509542,-0.17465199137441428,-0.01827524713623628,-0.037793691647131845,0.0034938084675510354,0.012830880364825612,0.05693325230982535,-0.21187932281112845,0.08218430773549343,0.056406373067497545
6119,0.053783739513509184,-0.006811998319037312,-0.012130693911010104,-0.027595674976753807,0.28514555567987293,0.03287992007366761,-0.027482555838145597,0.08596158685525616,-0.10769951361518477,-0.08277326190460914,0.15432477094098865,-0.03354765740985097,0.3199056284868311,0.18275904670174895,-0.04273530942382053,-0.12017533379376379,-0.07849586082819382,-0.06620017349510038,-0.07872705646548865,-0.08414715348464558,-0.13514945896781821,-0.12327091346312362,0.1890493503869641,-0.0014039154929634378,-0.16882189720773746,-0.013041077221728255,-0.009228144035388196,0.014747092588436761,0.06685998208125779,0.02730252257862687,-0.02532306230484764,0.15431503384978754
5873,0.2750820763145066,0.04632321798775876,0.009099309518843012,0.05487532689439104,-0.10738048173296147,0.10871786941657732,0.05011517131159618,-0.16466216658456587,0.12258201415099443,0.06288072145255813,-0.07068175277560025,-0.12185941102057678,0.051723774616409486,-0.06729049067558983,-0.15065686047151233,-0.1739519612992085,0.056046602233784514,-0.011302991247096635,0.05790322089426407,0.04389054657166418,-0.03389104745171684,-0.15597019609020796,0.01322302491228425,-0.05488549604010117,-0.12246510311677607,0.06327216449487642,0.09358987514094053,0.0009525459273167872,-0.1965539293670793,0.05778910389795989,-0.14720089435755643,-0.025472178015244075
50810,-0.11072790844427231,-0.035618421967154694,-0.204565174185414,-0.060126751397792944,0.1788666250133226,-0.07061195188164697,0.016859119916022618,-0.02714236914440975,-0.21024453480719446,-0.10228897916062861,-0.09046161933381301,0.07502737874046608,-0.0709730847990414,-0.017397654935430402,-0.04396484734084149,0.07495036568879936,0.10014924204724622,0.1238951902777776,-0.07998421325402541,-0.05770207700454416,0.13897498728922478,0.07229451647955328,-0.14455079643738325,-0.008067324933682299,-0.07634837901766635,0.12316254269802247,-0.10644868861101145,-0.06722088161729793,0.1345008485713926,0.1646636312873311,-0.051071856866530055,-0.0413455690487259
2954,0.1063601022318223,0.013408923040553387,0.1371074813037368,0.10828800385613627,-0.04780586466466356,0.12685238240258018,-0.14171005951200924,0.10109019158033525,0.00015086940817002665,-0.14658902963359804,0.11388690202334638,0.08302763448136369,0.00983635522457902,-0.06502702085605311,0.030081589330456227,-0.07521082028396282,-0.019600632157237705,-0.211670152255722,0.07839971356519376,0.10658145401959944,0.050865582583332875,0.1640846195463385,-0.0002251455660982961,0.022456387586963528,-0.06579760903069416,-0.06704005919874684,0.07842820124254563,0.01735675726399148,0.19974868797752166,-0.13669906259293363,0.03195463948056861,-0.13879906244517343
23212,-0.09235460824057733,-0.053698985201077604,-0.07899717922688455,0.03341275520600009,-0.023437103783508977,0.02284490729339583,0.021100609684098586,-0.06101999794609444,-0.10169920156259117,0.07967952422162293,0.01392668768621809,-0.10136178086583282,-0.02331572418295422,0.07961199222005858,-0.005111915534734546,0.08396808628951839,-0.08130924083428405,-0.006270565592684936,0.14521095337381018,0.03778973625964572,0.0028592415507397713,0.012093499628538472,-0.19073583390142201,0.12299878195140826,-0.03507138906318998,0.04784741800202656,-0.0711012069315878,0.0007084531164394217,0.024458560019496353,-0.07233965862563645,-0.003331323722545479,0.09235341998513392
8726,0.16383442401187337,0.16000335407777969,-0.2766753460248448,0.08020791871133912,0.023746116062713183,-0.12069401318203755,-0.03689247470687424,-0.19743326173453746,-0.056374617368118385,0.29056155586476184,-0.12863812783357384,0.19717601208274094,-0.29430271991988366,-0.3779901119184995,0.06568490705461746,-0.0420506039009542,0.1635202607349728,0.28595840465550026,-0.22558987785192727,-0.4513148382063098,-0.15969923852603612,0.30560202677912895,-0.08998311040983677,0.4104164732087174,0.09388566436744106,0.06876694237477816,-0.1955254174569947,-0.24313052339267927,0.09352839343615714,-0.4744780551749894,-0.08311202851007321,-0.2527469700797022
2770,-0.06992665353372624,-0.08363736306739938,0.016525757932843464,-0.0023730735816987147,0.043664286334341364,-0.019915569192147115,0.1686645570808731,0.030123650613371147,-0.005127640981558048,0.045680736022250194,0.07906491383740197,-0.1394347616314902,0.06487994437238817,-0.14966085566952855,-0.0566404104246625,0.0407801460546744,-0.057745069352698006,0.02135122942549925,-0.013120383781280585,0.030574036215652408,-0.033279050324816865,0.055901422201116095,0.14236888270215156,0.028491534463358833,-0.08151426906647379,0.04239040797195526,-0.10538979434813067,-0.11954335173697983,-0.06684029232169732,0.06286945510299734,0.18288144569461562,-0.020025098504703947
58497,0.14317754616391493,0.16249820639015145,0.006066504728077404,0.1731937213582934,0.21828101290314955,0.07943904716908548,-0.25158126167758316,0.033949462545811236,0.045492392693308084,-0.11513732243750123,0.10688259997858787,0.2284337585670251,0.07157341617378256,-0.3166669479936351,0.004176343626541914,0.1298802310540778,0.14214557639204223,0.08165282651807818,0.1410696680350781,0.1352196507191504,-0.016887815523583323,0.00426231917962459,0.2203034432900112,-0.3639851266016982,0.08013646868989739,0.4455719713174045,0.042164668879626915,0.07019798316584434,0.25289867351535544,0.07903287523453063,0.06397829870244433,0.039787142763950414
2048,0.02062126024348205,0.09527027377625893,0.060321383379515474,0.04774767749076916,0.12347251882066979,-0.04522276533156533,0.040998638290130236,0.09790945226108054,-0.03806918706671966,0.06831984450971988,0.030250946209268405,-0.041999925358040216,0.05070244875170228,-0.13601154769148271,0.08037786701236625,0.09195196617510205,0.08709332997104838,0.033956491056771676,-0.12060380651476284,-0.09081264501085164,0.04790767143043912,0.015182078623923323,0.02394332892452296,0.039556953349955126,-0.004385129087949143,0.0014366278842728104,0.1494551716496595,-0.015061799545875354,-0.02834431725414727,0.05138339331137328,0.07093912213682765,-0.16385085899565002
2625,-0.06203055610794266,-0.5777996473036997,0.13736911546493966,-0.08082182551579949,-0.5134261522972496,-0.26306539564720643,-0.014437239997741371,0.3153341707308211,0.5500999352494467,-0.3194243350699556,-0.21714720303503396,-0.18204166425447407,0.19363998166941834,0.17829721002146082,-0.18503496025462146,-0.16543150659354225,-0.08996851529253917,0.06514624432465954,-0.23203855771622758,0.17517212416613218,0.05011688801679816,0.138741525301223,0.04998152276560729,0.042200784683139925,0.18880245781595653,-0.003347996226588261,0.10262706088608065,-0.10709685041909738,-0.05270257612296616,0.16052433998869486,-0.45473751530178347,0.008198748231438704
39,-0.03955533558976744,0.006724245220449166,-0.019107460928042063,-0.0019326320845614927,-0.028394404659362764,-0.08606770351054922,0.22005824290830114,-0.1203655632309251,0.10356875241998713,0.15680747468517106,0.012014352925908354,0.10201852265914212,-0.12711692677908443,-0.18199379347584074,0.0929983865566016,0.02201212379087792,0.005546996984161568,0.015258050503069515,0.08100366156092387,0.03161382971482713,0.07791978797278923,0.15524652334680736,-0.05262734662766398,-0.19314102102816494,-0.018838776468290398,-0.14101352794056393,0.18215372281297615,-0.16393263770106908,-0.03563231838787601,-0.124941553495269,-0.0019833278690313157,0.015672109322648724
5058,0.0768509841817219,0.06143566153266865,0.02284733893651844,-0.042072492087204455,0.12498914064353069,0.0431523803468136,-0.02951771920442099,-0.08182076385949585,0.03429485204651764,-0.06862860862831877,-0.051655739658009424,-0.06105992931596737,0.061116325074124046,-0.12546929252359926,-0.07604751731231955,0.007729490335087009,0.0350578368544467,0.05622802972698989,-0.1602589296545854,0.09566445721238333,-0.09046793545483817,-0.07142513566447982,-0.05711007487806612,-0.08570374110941202,0.03335552901204379,0.03337827285836607,-0.13207485404942135,-0.033868161625618204,0.15605714657297506,0.17927255294209363,-0.1070534636875921,0.002255563067082713
1070,-0.20843949120799668,-0.2220892021785496,-0.30883947368834497,-0.10570983661054628,0.002478290040335786,0.053312934530811505,0.05387677581169969,-0.06216293652855527,-0.006632741674795779,0.12384398650534487,-0.20300433954002356,0.10584257090365352,0.0013958106476021062,0.17337967695825474,-0.35239432217058675,-0.014087865820926035,0.03586198149385526,-0.08544209804695026,0.021466280726419075,0.030786408151884728,-0.22311851432631,-0.0097190861755398,0.07701762299341294,0.02301361117104225,-0.04100308739814976,-0.17373837817584356,0.1872564509251329,-0.08129133076780086,-0.1567964061749928,-0.16097973825993217,-0.10587490618559538,-0.22214881738741465
868,0.07751236319785469,0.046453548115408444,-0.07243468898711462,0.08668705779919343,0.12107988829783772,-0.11551196310752343,-0.051679110914538806,0.11345171436322647,-0.18316492839600468,-0.1587289428912994,0.03370746525504124,-0.06522040117152447,0.01759903306856848,0.026763010342044296,0.011387726434734544,0.15744868416012248,-0.011234212638765317,0.012052920629543919,-0.12779130912744843,-0.09124597783118846,0.049915702393869416,-0.02306298498538808,-0.1269912625110281,-0.006888892521427523,-0.1968670149206838,-0.14586525178210064,0.10548598689649272,-0.10492125989916484,0.06657804655045439,-0.23048628843617125,0.05945507929377394,-0.05254404832965603
2624,0.014297515564969972,-0.08730565867637845,-0.27256310851428905,-0.13396524923119507,0.26070005009263314,-0.007278112899031494,-0.07835393505873574,-0.11135143940431858,0.014876711486295128,-0.0037173078202338092,0.19426485500438914,0.1276716303031278,-0.09610200213869712,-0.10943793312806202,-0.22486900567041346,-0.3154315253462016,0.2702971943500963,-0.1186631807388606,0.08911180803197914,0.08122369298746428,-0.08535596454660797,-0.13508827506163992,0.04873417557184838,-0.1971567972843236,0.10880951118762651,0.04834263474809706,0.09643127952439762,-0.03285512096771712,0.07820847078538692,-0.2688660867834643,-0.1478534469681906,0.11087212228726469
7043,0.10846840294403917,-0.2692831992158707,-0.21602690923257503,-0.2321794146544549,-0.07182572807259544,0.12192303445966694,-0.1856704633169626,0.38448811145142775,-0.1678768232723019,-0.14178458406523672,0.1480188166359116,-0.2645791343921392,0.459049554657025,-0.24438857648720497,0.028460109271094585,-0.12221234916977368,-0.10589580082364262,0.1961473106098001,0.10555630950029019,-0.2018073984243619,-0.564433448837816,-0.047070286005309527,0.31733284199701056,0.12182943666871222,-0.1441117431757234,0.3054747483819975,-0.22288926015213817,-0.13946833722831137,-0.1662532326245385,-0.016429352725173315,0.24637150902809277,0.04803925540438065
2920,0.09046614364859848,-0.11256161753153855,-0.025452218879623192,-0.028334117743464563,0.1450069525286289,0.10610434893455477,-0.07091926839365255,0.11363545948441243,0.011043286523918323,-0.0015484152130210804,-0.016654822215314447,0.033150286504699394,-0.03739170629201427,-0.1314667688832479,0.05915219923468707,0.059172735300832655,-0.006879094984927004,0.022096182606144793,-0.150527938360875,0.10731962455814757,-0.0036750605756636044,-0.049670552440723895,0.0197216477506445,-0.09011088119227212,0.020594976333765117,0.14156287591064437,-0.01637237701640076,0.02377535735617608,0.06993741872426061,-0.04313730839778434,-0.005881364411404316,0.12341881425565884
85236,-0.0022344167089431107,-0.21359708500978472,-0.1383507974790013,0.0715537190684516,0.06757709950518952,-0.19535708655830566,-0.4086597371079323,-0.009496656810514224,-0.12306829865823415,-0.09677639255382052,0.15523647055614986,0.15618074370610566,0.15724157459930443,-0.2858012122861696,-0.07255709755107395,0.037849075383383314,-0.0810004076237935,0.17808373888410356,0.0020716715162008245,0.10884384062975175,-0.025160053410359588,0.07749563367294293,0.024672047678974702,-0.036738935425437755,0.0882362241147964,-0.07853430033613966,-0.17302764764120607,0.11778724867701669,0.09547004114463303,0.14978393736523393,-0.09978230504696298,0.1117252247762585
310,0.06181344781494983,-0.03392853278022177,0.05441177777156112,-0.3051039980813777,-0.010713123761994382,0.1310128787040324,0.18788482009253119,0.08493120628481937,0.012788849179170819,-0.07449060223519531,-0.2396160877285453,-0.26576742016528027,0.24160515438896366,0.03269732887665877,0.07769083212732057,0.10137288373287712,0.005022035865552205,-0.1616720823672135,0.2588022741078566,-0.0074559421948431895,0.10944451569945254,0.04372380435747551,0.16092328855400886,0.05520762626949975,0.31797233002080144,0.17756194235878392,-0.10480089012764691,-0.06830927415597735,0.3119212237866188,-0.0588661692810927,-0.29098349591148687,0.0043726061406600195
6696,-0.03241477352192737,-0.049271902136566466,0.013064136269885604,-0.04624022884954335,-0.09237148380468407,0.041756961644990785,-0.02402428993647094,0.04098749459662841,-0.0017500273768999907,0.0237977873836013,0.00697267526463031,0.021954855745943334,0.0074653888236468745,-0.04615298737584436,-0.12761141144639002,-0.009784239659118427,-0.004386261053910771,0.08035151117729725,-0.00454390302365722,-0.05753661041169812,0.07910698387761313,0.052372286180295255,-0.05467516819591353,-0.033352960140255496,0.05271535284357098,-0.015185932381477803,0.028264221679820293,0.15572428478402164,0.09006158747697111,-0.013670997833163317,-0.020919721818815955,-0.017672172757128634
22827,-0.12964876192125807,-0.006674188799238115,0.14363231500802132,-0.060931307946953485,-0.060193274089090344,-0.12012398850130214,0.010691772702833802,-0.09903298024276187,-0.12360136171883354,0.12853646102458163,0.021277016278868393,-0.0762090784756665,0.1127494889555721,0.11605720935251822,-0.05446518919109523,0.1267249591812976,0.05732074402967983,-0.009505335036349124,0.0679417716211833,0.05296242837656598,-0.08078341333017765,0.029074978060586662,0.027779589131642763,0.045930264289676746,-0.117138814864713,-0.01950078838770904,-0.0002114911775934824,-0.056139640523558264,0.017706804693790334,0.016473862483302005,-0.05524941963828159,0.03485182784306695
8837,-0.19710362459077654,-0.04999321397115537,0.08594188686338439,0.028936428917951527,-0.0030116149174326994,0.06168427715976781,-0.0646292467688745,0.23221116706654787,0.07715694095093413,-0.09161457961894787,-0.20229609745178756,-0.06763983241135235,0.003442709247727237,-0.07297928986871396,-0.04064343407203681,0.07518890440502445,0.12522833438895245,-0.1341710771574583,0.08803352203485694,0.20192997074104851,-0.11912753973281576,-0.3740896055238872,-0.06222046957900302,0.3256411168324868,-0.09573552299736865,0.0037722903080025585,0.12827224778135196,-0.0845512140524306,-0.2800544256331101,0.0620597179515988,-0.0490438762775721,0.05022687373475526
5588,-0.029445097924578032,0.004069704446293598,-0.020309864326822923,0.041049297675217804,0.03435844047691966,-0.08050069786662171,0.11521965312804253,-0.07435889081452807,-0.1520842126167314,0.03128852093720043,0.012677446333319856,-0.03050247786935394,0.01441350922010516,0.051285599251104,-0.03405730454399288,0.1664918467834209,-0.10015064316994257,0.032090575180150675,-0.02734148492687904,0.10744940092310687,-0.012666177698437787,-0.04475994022138473,-0.03809862478612921,0.05117343355881854,0.0810398497994941,0.04775888317028018,-0.04713361340035032,-0.1754332089122232,0.12753815923111836,0.19995676781739502,-0.07844104705330408,0.18352457321755317
5603,0.0020388459613640652,0.06309032943017173,-0.260768985933165,0.09544449344689468,0.006223442388888224,-0.05576706681389239,-0.03625544335734881,0.04816008682881757,0.09147657273340187,-0.25151716901687954,0.1380670278317093,-0.00021929950922563085,-0.10168364598464552,-0.038029137030181154,0.18932628041945232,-0.12584003866415552,-0.0009880837916236942,0.07400658754282441,-0.12883677823677053,-0.12262100696794055,0.005889288734042572,-0.01888740641860767,-0.020333037271434696,0.21604348334553636,0.03372414152760734,0.00359824005332214,0.1321384291123428,0.11065922795462707,-0.1909929333928741,-0.07005616368645151,0.045454302664665346,0.1517682017474685
2534,0.18313771202813497,0.0373744992072379,-0.21907774588392326,-0.0901107550146828,-0.014592991497452027,0.05742433968408689,-0.059122296200345086,-0.048761613443092953,0.040508219755638744,0.1838269157942795,0.1826387836591647,0.038503235119737036,0.013769655764466118,-0.013336233695248662,0.016200135932676392,-0.08975519364707847,0.19352248606785885,-0.07720858661806618,0.10619307688910792,0.09781739633282113,0.06210870375064791,0.007532090915614906,-0.15530560193432955,0.16116180996715412,-0.007389254275638798,0.10088292699420298,-0.033978868966015714,0.013960580408041916,0.09038699387466932,-0.243619705483945,-0.16075369845457615,0.15391611982120465
116832,-0.10936025392137126,0.07177030164317762,-0.09371102590024016,-0.07648488914730467,0.03943108202539342,-0.06220844319000039,-0.09091411204262925,0.12571213833219347,-0.10247918796598089,-0.05753883059954883,0.08736865074441925,0.09564828721568026,0.07626930294075733,-0.0022798103216605746,0.003825297299682719,-0.022718275648680984,-0.09999027644476506,0.05968921537258039,-0.022441360063196334,0.11193993888168403,0.09380989093430657,-0.17381354305226307,-0.1334526613420833,-0.02715471504336209,0.16955253611752527,0.04517163725409158,0.03760055062110111,0.023195520134954285,-0.222194965307769,-0.06066899637793835,-0.0734378989185508,0.3988157685985646
5321,-0.018119176521025793,-0.08908139890069883,-0.14807692097304026,-0.0673087491107205,-0.06817878640090698,0.04670139318343689,-0.09458999066125705,0.1229526374906644,-0.026400548409875015,-0.11134926159892082,-0.2733295747944567,-0.02398940072361346,0.006470777388752598,0.06357591217117067,0.07752198847055702,0.1718972222886629,0.051463388068084155,-0.10873319281954742,0.0159904471993194,-0.07231912413867385,-0.013293191299229908,0.05374494038714685,0.11078817552152577,0.05976543949601974,0.08137428450762853,0.01519262232837952,-0.11589366906956863,-0.06927011193157688,0.20884749002353212,-0.04138895245930077,0.1017163399146107,0.08507548536290185
8444,0.07141189530370355,-0.06734687174590993,0.08218846380366962,-0.03361332566605884,-0.11433607339090426,0.029619439756077108,0.18961945930287005,-0.11314104252181442,0.027986398138376774,0.0015246146804777333,0.06852166495875206,0.023249224667566987,0.07534395366896231,0.14516438249090322,-0.05148483971223014,0.011458539059322483,-0.02963756181762446,-0.01696744875490293,0.03343635536433731,0.05728417965026631,-0.3659271149433036,0.008803765063255939,0.27072989734878367,-0.3369511826733957,-0.1157945423343382,-0.046888791160746575,-0.19375264816603038,-0.06446637748999691,0.2704918107848341,0.05581723487003024,0.007435625852801485,-0.08567429700796741
4200,0.0016693020736918307,0.05796498835486786,-0.006777786616584632,-0.03854981541739128,-0.0355857437929906,-0.019065279302424503,-0.06650683689850687,-0.1033474066749645,-0.10888121671176533,0.004895077972429936,0.013675479476199584,-0.03156096967539481,-0.014735664578266834,-0.008517936637576502,0.003250676281829379,0.038414804454911786,-0.038143010408430024,0.11799704626619993,0.019439493153095073,-0.062365551101403835,0.038977675016652044,-0.03940856335520525,-0.03023235851077273,-0.08512945250134786,-0.03202221367608495,0.05147751660881603,0.04855293876708799,-0.062498732393974875,0.07962094874367308,0.013166785950216284,-0.07132339961171884,0.023406081445218472
47,0.09939306915008198,8.505855901740686e-06,0.24225536088133387,-0.026031496461223727,0.1357424235466075,-0.0429059065285895,0.14619537843357153,-0.03924638770326941,0.20391960027363212,0.27315583627474754,0.18403903710618663,-0.28178533336202194,-0.08605522165192143,0.030372448085925118,0.24408775053222073,-0.12109513345324337,0.15811993270243607,-0.12813816543548487,0.12693184475150548,0.035357300735619435,-0.04868816165853678,0.06332261021589858,-0.07689290691301012,0.1974205636052084,0.03364375959516255,0.16007722731086296,-0.04666449035978617,-0.05744215742967683,0.04065753551459272,-0.05087047081927461,-0.18566573293247868,-0.19604885084897625
11200,0.07189953832537165,0.04770666370732891,-0.09801559331660692,-0.059547710644922584,0.05727639316876058,0.21359903880353495,-0.03723226498696548,0.09789418137515253,-0.031116083965591484,0.1700864497719505,0.032506619452716906,-0.07374351145083317,-0.08319967606349656,-0.23915805760024655,-0.07597109736662506,0.11865116068880796,0.0787837404973802,0.21700980022503943,-0.12018852680572469,-0.013256319435675656,-0.03830519436372753,-0.09864245441894917,0.030019045558620647,0.007697166610326228,0.08415216837759115,0.14080649687786292,0.06164669041390011,-0.09989734493081635,0.1715557868712046,0.012428587292877671,0.19349200925990934,-0.06241600780187559
2852,-0.22426659181570827,-0.022152414486378284,-0.012579659976842666,0.12067532162912,0.01524312251233078,-0.03365571919934164,-0.034476018761121725,-0.39523736561773964,0.28350249267043387,-0.0014146900968990555,-0.1874589838650573,0.19332237416309742,-0.0491432168486226,-0.25284787017668925,-0.28691447715805035,-0.00824891812214401,0.2444487132212893,-0.014770943044286246,0.06832883443875352,0.025871700466819154,0.008464797926004498,0.03451667979208937,-0.1352902562199113,-0.014035013953498664,-0.08150915461768307,0.13562002242344348,-0.1439789906740425,0.0036826587472690996,-0.007171991318422322,-0.15462506639007467,-0.17753825708779847,0.1162324870481292
10362,-0.014309456835131532,-0.00906243385855351,0.0015454322753690477,0.052270532165352344,0.12245887275467165,-0.10528687848500132,0.005005847729596161,-0.010873879747939328,-0.05208934141467938,-0.04301498101553671,0.12338911203796461,0.00739649368687623,0.05815645041888363,0.014767338337699653,-0.04459279013274195,0.095510787191737,-0.02764735782678047,0.011800758119595545,0.0789572229187851,0.02025865247013055,0.04995081010508559,-0.022805381826701502,-0.012637121344303804,-0.07887253455103406,-0.07721288820916845,-0.06145469411078779,0.03936459055923215,0.022927869439950514,-0.04059894173141698,-0.07600810653329235,0.0010239146522741558,0.05212660042434862
4067,0.04461400317422751,-0.0601401665185753,-0.13049982655956233,-0.09232392162223237,0.01418452618767593,-0.024341457371327917,0.034570158186299604,-0.04489916761541712,0.05039527856742721,-0.12749063995429238,-0.10813889003669648,-0.08551717029231354,-0.1027254132047169,-0.06545270384883577,-0.05515503772116552,-0.014645087401034299,-0.18969159699914762,0.03479463013306348,-0.15259053727592017,-0.0952881143098922,0.15732670334899054,-0.011541190572657926,-0.13737888854480595,-0.05054571748814474,0.1616744079487131,-0.10800566527318535,-0.1134228818238184,-0.08369012968925009,-0.15970813038018286,0.06031642912316168,-0.12127009836334482,0.10433409074692575
2886,0.06407566424824593,-0.02650544642271183,-0.06346324804742041,0.09965067983716291,-0.16972443988009486,-0.20251461014177982,-0.12999607567277724,-0.10356068243192953,0.10626107743850993,-0.15096925462066715,-0.049128537746045815,0.003005803785736018,0.054762054010063774,0.27827944301059987,-0.0943316027657481,-0.028380711290319157,0.07442882690557308,-0.124052910591176,-0.01316947859818264,-0.11977275646572402,-0.33381481027123383,0.17811768684526705,0.023491286263889417,0.08485914731268478,-0.0005527790884699189,-0.049840502652417226,-0.11757189356113364,0.09690264588015078,-0.09587100128161241,0.14820507952712214,0.03008672203214719,0.10196384879764663
51635,-0.06325431471899616,0.01948544058607991,0.05961761366170023,0.11293771425476341,-0.020225852649683063,-0.09394645605177905,0.10986907419239629,-0.18341480647892797,-0.024736330747401607,0.1958852373049368,0.2142609319569368,0.1265915955152082,-0.050093989230502865,-0.19853714230915978,0.17389273412429807,0.04159409389909,-0.05040597488080476,0.18480040339942602,-0.29252644067393113,0.14241175077669843,-0.11159131395075594,0.03656012654097825,-0.2773268092071566,-0.15151864785277866,0.06660339922126737,-0.12238263682433258,0.05942351045713533,-0.13850981920920089,0.002745303606374164,0.09166590872994267,0.10281870915965319,0.2038039010345506
7168,0.4122495937305093,-0.04858675729716638,0.16951415413308552,-0.4142457123713505,-0.10463367996604174,0.037550846539298036,-0.130925386098567,0.08876054001892325,0.0366618008372914,0.23459918079057995,0.2288088669517135,-0.11172731497050802,0.06779465424061405,0.041460971589284315,-0.4137250988682084,-0.10760002438902633,-0.0028985010210755744,-0.109579534225764,-0.3615063170906808,0.07518550664110304,0.1974413850450821,-0.5070027734626648,0.07014622081161256,0.25835896054118046,0.4424869209631131,-0.21397406330367139,0.20836883262197062,-0.22590101890890726,-0.2777966660013637,0.018732041898280514,0.04693677233019573,-0.1962593284612108
3308,-0.09534005213574913,0.1413119931607701,0.10411083065663526,-0.22898961260748105,0.051939625893512996,0.11203172021634737,0.02325974920901346,0.07788489667807226,0.02309317788541244,-0.01974015532522423,0.27434039083619755,-0.10505127567930284,0.2593445583302002,0.023430807253392003,0.029084571378915434,-0.22045396496770084,0.18996271671351544,0.28299933420886203,-0.19009994310825737,0.1603558343512344,0.11102849335041727,0.07699516394342741,-0.25540667215043955,-0.08454502792660837,0.17180537263212314,-0.39164455867796083,0.0749047340117463,0.081975041563516,-0.2666686395185542,0.1744405585843749,0.35880823672092216,-0.09971413849608685
10962,-0.007239273068352624,0.16943668345651525,0.2486686154621267,0.011374953793517517,-0.10836760029023018,-0.07621315421379746,-0.07203214938659466,0.10258643272736101,0.0858526027636433,0.08629186219979196,-0.3290620038347008,-0.023995884931163503,-0.11535162604357804,-0.017155988844689128,-0.3607152542448593,-0.03588081242737009,0.002217866113533942,-0.025557147335650426,-0.05469617984329068,-0.12770528838772932,0.07581367452264827,-0.06336528185973009,-0.2596201755635412,0.01573945454646332,0.10106883400801521,0.09280972916818295,0.03507137322445299,0.026936991520350343,0.00910975945056224,0.17566064193254755,0.1349586243264044,0.06429793586143777
1022,-0.5203786564826829,0.07387831292742111,0.007920319621346497,0.022298748869611456,0.27456967293312967,-0.45348082222840674,-0.1639127478490015,0.25869659651728183,-0.10492162982987498,0.21350414500794154,-0.34515474116226047,0.0907871334272765,-0.12927351893119537,0.2508730912929553,-0.18620878719396997,-0.025822100739943673,-0.058061437696668286,-0.12763351315571814,-0.15116349981583466,-0.21236224598833084,0.0821276918247211,-0.4649321947660502,0.06293361444975568,0.3642278491869184,-0.16091304856975358,0.17683528491010742,0.037422770594577805,-0.3294260782456485,-0.2084758995217353,0.358484995745926,0.4119688198634548,-0.2457007353831567
8480,-0.16641980143321689,0.18196527027750495,0.1420876776828231,-0.004192569191338118,0.018560215564549037,-0.6073271553833444,-0.2590596451507058,0.029055543627186882,-0.12253609282820888,0.1147436227176163,-0.1346717311631714,-0.21644110220859863,-0.046541625622357946,0.3744076195313928,-0.1532771412169422,-0.017788438383565412,-0.04061265528220097,-0.18812851870297678,0.03871500848326381,-0.04462452279890768,-0.019613838408890742,0.17856304952261215,0.05956050772456546,-0.1480445782510708,-0.061360276629988615,0.12146878702299811,-0.05234445303721816,-0.017228547722163697,-0.05215249627788394,-0.09450278908827714,-0.11933492918262059,-0.14187478483376775
652,0.012074136306296824,0.19399225025839884,0.00325054676935009,-0.19222461269661006,0.027322957702919527,-0.129064247835406,-0.06962375372686826,-0.06671066119837786,0.08582244801435444,0.0720116256231678,-0.10097340737126731,-0.0014823012207224873,-0.049588865681436674,0.2086030863241157,-0.049365610075285844,-0.003935004443603965,-0.20180402891837312,0.008636866585342828,0.0132782877280394,-0.20833401664398843,-0.2037702592563916,0.10418401291669722,0.06217911904875861,0.021419850561605377,0.02740201463983235,-0.09035438367210298,0.16141167358959524,0.13008979684742555,0.09368233747232634,-0.13688147424928943,0.04483285255163483,0.13775061028420177
622,0.14258384322217396,0.3544152407591888,-0.1880849940977164,0.23383695577719743,-0.03406348820922996,0.24875810216117578,-0.21565515264057078,0.09812734231787876,0.1782804070396806,-0.22301420969918195,0.0025188718655219837,0.3617954426063484,0.00017184211371742918,-0.4112825375278328,0.18915697465307033,0.014961451162634223,0.5178028929874592,0.24315421029283044,-0.006267252258150214,0.15561040209775698,-0.032627543154185694,-0.010012875803525135,-0.013982154632170219,0.2643208651485956,-0.18938412601598442,-0.021130065257647702,0.06057907416098091,0.3928949607372569,0.15737758270549926,0.1682982756118885,0.1230949488664608,0.059624475098191645
637,-0.16825220988824208,-0.037284078939302495,-0.10310400218409525,0.009784130449990847,-0.12207833162078119,-0.08128255630098251,0.07547237642942355,0.15951377998845775,0.05901243282439358,0.07558566441663751,0.05219735684963735,-0.16575052917887254,-0.028486094740347037,-0.031546990507294925,0.14436373971978791,-0.02073960434636273,-0.005583483331304126,0.03614184527274327,0.20091492908889919,-0.19831992580013488,-0.18640097287917026,0.07199424813586361,0.019641905293131662,-0.12279265716638522,0.17012547685585153,-0.24058189110034797,0.045214975478363166,-0.014614490079529018,-0.014429394317023921,0.1416403643203813,0.0553010029777617,-0.041235073068079775
644,0.14285625467727353,0.18843771495189265,0.10778389020336064,-0.020553081982774533,0.16262888976751605,0.238178239615381,0.09665481073508841,-0.35182086142585317,-0.033772598483247256,0.05893035172897578,-0.31544702441242534,-0.20947561762520414,0.07047628607587461,0.21724413312421764,0.2558770598858823,0.26442346052744786,0.029395633072130792,-0.09126067294862315,0.431526936544667,0.1832121428433876,-0.21781756665209887,-0.25072114949178703,0.03829829121461821,0.012368478927092976,0.0775115317326446,-0.011795633126471172,-0.14954876953422516,-0.03966947063109785,0.04601804300526573,-0.026552075472062623,-0.2483017814156657,0.1307894584902216
23658,-0.011125385033357554,-0.022803580649429157,-0.008553347397281865,0.13186261156744147,0.005054272165742192,0.002169865756753696,-0.15903545196394261,-0.04763509357564357,-0.016736391264743307,-0.07648076062091648,0.04525593460097413,-0.024568214811225047,-0.0410612463430136,-0.051676617932839716,-0.03162064376172808,0.07830934910239201,0.10424172609421871,0.2032215964878934,-0.07088233543678595,0.07812566395720937,-0.07069313789922577,-0.05877730401532678,-0.014244696190997089,-0.2612703111668942,-0.09231692576466191,-0.20368658831829792,0.01579260835883821,-0.04857361045779377,0.1866214640452698,-0.08704038952970114,-0.04207553868273837,0.025206716590115433
10190,0.12955204606849818,0.026616724130667006,0.13535750055379245,0.0807237440351292,-0.0784408657144399,-0.06645604766935834,-0.13198613634844167,-0.06568532875955332,-0.0033574917457294016,0.016011101966811735,-0.05588916718300554,-0.11260108067197765,-0.10301811959221954,0.03075124530376752,0.11875285778361298,-0.07189384921375598,0.0324942613662018,-0.004689456820573727,-0.09768632653003469,0.02030862672825567,-0.06864932859215461,-0.009768445146740001,-0.2174400873248744,0.017949059957063054,0.012536391620162448,0.024290788548053426,0.011928954278651031,-0.03633160233494817,-0.13309768804205083,-0.046362932992922434,-0.1546666288470534,0.041885866422008367
9112,0.04588674843297693,0.09458007855091326,-0.24728447144692595,0.0012691700407878748,0.02616012295718188,0.033455106458987846,-0.037173532603272316,-0.024474311077368808,0.0635729864041685,0.03522711840406138,0.2240227302301203,-0.0040484793550473385,-0.026807668962021643,-0.09181489231303287,-0.18265308671602062,0.12428750284294171,-0.19049021143329045,-0.19010779640153744,-0.14269863265336594,-0.03955994504381234,0.037350872246133,0.05701432798307908,-0.010723966702842154,0.04481853809531886,0.0014085766739178553,0.10020979187940583,0.259875549373367,0.05466730223835214,-0.15621201906384452,-0.1704512457118405,0.16188440502789783,0.16821529059706833
7852,-0.0009157748545542111,-0.05854113756773527,0.1165780980095848,0.15742491981044304,-0.019587388558153177,-0.2458880132899761,-0.02480056241962331,-0.2476348816190582,0.13446060245473476,-0.012902652387300467,0.181182142343155,0.06308714289538175,-0.1559913934709353,0.16092278732133541,0.19245082429236401,0.09364264506319227,0.17076945034893626,-0.11742379246916139,0.10332119631546637,0.09329582741168582,0.07638924463963329,0.1468426871481206,-0.1480534336492181,-0.32495482006888193,-0.21184083295416126,-0.10090906801140663,0.10567380082725968,0.2504584533234455,0.004860684218657059,-0.09599400280117157,0.05435074199500738,-0.07161807953950039
1282,-0.014581229885197554,0.02503637866484296,-0.13013429740920027,-0.2025284236991472,0.20062892689668385,-0.046359916426288,0.05443365937512287,0.11825736609121357,-0.23939203818888724,-0.07540601900989537,-0.06651916025036565,0.2939884609148539,-0.05953394434912106,-0.10802620640376896,-0.06329174728621956,0.22051494408359995,0.04753949128360975,-0.11207920881339484,-0.2119457452522211,0.07136134956140612,-0.08549047619371732,0.028842738231490854,-0.34239920595306755,-0.0966216534540659,0.2363965394550376,0.15608514447889146,-0.15977509967395462,0.1421359365737394,0.0619789144236875,0.07789138610654375,0.011029460113308251,-0.015751162126258357
26001,0.08479404897765755,0.06226024930900812,0.03108178908262963,-0.01553749556295729,-0.09038343504161335,-0.09519096092630626,-0.2346318374901491,-0.1714317885052613,-0.07154432021067277,-0.01879178426182254,0.11241571995436474,0.13927165879633122,-0.23153865503387722,-0.17888867197202082,-0.18593481844485357,0.11328723296351756,0.2982670661970094,-0.4392392344118012,-0.12987978242184586,0.0735122818120174,-0.25054460466351486,0.12807672847433232,-0.25406724231037875,0.025882391663516094,-0.3193106145209239,0.20396095197244993,0.028690837859234788,0.06107687357469704,0.0036578124810443717,-0.3565224387988596,0.055543516829329766,0.18979427582355549
147179,-0.23714433322697098,-0.03854928331128042,-0.0588997719378769,0.039376873593143756,-0.045956212895942636,0.14816714981676943,0.006563668929310117,-0.0858748903601535,0.03161127195680367,0.22638727185487822,0.08413274898750951,-0.1571761867456787,0.118203777769561,-0.15292054459794885,0.26288067412116845,-0.12217973710447895,-0.07909386708444897,-0.3111141191954427,-0.1446766829773565,0.12864581355310764,-0.07085278651098964,0.13523331459017454,0.3386637655328465,-0.025711058207671156,-0.13857038762026722,0.014606954920654539,-0.3620835508267637,-0.07906260992973506,-0.34366691353130985,-0.12236820583378821,0.19693156120669858,-0.12755544868479401
23061,-0.012696464498830355,0.053368118704642836,-0.03519908576536175,-0.009866952265701768,0.008327290728656915,0.08646826217826993,-0.052692648713238095,-0.05203241803398101,-0.027999755995456777,-0.09468420221872148,-0.15409680247443586,0.10777798635480994,-0.030966598837235498,-0.1118638473426293,-0.03349785450831643,0.10293647778925577,0.03230557250798451,0.1702998027303735,0.04657034049010177,0.23641066189141072,0.10792922922374742,-0.04931345729417666,0.2429012388864607,0.0158995769293174,0.04692981934806357,0.13237036362435894,0.05580219146053284,-0.08033524832739482,-0.06570317059519833,-0.08759093714736356,-0.23653178042648895,0.14575604469354547
9289,0.1850399263584319,0.09685876364252459,-0.041155957955517256,-0.22205119364383022,0.10255599682930029,-0.12869877946966574,0.09346327061667381,-0.07416238861029448,-0.09525869871910372,0.0021467173536251637,-0.16063934482473402,0.009957709265251797,0.07156136179316148,0.28379125718672854,0.2707420220126926,0.08010527966258096,-0.19372923956346705,0.15391984690929386,-0.021824753862813615,0.22900676866218436,0.22737630889379795,-0.044528088224187384,-0.28419217710329364,0.02615685237408596,0.1886723021468761,0.05400353896882865,0.03248291283503769,-0.024039139389667733,-0.10071338951937629,0.09183875701122757,0.3146078973425321,-0.2598918310440496
90861,-0.24480154691656658,0.10367281403421881,0.035283272897324025,-0.03620318330822282,-0.10810724362988189,0.059015310479478986,0.1824945315255082,-0.044660044998396015,-0.10066959262370259,-0.26032314441386517,-0.035011963565775385,-0.17361352015242199,0.3517958956050834,0.2138681378474974,-0.010624991693689962,0.09834070220661402,0.15394916553698548,0.1179691384023903,-0.4018100159286757,-0.0006100999378823702,0.2532449004860362,-0.3425215702644028,-0.30132760404929293,-0.1889618023178609,0.15700141991437055,0.10178153980183653,-0.10695423357085797,0.2672318843401359,-0.15833571008910308,0.08022067402677045,-0.012904879843209253,-0.034777239006566284
57178,0.0935685839723834,-0.04546639158795241,-0.07151488747354812,0.021614439337356635,-0.038159352640369,0.16234101729727216,-0.13538891311590479,0.07874840637150833,-0.27016464894431147,-0.2037419829019943,-0.2337940311171759,0.025162678064691146,0.05743966386681686,0.14820600220652375,-0.34193838326252846,-0.15030351437822081,-0.022254099116992526,-0.07652263740049112,-0.08724371934181444,-0.06898891258835319,0.080140217159634,0.1799637036505589,0.077821647528915,0.01402703208015088,-0.1142035737414385,-0.10532394175454222,-0.06719787323590432,0.06519533207187862,0.015562362926055128,-0.03598482373291161,-0.033434379335765874,-0.18158209417653776
23244,-0.05140935477218218,0.34812187459624805,-0.1881429797239969,-0.23363999960926937,-0.09145697086608201,-0.12510259077742977,-0.007537319843052094,0.22604683965876013,-0.12788356599348372,0.4291672906014046,0.22376637700099308,-0.06964263024595979,0.1819019988798002,0.10242431752498495,0.14893824106428472,0.28440365191170003,-0.14086995315039458,0.23137851456402625,-0.2586339383754936,0.08602527916823634,0.04580426026385168,-0.10398269327256186,0.009294743079359515,-0.03871528478060756,0.12164826007788249,-0.038249822292504634,-0.0891501092899711,0.14301126462339472,-0.06907811617283235,-0.192808744023746,-0.0701625875241797,0.29611345492880914
3486,-0.0785696332653046,0.11454873005701674,-0.032346601284155146,0.11594925854894488,0.03625399636751875,0.007523337317088584,-0.0671010754208943,0.010286872132612788,0.37697707800083424,-0.27544360886991925,0.46476804805763405,-0.1484848188863641,-0.18653717229085728,-0.19552392919443087,0.13686421365535287,-0.027421180169602315,0.001801628002681253,0.11087781013837696,-0.13720286680252086,0.14918400803810566,-0.06634680124307217,-0.20156210780345818,0.25654463876568884,0.14115744348358536,-0.08783819520658039,-0.25751845504843457,-0.15798606274050495,0.1270000251391304,-0.250788797788269,0.008973176796437332,0.11774590122754128,0.1293727711457341
23039,-0.01126278354763156,-0.06313014820458443,0.15732559317571934,0.1608763847582683,0.05731609785057697,0.0027902828182908793,0.14228607025216475,-0.05666486683091445,0.24949035944478493,0.1020872783301984,-0.05275688156569569,-0.16532391415695472,-0.03203687411451473,-0.02907553516568592,-0.04255990733092849,0.013877498425182634,0.15262695040602192,-0.024174758083126437,0.010007199382235923,0.24360486151450622,0.2568059747673886,-0.08009895597692548,-0.1435264712679433,-0.11842426828770143,-0.1823410440163252,0.16709778321401475,-0.09956439027010096,0.09292956400026511,-0.010170056753055667,0.04470067791226224,-0.1145910989051131,0.1211609478178473
1399,0.22812244574675994,0.021873392155160702,-0.020815331508995078,-0.08288243293737635,-0.1260138084999128,-0.11550432239464703,0.025305971923168434,-0.018532690296848356,0.11694703379025206,0.24906812301855455,0.18609413821024934,-0.16012700358234055,0.1457972399682462,-0.3140005493646242,-0.13224470705189234,0.014886132736905417,-0.21568951601637473,0.04416247409890731,0.15695082403810764,0.06090075416075703,-0.0011812355755723592,0.027425856939501263,-0.01558589315106061,0.1474313960715713,-0.039814004008262446,0.15526407505448656,-0.08418518852730211,-0.265494075575116,0.07884300027461949,-0.020928114579442218,-0.04827520282324908,-0.03277108034308161
25839,0.44321284314986276,0.03330525499617061,0.12301492526319208,-0.18686357186923988,-0.10775835922551041,-0.3503381615776224,0.13495550915271048,0.18480203968690942,0.1765754831736446,-0.10447223935658546,-0.06550578912037434,0.1697706178211047,-0.18961029889110215,0.03899835984082345,0.0432906301879457,0.07625534306973529,0.12536404696193665,-0.09400241589813664,-0.040273268541767326,-0.10937411138209613,0.067867210014121,-0.0014851094932319688,-0.1667755087750447,-0.09371108727345724,-0.11401726810488982,0.21371905038500372,0.17614035917080495,-0.295173021548897,-0.19734624736975706,0.08018157949534391,-0.2843366734283314,-0.06256446819732166
94239,-0.02870113162613222,-0.00789773647408723,-0.07641057062825168,0.07103159887645669,-0.11152371326010163,0.030584144666370706,0.07555646674237651,-0.04026833725488408,0.019009265414525498,0.05189828186888446,-0.0631846809400552,0.0031500520024978496,0.11641212698466787,-0.335997451306333,0.12622422564705976,-0.084223193909219,-0.03765321684110184,0.060658292775095365,0.03553819696162265,0.10284969699261248,0.03644841066814791,-0.0841190554578381,0.12056450076720478,0.2546186165821186,-0.07482309238867599,-0.09967857155376984,-0.1301780681843624,-0.0280312395468519,-0.039831454797949375,-0.006949397713461174,-0.13147161723294207,-0.06067886518995055
23014,-0.038385232002271646,-0.08624499330617846,0.06824117627892665,0.12072688965938541,-0.12480443599058844,-0.02489843270753433,-0.019742917316441174,0.021373484645237483,0.16212538219936945,0.07401478056414296,0.0913310490735105,0.00541984942234423,0.09583739321391631,-0.13372922613175436,-0.13418354979650415,0.2554526496580473,-0.0691343836619768,-0.0900266852923336,0.008160935536803285,-0.10832668633716223,0.00853805768545479,-0.0926825298480998,-0.043972374163589636,0.1351108058488703,-0.12735474518629802,-0.05842749199742573,0.14530975873980023,0.07804028782691651,-0.21652629746629387,0.029803125386823615,0.03890932775397611,0.04072988044556199
27032,0.14571293282901113,-0.028375861221912175,-0.05238378387710171,-0.17189482285294508,-0.23321558749009624,-0.15139501146298576,0.07302871923507669,-0.07404360934169678,-0.05272313135328096,-0.08015647429191337,-0.23185877982794617,0.0011267683507837011,-0.18497299253864588,0.1293632909113171,0.13197203018994794,-0.05767191902488221,-0.009889077623154502,0.11513110522602052,-0.019987266096644012,-0.060306258894184665,-0.15001027698472605,-0.03462496254780081,0.3108192133981788,0.22816395465454306,0.024716407792357654,0.05548908487033186,0.1294207883266727,-0.031204406806506206,0.028064146032684735,-0.029010155718213724,-0.1731927567535892,-0.06448720897103769
27346,-0.03386877056416196,0.09213796502090475,-0.008804084643485562,0.05992945145807585,-0.04266265509537379,-0.07495483598523041,0.2612507060240307,0.03828641087694515,-0.32526871372101057,0.062018229310559995,-0.22891068800819722,-0.1344839785242774,0.09305110423619244,0.16121450806210796,0.20098571927846595,-0.3047343764219098,-0.16245944540589669,0.37806862235735955,0.1536047707259743,-0.08876720690940877,-0.07872193889394781,-0.10361897655727358,0.009968625131676088,-0.09145713415097223,0.12120579431895154,-0.06405702188103922,0.21329132651573462,-0.06283167377147598,-0.026878189520209324,-0.11644142207995502,-0.1527703745294375,0.060210047247535835
23512,0.0390179154197197,0.1556779712698143,-0.02894232095120913,-0.25727014023534034,0.09782551119814037,0.0766294780793637,0.17617772506566093,-0.3785725600698197,0.2101585432017108,-0.0045771000617177236,0.1612873048826016,0.25800658626149536,0.03962579059487257,-0.10425159889263858,0.10674591880665037,0.12176239775800721,0.012385023075890974,-0.1834942422125501,-0.2178584983018614,-0.26879368906656237,-0.043760630886056195,0.07989786968474531,-0.4490694253040827,0.22360850097139995,0.05829474808150967,0.12473234743211165,-0.047376610258937926,-0.10352176354522831,-0.12075045390137562,0.161524324069082,0.20699678816362252,-0.12326344793099873
200081,-0.5757016142884434,-0.17539995203619937,0.044704192031127285,0.1862184211825146,0.24005101292411243,-0.21392577239086413,0.025792053281099358,-0.052986212371941524,-0.020250392211702484,0.013862612777588766,-0.08137741859231636,-0.21209704429754478,0.5592942978444728,-0.1253101105036526,0.2987452172248441,0.02046792706107195,-0.20252600736937576,-0.23197577085548376,0.1629385440966845,-0.17415059220331774,0.04462102117279022,-0.3090685572229348,0.03710063373926158,0.07012724689591136,-0.0235796622061184,0.0977294802453101,-0.1022268540218656,-0.22530372722849976,-0.28834685954262657,0.3028935101611183,-0.006222292461088991,0.11502779895546018
7027,0.05046981747412514,0.0645118003185412,0.013911125015422363,-0.4634055422344802,-0.028704602827603377,-0.1825850147304609,0.12136381168513381,-0.029106931029346902,0.08549349249678485,0.40524081726715117,-0.2911463695476743,-0.043999648502308406,0.09183284999462744,-0.33373701427232394,-0.11140347642437107,0.06950142785700443,-0.18301466983874345,-0.4087854725913418,-0.2466389570524601,0.20205169000427348,0.28237441857615403,0.2567143049032893,0.2976525782505457,-0.0454410708692652,-0.06305675179433937,0.019405310759451032,0.12192447507861039,-0.01847658127771118,-0.06803678677249843,-0.17208986486077746,-0.22443678344712142,0.13651208968122588
9686,-0.5278107833106611,-0.23665054418365952,-0.02720515291293989,0.05441934246597271,-0.20590516942755313,0.08382220611109713,0.09241350885375199,0.014169363257457206,0.3564351507836747,-0.09476563719130673,0.05574165672191837,0.006928960894424018,-0.048078087648224084,0.3528318706536351,-0.14498867143111085,-0.36499080276046236,0.13447971961640515,0.23765103557950237,0.012827544148245124,0.1291613290822394,0.36562626585653857,0.13236108839320238,-0.28621918894082704,-0.235105811081855,-0.09449742825322043,0.02154855019393154,0.028176595299563435,0.060130045344873276,-0.15688730790640884,0.007518026998499229,0.08034563705371328,0.0677423811670483
89910,-0.1525739697565624,0.25931652365078645,0.01941854223417547,-0.18005539749448468,-0.06963922993078099,-0.09722855788664972,-0.15834474508859106,-0.038992047713048275,-0.23642141345423923,-0.036835557943236834,0.028126605946365957,-0.2011096349463444,-0.13913858439083407,0.0933493895997015,-0.12056723038184707,-0.05150370918473942,-0.1388599249524681,-0.0009404213176314526,-0.14746569365932483,-0.09165311785117229,0.011375538048997252,-0.0709653549930536,-0.2334533720378203,-0.16871036987176377,-0.1303222045322717,-0.08685390872580603,0.131608751857897,-0.012899638789834245,0.017809613536258994,-0.2987913018340942,-0.03986510167584691,-0.14612559366525602
26128,-0.11738773789083205,-0.07084744567026874,-0.10429996029304668,-0.2749612477758542,0.12515952760019464,0.01934607490220636,-0.18456678247485545,-0.08658942429192484,0.03901219372741778,-0.005725308519669148,-0.03377452983572772,-0.2873539531463655,-0.013063158663511553,0.12444569966368231,-0.03486773508111628,0.16360051093030015,0.1289115329013542,0.18693616170759725,-0.20383019309351869,-0.3455280184776165,0.11777884189137314,-0.08117650356427292,-0.1322620716807149,0.09494792898557851,0.21877764721966453,0.15037730020070167,-0.006824907385506488,-0.11665934333290924,-0.04576622925820674,0.1776431917908615,0.17941933808160768,0.029152517053739998
200734,0.020321162455214196,0.0194063510505056,0.09058731267470563,-0.0013122560683104631,-0.04856065361007951,-0.09246220493582968,0.08440937207890692,-0.0886666972580937,-0.05714709083401844,-0.08663903233675349,-0.09520800575680576,0.011393832059579358,-0.07748936353386442,0.08537548365343782,0.005527046771201417,0.08277397580054384,-0.04268863048260941,-0.003938850174640184,-0.051978793991724476,-0.18166363001651056,0.0424344327739609,-0.018508154872452925,0.12554560046111227,0.03441790883266917,-0.028921159057847142,0.1038089590623695,-0.007920846899833162,0.054212070128236596,0.06002487590671322,0.04785316946050281,-0.10188770650890915,0.07736145865076721
23522,-0.14318511368529352,-0.14337985875017942,0.08311531151716257,-0.043625099575357734,0.1540628677300353,0.08448253716950423,0.18018857209679456,-0.0560534177539848,0.06587539544422216,-0.1860171203888242,-0.03326995276906553,-0.2302165803406368,-0.510170993400783,-0.0878132211950046,-0.09991261537209147,0.06471783585456513,-0.22865031340938952,-0.26445969082615906,-0.1057339718710192,0.16430732585627306,0.05450850728391085,-0.12475583464837421,0.04564092350065446,-0.15210822711229696,-0.08847556390316708,-0.11000495448409384,0.06833972700030512,0.2334267931404072,0.15049506999455495,-0.12208478043456233,0.04557831345468451,-0.21151140795123566
23131,-0.02302856226546385,0.05841548459877993,-0.041193980177568756,-0.08424543536828624,0.00022023823504077348,-0.02112934166823596,-0.07828930959651619,-0.015042293079585696,0.01076901534341394,0.03262067991302301,-0.015665008889975407,-0.002687130740935953,-0.001179744739920662,0.10087968380289526,0.038658771208716976,-0.10723865225887894,0.0033401097364230215,-0.028308247026462566,0.14994545653894478,0.003641611156752898,-0.07994727497181442,0.003979714785418532,0.008141805782191577,-0.05165106689106695,-0.13593714287264988,-0.08891415092893627,0.06063769096546953,-0.020478084978060033,-0.06865388807118801,-0.014670760423056985,0.11177741713700373,-0.06013393152664904
84890,-0.09968856191489388,-0.10517143819521546,0.03140306537432895,0.11370617623038984,-0.0036059262061750616,-0.08448867943557076,0.037493371181790754,0.05918838686567931,0.11797056016630245,-0.0934324944556979,0.017220110717939732,-0.10707983580197211,-0.09970578244044744,0.07376487726494715,-0.08276480024451327,0.11212623978623211,-0.04842911673972618,-0.011052992113643632,0.10027871223744034,0.05848126107575859,0.08785058163211704,0.038176165259076404,0.1470843636026997,0.0463922219867828,-0.020277514386863912,-0.02881081032504827,0.08934315579987319,0.03123356203429155,-0.034990410797412885,-0.10683756419981133,-0.018283818258326374,0.052802406781675255
23200,0.01019550860846366,0.08753429081940763,0.12957214019631005,-0.02980650269128792,0.13328440575132897,-0.021014429973601725,0.03626980519186778,0.012494602502889886,-0.0945047393910431,-0.10388776457512476,0.03647568042124231,0.12486622126241842,0.0401710970340217,-0.02352642352269161,-0.02456514040417714,-0.16632023228391327,-0.13839212578360657,0.019307274296160266,-0.05195958475227305,-0.12131835401655325,0.18682297741053508,-0.22100539560906712,-0.1313852006645391,0.012182790880367838,0.10589812051460003,0.07276967865346226,-0.02270109366616696,-0.142744956354936,-0.018489976787617227,0.2002632666698075,0.03844315955095398,0.11104298695801564
26036,0.40925812260882094,-0.03255141229163882,0.15622864552699284,0.004323623516732398,-0.32047843430776346,0.3881907276465803,-0.35479715025974795,0.08115880271024094,0.1664738273368474,-0.017614718859973375,0.24330968949099696,0.4211812120433497,-0.0682579815650659,0.08462015670927339,0.1670494159399621,0.022007989452051777,0.4073281565804397,0.2518745352626777,0.04527795065338694,-0.037232086599856176,-0.07428310885375249,0.051088328947676065,0.24005345883101709,0.11116951588941339,0.15905556196912202,0.05289274885243164,0.06415025867547584,-0.2643456529122633,-0.23645286609386168,-0.0684301968277664,0.09504839281947788,-0.39862112916114056
23029,-0.06372706380631087,0.0016778845544946307,0.10083994394979527,-0.021470564902397696,-0.06131290847919289,-0.0037271373534784134,0.07559264690819416,0.016318264048602125,0.030645546467988078,-0.07130955543233336,0.0774502676390376,-0.11911908339468966,-0.02876917927651906,0.12881236166295917,0.11713647878543497,0.2641689021411293,-0.0233743786497244,0.07618504884711853,0.0816655390705088,0.02927213029515671,0.022381919365699346,-0.12655686780759776,0.10870440130071476,-0.018955802599975837,-0.05441710465482873,-0.025501693304226032,0.025359849221987817,-0.16534190913522925,0.12074195012320894,-0.05401614007726472,-0.039646793408488014,-0.12707385739104726
84159,-0.09024424851427214,-0.025459026132907955,-0.03452468177715631,-0.03282245731084352,0.030185543082333805,0.006528542391315907,0.14476313183312525,0.04703101389675278,-0.16771952999372564,0.15843189790315101,-0.32050667221247336,-0.0072958267912090835,-0.25752478761404335,-0.0038402023513882015,-0.05359647232652476,-0.13840718267055102,0.09075075592301544,0.007920038431204018,-0.0953503245835979,-0.1941681643985521,0.056628533099166656,-0.006924480185282138,0.0986065081371797,-0.06526143731928,0.17301618705933458,0.11132348987210071,0.06300755161172787,-0.0028181977448659993,0.030214708661473428,-0.07935458868852095,-0.08211287263951325,0.2198378337287222
1123,-0.008822793622663049,-0.00029031951113422694,-0.02751174837992208,0.020621614245642707,-0.002633350463395633,0.12650260536323787,0.11822924361252685,0.01626669429185549,-0.1908064933033715,-0.04944892605236116,-0.1279359254885518,0.0712579122381291,0.06629440126706698,-0.25735444726597645,-0.08225186782668785,-0.04540616022950115,-0.09841937539340541,0.04732586017835668,0.10636342393671462,0.06369210741368055,0.0049540337231698825,0.1678058086254145,-0.1474449730683592,0.008028777620361548,-0.0248283355649751,0.17576153189725488,-0.061650015448174666,-0.08229012507072034,-0.16025427846951987,0.2329737294561853,-0.15900236400775208,-0.04956363046305785
93487,0.11461944296703974,0.2348728822796729,-0.05828777054618457,0.18466030385976376,0.021454201903326645,-0.09016597400188346,-0.02457146292534661,-0.041789207456823074,0.05560563623453159,-0.018605793184184927,0.10508894296486081,-0.15022538573233515,0.23235234939228008,-0.3074419995346413,0.08219963610945426,0.19355083735408174,-0.031832313788411046,0.184108000474818,0.059794818452935605,0.12281941707516933,-0.05865750212662762,0.23325499977542935,-0.09375550651667701,-0.2025263752443094,-0.0736927002430975,0.2618106931626901,0.031690156374961816,0.032590501146564275,-0.013349221331113468,0.014135428904181976,0.10017961619969426,-0.07355080326054421
54505,0.15993283810612685,-0.0774781113837053,0.1629594326607481,0.11033650241024057,-0.055224166372330956,-0.03377398558191375,0.055841019823616535,-0.18840492598422082,0.32771403059905485,-0.25059704284465084,-0.2960257041278624,0.07327877687091043,0.03362392252118432,-0.06998641855564283,0.0999650036435648,-0.13992693817381963,-0.04265415308218118,-0.041907583774393554,0.2613851617597095,-0.07958582020463272,-0.24648252619364702,0.06986708788391507,0.27084971684692494,0.1442873218095336,0.19320259381883373,-0.21980267713573226,0.026915747117949154,0.3058750635540427,-0.23665266890452646,-0.05403868728715485,0.005160859014814536,-0.03163739357323298
23338,-0.03627200184235084,0.1361451075904833,-0.3063687095742038,-0.3639928533936127,0.16467411294959766,-0.13213416991683455,-0.22777202417679415,-0.18454499785052175,0.0009879375719644065,0.29326667171117327,-0.11290109507397252,0.2739259689649961,-0.10023644394870235,0.14140389887640847,0.15064624407412694,0.4000854024672361,0.18729722330692095,-0.3628791518269386,0.1365314083923015,-0.2354088737063676,0.06089432981154378,-0.0007934261434147718,-0.022523573654029152,0.13834791000355104,-0.25377950571250774,-0.09505134127187641,-0.14883557352671808,0.4185744644001207,-0.06647068960171773,0.1352966326081185,-0.20929328388536741,0.023925036169414996
25976,0.07686014572471642,-0.29014774385326997,0.4908195321298243,0.19947076795988725,-0.009313264341292671,-0.45227168758225794,-0.118700826113251,0.17770063305674788,-0.3949354656867387,-0.1356580410309391,0.4701884710654029,0.9774739857296861,0.8674399494834295,-0.3483691807003945,0.09715779463557178,0.4893165510723412,-0.03152382246015402,-0.230719696150879,-0.31280432043250667,0.3765709044871908,-0.021739671147995004,0.0294925724672513,0.049168354019830884,-0.29618395640683165,0.23099883317140474,0.18104491847305088,0.32270534577629784,-0.22022196039651232,-0.42084867067991993,-0.25159740154386345,-0.14378060394760403,0.15472121867924576
55818,0.0645285242213811,-0.2141623889938015,0.01896141632649669,-0.08247255173493827,-0.05037682208318369,-0.019489754796448048,0.08811144887071477,0.1704348017594837,-0.14633399758642318,-0.08646305656213622,-0.02732735927692863,0.04264465756468311,-0.10099954000030545,-0.35504175136823357,-0.1382421337669538,0.21520086151622522,0.08130346525305565,0.21510127713773966,-0.016549909533336175,-0.15050689012725355,0.24708980887565837,0.14077984523203244,-0.11025612850877742,0.13352011397804392,-0.06831705833296288,-0.12824164103227806,0.12208028104678523,-0.08847524619228235,-0.31736848562537723,-0.25908634388910184,0.13880380984878354,-0.18455635467936923
5096,0.22104841901481112,0.09850451737711671,-0.15920729665991967,0.06878766886787405,-0.17287731746117949,0.12004147791094505,0.015284762337412227,0.034913058285680316,-0.13380700010099228,-0.05315063027054617,-0.056834378555191745,0.04910679644674315,0.12750236479449614,-0.10854569378162741,0.02103053030964887,-0.11254227815936019,0.12271295149068082,0.15534151672981322,0.016074335074497348,0.07372429155303814,-0.08981749829324845,-0.09034660398269462,0.015127149746954976,-0.007214261259180437,0.16534801423531156,-0.07511928707303427,0.2498411242574883,-0.21226898795757515,-0.13381472195608976,-0.013858420610854214,0.004043072416810229,-0.05297800038416641
9842,0.2106602145214353,-0.03928662786038403,0.06599011279268027,-0.09483560859706967,0.059706804352588204,0.09908240069865257,0.1212732181832968,-0.05041567553200834,0.1893284360303352,0.04398722256622185,0.03142563083126393,0.06983891425439277,0.07521435265684076,0.07721564110652598,0.13346524026898818,0.3120457254068138,-0.033578268339179075,0.14031307102161553,0.014891890411365053,-0.0003318752016952346,0.07367472044465555,0.060156867188610325,-0.18430773358155236,0.11533162768750696,0.10141136679252123,0.12167019777110483,-0.030592113987643946,-0.047821177576895496,-0.1898527996153837,0.033788817977000826,-0.07879332215358827,0.03166106220604882
23210,-0.050685139788534055,0.06633807783259699,-0.05198424903369071,0.10767388501915313,-0.007085539185881274,-0.07264766193101892,-0.04641724805517773,-0.042925118055706694,0.0243591474127746,0.013281532857810821,0.12214863928881907,-0.06749568771993422,-0.16478908609062845,-0.02852753118102779,-0.10454150056428921,0.104934144561545,0.0735634359627908,0.10626411284507015,-0.07872958636849751,0.03724700187076487,-0.03499575868043275,-0.12953475899948078,-0.018559722332727072,0.04543922932457839,0.10490856358542343,0.06465315461209242,0.11548848639604631,-0.06412862002690775,-0.079247191133928,-0.11244299501485423,0.08876514608639784,-0.08457289233206336
30849,-0.1340070359764312,0.09882743145211376,-0.1669285037167597,0.17496575398719547,0.18267273891125824,-0.0976475343277111,0.073903421216669,0.04800782599705946,0.2325247490565626,0.10040791475057126,-0.06376408102499413,-0.1422830590673548,-0.04529913609521934,0.1298551223953889,-0.10774667268372473,-0.013300220653071633,0.07258165564882256,0.1850556557467302,-0.044692693961007154,-0.15759869059788328,-0.2665337015472479,-0.06794006205932776,0.35495027124721135,0.1445544945049769,-0.004175666080863801,0.2007997073643482,-0.09658702833136613,-0.0002271336556805363,0.11090401399490606,0.21682865630687165,-0.07960021283973231,0.057967500051383666
23271,-0.09713854783396504,0.056791746308921115,0.11292083740371156,-0.19746909649235242,-0.023185174864900262,0.10390566555307816,0.003535307250571328,-0.10770478973802346,-0.2575160906605757,-0.08470655046306101,-0.13811408091370672,-0.08030115782428165,0.10616869245230277,0.21538332104005786,0.14436193059283922,0.17687825148384415,-0.05827616641935691,-0.1167697519817488,0.01984767798063916,0.013993537300038812,-0.25936483323187176,-0.010019005040226674,-0.2930239793663375,0.2109758317381698,0.0018083440381970934,0.06944799915298207,0.037224305633186246,-0.11574926432621777,-0.16935380057091193,-0.14206539414823727,-0.0006805458202757984,0.21794933620753693
23325,0.10171883984415782,0.0456446780794793,-0.2160083506767801,-0.13747623595661726,0.17375894322019483,-0.08952731399087406,-0.05786512886957893,-0.03655319781479805,-0.09236275786154254,-0.060875829107461844,-0.20267135244411932,-0.17129222754298573,0.06462789103912245,0.29172098997657386,-0.01654642496896801,-0.01811443381099048,0.07098738781086938,-0.13820390099318264,-0.17700664432957106,-0.19938855837038408,0.0823674270556241,0.07847163665528605,0.23278825458342964,-0.01817183361112007,-0.04664807045484177,0.057052677144300144,-0.05370453483337057,-0.0016628986434449654,0.10860988093392544,-0.12320893221345443,0.06881704064489216,0.10117746759368261
6509,-0.014014537060411428,-0.013419619058300426,0.013536644641050023,-0.05778638691546666,-0.016800291552415008,-0.08350857762595815,0.06297570391945737,-0.021736300047654943,0.06377393233662583,-0.029694097814864852,0.03001923539056568,0.003859947465283891,-0.09933271633249893,0.10453098028801767,0.038797772143032476,-0.05601253455880489,0.029164204783939503,-0.05438764370789323,-0.03433005262065679,-0.0172208787512041,-0.008391549773782968,0.08306887627413902,-0.05910101534832204,-0.03534221808722363,-0.051395107885120694,-0.02827631276675137,0.06002974133719184,0.06332943114324356,-0.03319318418224711,0.016763972598916415,0.02248298090272255,0.022822851163211956
10973,0.08669966266264448,-0.01781945870986031,-0.021557686254139608,0.1974464772375922,-0.10449905795672179,0.009903711406561062,0.18306906451541272,0.09722698073204203,-0.07215769587004035,-0.05891785179681406,-0.1581218648852693,0.021640903469341492,-0.03746619292871953,-0.005368018830985959,-0.0718075856294993,-0.10061896808337803,0.03188396505170225,-0.12994232878083703,-0.11311083353989976,0.1654233794074201,-0.06602205750429221,0.009364855778611899,0.11967550927453625,-0.2180661464988169,0.0712344393295958,-0.14774550899078817,-0.04373873283846614,0.2337474038743243,-0.040045366146811735,0.10569277168946715,-0.04600685892478902,-0.11327613606304256
91137,0.1081938896633675,-0.1443336534477578,0.09657303836535029,0.31169711891489976,0.14954320311754796,0.30447033185661804,0.022016408920808136,0.042312307398962364,0.13492578168524857,-0.04551232167831221,0.12719735555522388,0.03545328218225576,-0.22452780289190558,0.03482761438401397,-0.045845936415750826,0.09106942283019802,0.1354926687120131,-0.010683998122323693,-0.021976195442535436,0.15321354381798616,-0.031732767935988705,0.025336025264753148,0.308655678956769,-0.1316079707880195,-0.059796624481811236,0.1939796490066663,-0.12341972857349053,-0.12306099053122853,-0.3180194445906916,-0.11840372192973068,-0.03903124925128931,-0.062493253102221036
23076,-0.39525518574452867,0.020363344923946782,0.09068596162689178,-0.06116393247464307,0.06603092278100753,0.2132634404705345,-0.41083518312674683,0.23986655933140125,-0.4223577020509864,-0.13178557943837002,-0.05833034529830892,-0.11625346129481835,-0.06860587254466342,0.15637010940801174,-0.21570210921769864,0.10016471957371983,0.15979180101353896,-0.18541840814941937,-0.14807284413021496,0.16616659652265772,0.24885636301606742,-0.018297015606823192,0.02812217818069078,-0.2630300793655485,0.1244613922573871,-0.03931361795373708,0.26168555655198183,-0.19299654265481436,-0.14325737201785035,0.029575708737485353,-0.1223839125992724,0.27447142634529387
8312,0.06387231790239961,0.03862832025024322,0.07381826728768015,0.02698472100131227,0.1236541557337369,-0.24804222273900148,0.044896166352531026,0.055098924188948184,-0.0707187734457278,-0.05006095208203292,-0.06757543937863472,-0.13251663852818638,0.07564734047291771,0.22725265512541185,0.1608093826297644,-0.016498785463429776,0.08579482061669606,-0.034709344514078345,0.19005241918628277,-0.14041404966533025,-0.022337183433050203,-0.09718097673520121,-0.0744358631609705,0.05735497344401183,-0.033787374853572756,0.02002845154541001,-0.033315161059085316,-0.03404197060871997,0.07635819220476946,-0.21705480621904139,-0.06909758045577205,-0.14418471192154012
23142,0.020072118082836477,0.008915046694396448,0.019942515396199866,-0.1648082571154584,-0.03981218176440446,0.04338023458761449,0.00617579365968221,-0.09340410395773743,-0.029204126791681717,-0.1040638537277719,-0.04311572509277516,0.03280579601374733,-0.1626487886843467,0.02853927489571177,-0.09966119339946392,0.10160034665513015,0.043279011744264344,-0.10349419330005266,-0.05400028308315684,0.34249480400616195,0.011571795590491044,-0.04437591814909198,0.10260204035403575,0.14165706665646513,0.021234030911735972,0.1693125510445876,-0.12439658214662887,-0.18999146152837565,-0.04076639653738465,-0.10661566953239444,0.11935109702791416,-0.08417779395014839
8550,-0.06512855279712282,0.048488684573298045,0.06072012552379436,-0.01821915087683753,-0.11693159690894986,-0.003158146076056721,0.3623658563817975,-0.1550672899522365,-0.07584928653128639,-0.02114117786500244,-0.10331734174565084,0.11202362624063845,0.05922961477463339,0.19412070973971554,0.5693754545640763,-0.14419405922558454,0.3044255145804044,0.0781217431906137,0.05576588760381792,0.0926946127126319,0.1540339714743592,0.12595529629836388,-0.2471155120482633,-0.016921845418570804,-0.36024505306567917,0.034661372396724954,-0.13990104454443478,0.144418236633721,-0.10581820749648878,-0.03392073666664815,0.06793765066337037,0.02150818375080636
25966,-0.018389423064194402,0.00027536147376932673,0.021694940256419385,-0.06512126877248536,-0.08057663993256825,0.014108135449353488,-0.06981659912116292,-0.03687230891434977,0.021753892538403378,0.03873033598909202,0.013289300862596469,-0.013950468634116763,0.044947363552789214,-0.09345427462114093,-0.05012549234567789,-0.025962662479849623,-0.007740212136821338,-0.09640185553674734,0.03830670764707046,0.021593073690277444,0.06092401806416687,0.08373450499712985,0.10621524989347077,0.06042187204041713,-0.049669999248916415,0.004788458593139096,-0.12426821133143798,0.0969835137259736,-0.04890599849350786,-0.013319598075648482,-0.09651263821740677,-0.010911781001494397
23335,0.06152676285659329,0.040154083099852786,-0.07765829712376911,-0.06803806696793914,-0.009627992930542301,0.08973914848978164,-0.0911448844051254,-0.10293773362102261,-0.01394604004911143,-0.04046210290314942,0.07573526468578415,0.03057225443462561,-0.07042826077003969,0.03394009832593682,0.003040012542490425,0.07735720651977916,0.14257364690220076,-0.05266721028254534,0.01790018653262009,-0.12974105090115215,0.0455530855905047,0.10037521417061275,-0.22997346395492527,0.002918438348383341,0.1999210325278645,-0.08007674956509736,-0.06512782908049175,-0.00461327251994674,-0.06689931732752519,-0.03542072170779405,0.1697711923157875,0.05355926120909478
6832,-0.06583194393413913,0.07372824893064686,0.02639916543046537,-0.012329484102596457,0.2803585259147954,-0.15967184822040398,0.14852448848791266,-0.035778566814886774,0.0037121735756352565,0.09171406412405878,0.04160156471064062,-0.19323865841150967,-0.048633592968424816,-0.17076791875063313,0.0855857768148095,-0.11367271711919984,0.2336990196172351,-0.003798272147723855,0.058021779883377034,-0.22978720782604972,0.019185559952760396,0.09601396782055993,-0.2663448377421994,-0.09225416064183634,0.2085691198368797,0.02775738124864906,-0.14832422274633433,-0.0900076703930013,-0.022770611591928905,0.04743925890168705,-0.021273077294655267,-0.13355603776416974
23097,0.2268633422516379,0.06697941106548277,-0.1359232251743258,-0.11752727703579967,0.07788761966179494,0.23988400405823712,-0.24182305533150963,0.09676985873163567,0.07750979903865798,-0.042616365743563894,-0.07274745760371694,0.31059148000924436,-0.08639561207027287,-0.04756853922128788,0.062288684330352714,-0.07699874827523016,0.09430988334323892,-0.14460872543038966,0.1137412906453377,-0.1300798655496762,-0.16466204860703007,-0.006626692863765123,-0.0989122667827073,-0.02365785016783739,-0.04447727825922972,-0.11926500232654381,0.25464355453400206,0.16900926697538202,-0.10056735594023417,0.10401988932920046,-0.13798481219987854,0.29287926248560625
57215,0.2319068151006896,-0.0424850964879811,-0.08767135720019165,-0.144480770632187,0.0606963885872361,-0.17636522798360996,-0.008791215081200572,-0.0315403478586799,0.16128208560076995,0.07571142078065064,-0.18945680877214194,0.08232022432291261,0.06543271636112619,-0.25958184086976666,0.22158452969862444,0.06400170771232216,-0.06693203914276807,0.2148817167041029,-0.01636584456296742,0.11691835827989688,-0.07856347686597909,-0.003179685000760421,-0.027858766352084535,0.1341130054488139,0.032132781630143666,-0.0489344204703618,0.05287284966281532,0.010626020872387813,0.059091991662071054,0.15759419047634743,0.2949144593888456,0.011959701815585809
9847,0.027054875418560893,-0.022643002531991873,-0.1434228999568987,0.021198659955140198,-0.10462411921578679,-0.04669186221543058,0.009814838240090386,0.14666368112456682,0.0038508817686151308,0.05246253146694397,0.01799545604503899,0.017867657886443344,0.15115470634384937,-0.3600472162196779,0.04668866931560657,-0.014074032826680209,0.021015778647351477,0.10434543233353327,0.007338224203783158,0.19233867327522855,-0.01947895876437286,0.0006819482028696511,-0.09169314479632777,0.09126195246795145,-0.05637712668071351,0.06258040478257294,-0.09429162341840187,-0.11999443859610254,0.12523174404599158,-0.10895599254147743,-0.1578797310449706,0.10213697794495803
5438,0.13540197956403727,0.008669317089393504,0.02613489078267967,-0.037710246559648754,0.16943563824111435,0.0710734838270733,0.009729167049336658,0.05246618803323477,-0.04096069746398514,0.03496916181526603,0.05146119616228123,-0.007161444333616524,0.024673681137788266,-0.052048632075108854,0.11109373576511537,0.17289019666535516,0.0017143010522398493,0.02441684244537864,-0.09996037834296594,0.011104374656164248,0.0716672955177504,0.019710616713558962,0.05812574314853756,-0.1313655548127067,-0.1257160917498776,-0.010637112770814777,0.00965859161556464,-0.040317113614827586,0.089576188317875,0.03457924858768497,-0.06009338030159597,-0.020876289835948504
5986,0.024051884584530146,-0.22135909059812015,-0.2227368474402863,0.148651731113447,-0.19191080875648353,-0.08811570090707596,-0.06314545237406247,0.16269508553996725,-0.01749072306568859,-0.1755938904365024,0.023800233458858244,-0.06189094456887265,-0.18310041048054373,0.08776496039042464,-0.031584956815173454,0.2941977798803936,-0.08514745085720667,0.04004646595274039,-0.10931734752958676,-0.01411742639923463,0.08220014185614175,-0.31968227475123756,0.13053786575312967,0.004315332913396683,0.2244583592013244,-0.3267616811888395,0.11279308907637745,0.15248114901459817,-0.040648646678987176,-0.12051311191173529,0.09264006672230127,0.096608019490525
22934,0.04031645111117998,-0.11741539698798216,-0.02179739203975709,-0.003026027099652211,0.0280979360038758,0.15408241465158898,-0.016196710220204795,0.02000862280696625,0.10532638245470555,-0.054371975266800446,0.006292206551338741,-0.11077120725086827,-0.11326909121028991,-0.026253225706168223,-0.043395646231071075,-0.033622000612836475,-0.0829246253054532,0.07245050675094689,0.0525250786514356,-0.04947725749340421,-0.015757076894789866,0.01790220420605029,0.03353901507523918,0.16536075641088252,-0.041163019873900274,0.140466690653731,-0.013198145306229167,0.028048988707779644,-0.0014930132180484364,0.1609629053699251,-0.1040998250447888,0.1767355485252374
11011,0.05384944371697978,0.029289708127566986,0.09286401144982771,-0.06175283859072416,0.13670819931460285,0.030078532014051737,0.06977816525937751,0.006082450016020861,0.09209908171019643,0.13296364713445302,-0.11044956548284336,0.1486106661133381,-0.06572632470546082,-0.10721286634156034,0.06765827086837074,0.02858806406860444,0.04778943377476191,0.08585736553769537,-0.17714914854488067,0.020315051077205375,0.14802160530326539,0.07867423198382852,0.12728475081247276,-0.06738438268125649,-0.11707681984300067,0.010294215178700642,-0.10514138753828482,0.01050174910709403,-0.0764010200808344,0.18085988109979126,0.00016398648569961665,-0.18253338871075706
7074,0.03183296050326272,-0.007479275154377222,-0.10049417800539784,-0.11148057219494432,0.037110254191757806,0.05716200679727638,0.04496097573559183,0.05584949405122956,-0.28826621487235077,-0.02994087223901262,0.019706875862267676,-0.08966121607009869,0.11268598971331462,-0.168420269019888,0.027250825536458443,0.012614444535266152,-0.027356358815005956,0.14480537918560413,0.07237168513331185,0.030484617538621698,-0.06131213386371167,0.15934775489565528,0.24694823962264478,-0.11016723960360784,-0.09800456170546815,0.0832279890019688,-0.13541253998134795,0.0950874308828098,-0.012177990530403313,0.11282114899279531,0.15485005835532945,-0.02720034536187605
3206,-0.08787026331883607,0.02257122987120442,0.07204914700985518,0.04023144536180186,-0.0352361716576024,-0.048109496505658496,0.008748467386643838,0.000428918085946307,-0.017880248752012048,-0.10529049304953327,-0.13734262611396852,0.04149243397967822,0.0153325065542706,0.035576676713843194,0.049558473650493054,0.004332091909591632,-0.12352486047256829,0.022929225366228493,-0.040064231619106,0.08550349529457417,-0.0769179983978391,0.05326110612376184,0.030865134590612173,0.08120489912934795,-0.02000909861371518,-0.07638264584369235,-0.08258860900478172,-0.14440302312169012,-0.11709015008735471,-0.01552701995468418,0.010371459669553511,-0.09278218934229418
91949,-0.024904637220628224,-0.08620197286951556,-0.015220807908693903,-0.18669570182527942,-0.2878242578641798,-0.005850640578467463,-0.16073217819403604,0.031084002182421997,0.009224065152232097,-0.04193023401563472,-0.018431781149652528,0.22558654033734288,0.09262708699100965,0.07167418471372292,0.05313751405499606,0.18867791474771786,-0.0780209344825058,0.010835479475673768,-0.30625099977144016,-0.0665313136282743,0.16369913793477922,0.0656200121971286,0.02680765686295185,-0.06506677870329453,0.04558441977925622,-0.03351953937972866,-0.07247453919282001,-0.16792725302020586,-0.14560549408855353,0.26277650038036265,0.009750318075796394,-0.011176513538392486
148022,-0.09019831393213779,0.15228071350039812,-0.025692267869972845,-0.04874305159281949,0.042528047953001094,0.23203579784348458,0.08118503192635787,0.048672684241310646,0.14939795720468638,0.06811929488729063,-0.049290307899363194,-0.08388681388849048,0.034063410500462264,-0.05491930498470913,0.01658146192678607,0.04094361088265929,-0.022953401273767722,0.013655833769509967,0.06220702973966474,-0.2271923759280973,0.006760396371863567,0.060940082845560746,-0.1300378569002506,0.1823891788427916,-0.053797172727312534,-0.0734150280465913,-0.11930626589923875,-0.05386352932717226,0.10135877332446412,-0.007036717645865243,-0.0060948150320809785,0.19460637622667665
55958,-0.0921321961704707,0.09080487439533359,0.09894428915608836,-0.13517469903254012,-0.04437856829897983,0.13771437912866563,0.041594020876234906,0.016227519849017154,0.06709328916868638,0.014545371097737245,-0.08174547170992048,-0.08041203657195113,-0.024631442781663945,-0.06561766802153213,0.011962387858680801,-0.07343635145845102,0.008213518749227525,0.09283597340368918,-0.02471236246019615,0.03155563624466663,0.1845244982186335,-0.05852269944215374,0.1954652545997426,0.0034908329244012696,0.012492573694005112,-0.08512535921105492,0.056218709067624405,-0.03157230042252627,0.01633990862465782,-0.05969548077917607,0.1031191323456032,-0.12221619235603524
23161,-0.11955077542248967,0.06706544718762772,0.12394499198254985,-0.09995544772232362,0.20910795331922705,0.2348573518026894,-0.013002602269734641,-0.1434395710449303,0.012791721401757359,-0.19720245134241982,0.0016324311500615174,-0.03930579865452979,0.036651349900637356,0.04173102306457659,0.08343006960370963,-0.1318938733046686,0.03463073152493363,0.2122491927256201,0.013606956160524965,-0.22312439446087237,0.029090506869239488,-0.16952333143604634,-0.19251229944466874,0.07247061552545535,0.07787447663260036,0.01574721746805492,-0.03292704367456331,-0.1651297898225254,-0.0726036449669528,0.10550965723897678,0.2343853954232391,-0.07797191167864857
6714,0.08026648657283772,0.03962635050363242,8.303672421016084e-05,0.030973481985007396,0.008623299901548217,-0.13257294599522607,-0.09046186319949805,-0.10112325117523581,-0.052180083501707525,-0.018526770025441803,-0.00386383049060052,-0.0013343268404062503,0.012626330183897356,-0.04837995268033808,0.010802891726603437,-0.1038957321897001,-0.07854806628241914,-0.1059335839142985,-0.0011513078052701158,0.051698015665632764,-0.09748748999063338,0.08244625825959108,-0.030986251044700878,-0.04675427837563617,0.05853480156774416,-0.05665829301207273,0.026145081053313386,0.019044986635886392,-0.10998878874364973,0.047094124499714445,0.03957624142436383,0.03484867771628595
81544,-0.08888389786342592,0.013540946080078092,0.0781457286308986,0.15555747393065125,-0.031022718261358193,-0.0722312909025025,-0.08323777216232665,0.13761607865093656,0.15569492090522385,0.01011252897407655,-0.07077682697888739,-0.004795201274954614,-0.20733009489917345,-0.14020411750968675,-0.051091193954129595,0.0243534858436683,0.05292688146112761,0.13390344481499078,-0.02379826740238779,0.09282946878374711,0.055349974948384555,0.1515807914565399,0.1492178586070521,0.008807704438339517,-0.015942600179413905,-0.012520737296151012,-0.014836432223056953,-0.16887918273855387,-0.07543485067707739,-0.13891622591423194,0.032059832401328967,-0.09648401802623509
5331,0.13397825446815126,-0.1654550429642902,0.10174359038823731,-0.08035299059584304,-0.02129877318613533,0.06697013312328001,0.004834807370627947,0.020244091378592895,-0.02495409133163471,0.1520888333376931,-0.009257097867669432,0.042399582023838395,-0.040971310928151886,-0.11280044289597232,0.027819719883982696,0.10151035147182813,-0.23801273876427292,-0.14474518819414667,-0.10975105556243639,-0.1304879717416771,-0.07641194949209001,-0.09739494246560348,0.09626127701860036,0.058482090600320585,-0.19669148772136527,-0.06648788582319645,0.1742203168120527,-0.07513889372445508,-0.09370508568397158,0.13675855634586165,-0.07353231042536623,0.04572142494342531
6909,0.17149762049199377,0.13696257159421077,-0.02357512072173993,-0.029814427695372594,-0.13273037446369726,0.10428417284044082,-0.22879089774916211,-0.34188601893831017,-0.16085827095093885,0.02845275006717418,0.14815229549166545,0.12647336510117643,-0.05821366760498163,-0.1499749095323884,-0.07171056327228885,-0.12066719981346406,0.08746369100927819,-0.04674614275245101,0.2235128002190947,-0.2137608545167923,0.1974810608007973,-0.04931946101116543,-0.009998458220608193,0.13483242860292435,0.27447182127215536,-0.08157953430466845,-0.2110443950687181,0.10663654720041378,-0.05176235112191938,0.06288409706135668,-0.2089730438764964,0.10870956707259316
323,0.09797142250670846,-0.057364967823761014,0.03051825018630353,0.10414013377094791,-0.11042829465005811,-0.01383910236365515,-0.003750727097273076,-0.08919538141431001,-0.03469656295738329,0.013744391004817906,-0.015233289873364867,0.027288374885561264,-0.11981768658171721,0.11963161089746106,-0.08291308046908628,0.09273152901497413,-0.05522583823343263,-0.24244839703301854,0.16261311170578893,-0.17142939025432422,0.0057052683451099435,-0.17273630140863916,0.015396335159649744,-0.03223523075533934,0.13608097367388314,-0.04109728025361406,0.290019432944956,-0.0767764353375949,0.007991180244168903,0.2711739786045645,0.04651484478371962,0.03703969972315949
23149,-0.2762034112842722,-0.12054943540896422,0.011166171779990445,0.04802564155891577,0.021066369578711594,0.08695779747478291,0.001384130800118031,-0.03423111812746445,-0.1790957866653537,-0.3360846149259307,0.02975837962826404,-0.09343243152607082,0.07829300595394248,0.3200209224821323,-0.07825142928960495,0.14952183778094147,-0.025239698383251585,0.08414356805191454,-0.10285369286487989,-0.3761738798887759,-0.21763998446242006,0.0967249491398258,-0.038410840488217524,0.20177520314755215,0.05477612060262046,0.2494591697577969,-0.29000687606150505,-0.195282482114584,-0.016323376986629588,0.10270599606042768,0.1287024854141003,0.21075961985842948
388650,0.01939124399830914,0.11872539564681613,-0.026022577336625552,0.09743872061466796,-0.01607801749802841,0.1315316106003348,-0.2011911923090331,-0.050126291138142993,0.29707639095966865,0.03550309343745708,-0.008842394722683897,0.09247134063793297,0.10848851956409244,-0.06218902831039099,-0.14449178734151208,0.08224557955998706,-0.05967150042851462,0.02904244124930534,-0.00463438449765668,0.019978683911903737,0.020755360746996243,0.009513460675575475,0.14465911631846606,0.02554945867139642,-0.21476354530261402,-0.18054195072232804,-0.09145875139664791,-0.026527035061491858,-0.014912563780501327,-0.21321197535132916,0.07422889716412172,-0.045951631447986294
427,-0.07665839118049761,-0.05531678178046183,0.01758936223543878,-0.054368149435666376,-0.017959162444205434,0.061095403465318054,-0.07228308510881822,-0.09837764020108097,-0.1080629982188996,0.08889715939256657,-0.027787940227478682,0.231247636754393,0.09643906495386535,0.0110528717891091,-0.04759893993039158,0.028667455727054397,-0.06427075914794303,0.036207123624934806,0.13530008644597682,0.1986592526848766,0.18732336567899552,0.02126168290917105,0.1697471429585243,-0.07718132147491927,-0.03314066322249914,0.10066506747537045,-0.10318220995296777,-0.07685473982122568,-0.058928837728352716,-0.10026959563840389,0.09296899098301535,-0.05171758493797354
6597,0.3490503182526418,0.25421916457660343,0.30727091868267475,-0.006499237659683307,-0.1227187015563317,0.08397570260541612,-0.22421728517661177,0.0001645864829167225,0.020395493350054767,0.14072200355801642,0.07660167260867458,0.1673529916623435,0.12142046657840759,0.011605576172006936,0.010607654885842843,0.06757253604056639,-0.3826021935085492,0.09558943040035989,-0.301560997364542,0.09041870908228242,-0.12867334848945863,-0.05341305041257886,-0.04023282136722242,0.18149446869515604,-0.0795363396051421,0.08296438510180401,0.305229286128054,-0.09674977742617,0.2077117226103756,-0.16028562240479716,-0.5199087715882986,0.0833049888176734
6657,-0.3720173116061705,0.1774779703781893,-0.0020528943586492917,-0.13312813619878594,0.3151891989136584,-0.055871332243091265,-0.1962363970616111,-0.13510059441335376,0.06569368442054252,0.0006725370676571131,0.03494926004329863,-0.17547006044792154,-0.2175260500514554,0.232853853510906,0.1774381550632557,-0.11573706654669552,-0.2339900772513019,-0.1204393858285946,0.21789862235162963,0.2935885713425936,-0.02174686452095869,0.07426955139555139,-0.15208058841515432,-0.15562722130079634,0.09715933558369824,0.18878399494465814,-0.06701905486331804,0.11914059796250472,0.04591218121951803,-0.17473524946224675,0.36160207223469226,0.02169697167226159
3202,-0.13718448088467705,-0.07726423346629951,0.042873490508065236,0.0736138658827232,0.09661400365891318,-0.0767930288131657,-0.26136861092731084,0.08625253821530655,0.10090174060653806,-0.930253443696138,0.18179908321788388,-0.49392772372612254,-0.5247908179590792,-0.6619817452512806,-0.0152792442822048,0.0789950201549906,-0.11299996284756463,-0.029334334882445433,0.10911629554630746,-0.009080624041102527,0.4201303225715421,0.0038252340873581154,-0.11301277806340665,-0.029417620807920083,-0.06849620258312626,0.047375634579693675,0.08761010756481577,-0.02343418186575079,-0.005672494448999198,-0.1975684341312533,0.1381933541728587,0.07803432965621418
375346,0.10141031654655529,0.056270063621868836,-0.13818917235989264,0.0431194269651081,-0.017379702798913328,-0.02477476945254184,-0.03700752987639164,0.04609504597581493,-0.015949745607250352,0.07990952594398776,-0.08404057432662583,-0.02785282790229621,0.12014465798527883,0.06818291111511224,0.12302148085295919,0.14684360403019206,0.06721664068794404,0.020172194905952297,-0.11780317856588492,-0.008498177062629342,0.04230076930033296,0.08688548272813004,0.015710334125716187,-0.30092151863410604,0.010904072962056652,0.15318907482449395,-0.0627709476234377,0.014011849000658053,-0.0014754484049915439,-0.21547865877084502,0.15397657445514729,-0.3251137802103012
27109,-0.1508839734193802,0.07572119470660602,0.04747551671604304,-0.3052371614997598,-0.010999286480996032,0.13841463914777916,-0.14389079395254104,0.12972158804564315,0.014779701609607331,-0.13684755658723016,-0.0394625679501568,-0.09391876113986705,0.16993051093144307,0.06297177447866006,0.11996556534435782,0.0381488304161031,-0.17357633053142033,0.03040425346800811,0.4568643260498205,-0.08528461374724985,-0.09178954769548175,-0.23529503643915542,-0.27751552855979766,-0.09642566906325051,-0.07679069941317714,0.04535180888979761,-0.14496557073804084,-0.11728333080905738,0.21990705010854303,-0.08850106950319028,-0.09850412904296693,-0.41567061010282735
93594,0.07855872962954363,-0.004979400728059748,0.16959854154584586,0.047890312254896726,-0.02211458726435527,0.017619306686733616,0.06278023570899498,-0.014625760718678838,0.052855232465565866,0.13813153607662604,0.13732527058131191,-0.18668935673720133,-0.18148931879489105,0.02693776826862013,0.052121781761898515,0.07362413790573008,-0.10713198704714035,0.1460404168195422,-0.13986836140546774,0.23214248841696086,-0.0642515694526605,-0.021368512181617366,0.06687869998535775,0.0708322027179936,0.1510034229120028,-0.08221608317818135,-0.10392250026556711,-0.05901269668810395,0.13394451473522656,-0.08002445943275209,-0.006092200865937404,-0.22427277218188116
4793,0.0030035159865691385,-0.06106398650295593,0.023868815602376463,0.021263625302615195,0.12476966169951262,0.010912557910315585,0.007680867222852268,-0.054337526232149734,-0.028370013495518452,-0.031742744313959154,-0.0029970074340367,0.06459835732661888,0.08759577200075053,-0.04384489668558563,0.014738177484935182,-0.04166444094879034,-0.07652952017821375,-0.08478648409036013,-0.11406678808878667,-0.03634886386822134,-0.013690454617897911,0.050656572597837984,0.021449044519651853,0.111705438249531,-0.16950985526669088,0.012309184081417703,0.10463657551418837,0.12552302340922109,-0.006423019558645927,-0.07430698539315914,0.01842410782347568,-0.16082079393280674
2017,0.09539627472287829,0.05496828041410708,0.14495463006378828,0.061137894118758127,-0.08975613521581836,0.08063650879308866,-0.013182971199845645,0.027912263583952598,-0.0024981682873481694,-0.029315072359225154,-0.06342809176594505,0.00475521997552859,-0.015886577266431466,0.0203000973317476,0.19860118119936357,0.017620990927289366,-0.36611339689952216,-0.11756079596495918,-0.13974994146632946,0.049031964974820416,-0.022591624170220044,0.004173849812426553,0.16763112772402475,0.14119999919198808,-0.2576702395160212,-0.0017978539771333448,0.1913830800518105,-0.08418581851075596,0.1768071204281291,0.19585722784081966,-0.0005256273534333385,-0.02396925640919021
10038,-0.4321395389181389,-0.06290576847918959,-0.22413562864259823,0.1260219151366921,0.1271145176710612,0.04670310485846263,-0.11665789323168779,-0.3108567506821575,-0.16592014899044483,0.10827987681449247,-0.044860132188344774,0.16682286918040062,0.11980310178271963,-0.07060034904677474,0.06161032111203696,0.003163452251910882,-0.20549080059354752,0.1487922861413066,-0.08803824200042902,0.1864193206682752,0.21995939681913798,-0.22390803425309086,-0.4389877394113267,0.014300156868549668,0.11715236595953359,-0.037093155808694066,0.19250823550403312,-0.10349407993812587,0.12804716458639645,0.007898450109158801,-0.3622833946167328,0.20017030702133592
8574,-0.057938753555341144,0.049689649431580274,0.02791144827853088,-0.09557140644251773,0.08008482467287797,-0.09245393081433825,0.06352688833347268,-0.05345867639197705,-0.042795573213323355,0.16112282118295937,0.010499415483521254,-0.016770853693458376,-0.06184796502281862,0.020112820072326964,-0.01808966849641259,0.05921909737157101,-0.007036066425867528,0.1666897480373285,-0.1431718603379369,0.08048186740269549,-0.17960563447639757,0.01802261029452622,0.009708093205358046,0.008926958229128574,-0.009091725919320651,-0.05149061862518382,-0.08393517248572643,0.0003583542326181172,-0.11573857148079937,0.0553885620795424,-0.11951870267310595,0.028891239609385156
30,0.021329564142717077,-0.2158384663243582,0.09998929552114033,-0.20063804993504492,0.20149941166556262,-0.16978971471077345,-0.025424668700299462,-0.13742135339733685,0.04694163141324154,0.023798123127625352,-0.08168260203262254,0.16297983421997236,0.01823566545661119,-0.023449140883119054,-0.16417006458407077,0.03950831711988664,-0.09503576336775886,0.2709021083177443,0.05418925314560392,0.12199788081912988,-0.00232388327196154,-0.015230623536293859,0.1494528477843558,0.03287285845679363,-0.03481710717660818,-0.11849693362955917,-0.2072889120504981,-0.06888011215057617,0.10329020444741868,-0.22076991018537453,0.1228396467754572,-0.12633301552248946
25803,-0.6917874555556518,-0.036185361182860434,-0.2893669411648809,0.5531021694873566,-0.1085579348088255,0.21820226259318315,-0.25698311880571956,-0.06011448170715859,0.08828007281750255,0.47406768561490975,0.19175081579982026,0.42068746838915283,-0.18223417314130116,-0.21514096011227907,0.035670926197404154,0.25662033149760805,0.27031585778847017,-0.27771964197647764,0.35541118629033064,-0.2740974530081275,-0.33458108399840486,-0.41060673442752227,0.3353834868685872,0.3531172456177609,0.17512172323602718,-0.07759022369396507,-0.3401344361983708,0.003562319665194009,-0.2645497713950868,-0.00491415798978856,0.3944162309002233,-0.047108488008692065
5898,-0.12759373432986143,0.00027089355989523626,0.20852067528585988,-0.0007468492777883235,0.16038435956060343,-0.07720223033775954,0.0879182172834945,-0.031907356012408496,-0.018992331559816777,-0.06993233283874553,0.04045002981336367,0.1942016329277188,-0.22272647443432472,0.09816438922539264,0.0801054425407776,0.09219272642890668,0.21986099173675666,-0.31812405917622677,0.03922441536129507,-0.08258474245324098,-0.2965576219031716,-0.20483057287602346,0.4270394985410887,-0.1426398026617624,-0.20069140568833183,-0.02189864355550034,-0.038001227504147334,-0.22008889381438176,0.3288409054267813,-0.12184033434263533,0.0751448953325694,-0.12838420789923558
2113,-0.11639368951438656,0.009572246203199002,-0.13551560994766615,0.029987311677253273,-0.16544261338304733,-0.05914390288295082,0.16100804974981725,0.09340485664160109,0.33277120438617475,0.040757790772461285,0.08496782792889244,-0.033470436142845124,-0.0688227700963663,0.07133007963799572,-0.061034461639156164,0.017443610506014607,-0.13297050840416877,-0.10772875649367843,-0.18354263558769038,-0.3242804706101291,0.4322338566997089,-0.1796946073767959,0.38320708412024157,-0.37087308011706505,0.15765806904130544,0.025321627524214702,-0.19495156967423508,0.10458973510620928,-0.051642224128270464,-0.07972058427127277,-0.3508088509330115,-0.07096002927623377
891,0.015172862563239714,0.15587710780028904,-0.012566358486542471,-0.15602228327189868,0.10652346779803237,-0.044513307267623745,-0.06403222453525433,-0.12443083989644602,0.18324379560559478,-0.020590397161352907,-0.021729523714430092,-0.06036756278460979,0.0027518757371061374,0.05607493364241375,-0.02610990189518752,0.039038844548465124,0.10161128914903704,0.15348226153281552,0.06228641028765908,0.008350754552234526,-0.051550254652189646,0.1230220004069246,0.06820081714588669,-0.09630392916161028,-0.01968829809918697,-0.0887807231940826,0.021658255517612253,0.005690918998061645,-0.11100595418371567,0.01945819082684061,-0.13543042943163522,-0.10198108207376544
7690,-0.028225516043957517,-0.0160903906221338,-0.003268404759604264,0.06929408112166242,0.10715200491851065,-0.020228291455499148,-0.06370646319756329,0.014338693233687664,-0.0436758161777585,0.14609812858092386,0.06442227004349199,0.19080196882410894,0.010120602466608928,-0.18983726871769802,0.08083461673823983,-0.13626804174284152,-0.0015117519374313114,-0.16530131452313543,-0.10951968348863286,-0.05240487905964414,-0.017723475939011486,0.19643145242742527,-0.002661990396220495,0.019705196433129773,0.03408875650143002,0.05076653144118774,0.014345947310588589,-0.18706914593143253,-0.13884993712266985,-0.013211708807921614,-0.16233571342336173,-0.23440068336774053
9637,0.061961463469738014,-0.03249217098892157,0.04062490355479043,0.0328892857473159,-0.1278455579946219,-0.13255638286716231,0.0006174727045741989,0.011432078786918291,-0.1651012376561808,0.06824086723393202,-0.07259400956618982,-0.021883547300346595,-0.01400025490321637,-0.1033900889310326,-0.08596868661707383,0.02747665655237529,0.18007327163407064,-0.18077497538772755,-0.08487239605533452,0.04669993386787398,-0.04126074400663654,-0.02242297554018483,0.1523594790133682,0.10020202186681672,0.198016248331548,0.049152674650723864,0.045891607969650854,0.049010073079986144,0.029193950960150303,0.10209092130764415,0.058834741816170065,-0.2063116092754711
50814,0.06837277058625393,-0.03832625865714239,0.3023427567625597,-0.12574896753319117,0.013664454378919704,0.05968913239196613,0.19069728309131104,0.025326952469183664,0.16144034492986345,0.00864201906584183,0.07997718440620567,-0.31529900827947555,0.22838910386924208,-0.16491538238820816,-0.27086693094021325,-0.17453753833487548,0.22040760611362015,-0.034838443841138905,-0.2757778817268902,-0.08461175443897553,0.1098029872356524,-0.1199550386644601,0.028030797427742168,0.13849105578882517,0.020651679412079255,-0.301580700412837,-0.02330847307336249,0.34929816714923156,-0.018791038388423265,-0.3262186502464314,-0.06513536009436657,-0.013043393380267394
1759,-0.04448942723970805,-0.019796074116946553,0.0070635725636492815,-0.013078027385046891,0.04528277968095117,0.2887826078766456,0.12080587771585913,0.012865232448727702,0.15646980396722796,0.02754079255654503,-0.21380390688004405,0.14743863115099534,-0.031231329392547847,0.08135553972354767,0.01891091526283381,-0.19854373797087804,-0.07441656566116137,0.024585559032095385,-0.05403329686145721,0.11426452267185157,0.41890693307636573,-0.0365736268649853,-0.024371122022630212,0.04358781802078971,0.003239496682461476,0.13789455262611258,-0.09381593124759219,-0.12723816135320773,0.08288054404820858,-0.00472471667518212,-0.4072988912991198,0.06864176115590587
29978,-0.014322464361252351,-0.10822734519325987,0.1055394613601332,-0.043660077222940366,0.06290868044036245,-0.04706185168534472,0.031783872080585744,0.005142729638831069,0.0012553442308641896,-0.01960063316829126,-0.029865152469194224,0.025819072179830645,-0.01830990001825035,-0.12110447344100775,-0.024778087318401802,-0.046055150085961685,-0.03614042180601043,-0.03137253055597017,0.0643792017472585,-0.05770366222400532,0.055547510575779224,0.0019047114787735387,-0.13865633953581233,0.10164517135375004,0.26740272108205576,0.09377599863192676,-0.13647842645887265,-0.03133450760322203,0.06373613004827867,-0.022708759448065042,-0.16831694164832814,0.060394025848921645
23139,0.09879988622547417,-0.0007199242463444225,0.09574609010447609,-0.03297428378830179,-0.26963802559888195,0.1130984634222908,-0.13012804473750478,-0.08303181934642355,-0.21202290103949056,0.096211133016472,0.03491519384504648,-0.10634734315304209,0.17203885447770115,0.07303272056636459,0.07045420741632162,-0.28193204433270874,-0.03477443612281877,0.231449005428865,-0.08198540311135159,0.09873501584202267,0.083651300165235,-0.022832796008921876,0.007661945136628205,-0.11158559504359716,0.11800655701269923,-0.13455023295183638,-0.02666759121531076,0.08390102311089562,0.05152692798638977,0.10274933346436857,0.178817121273186,-0.33341841391069765
23321,-0.01649037814147475,0.13088622533803282,-0.11283782600524205,0.05976697025797712,0.02552973422976221,-0.06668092875884266,0.016647863411230205,-0.12736831325882036,0.0018475676777706493,-0.0063295658178862575,0.18369383096057423,-0.02231292186900436,-0.0887593474483131,-0.09778514852806494,-0.08120096976401173,0.015007480934770782,-0.16848566393702188,0.09794973315900843,-0.14398897269396263,-0.13085762244332824,0.2052306750573973,-0.2154123535836728,0.10552211412515199,-0.06733792165916201,-0.12475419010493674,-0.08446564130112558,-0.09799973126479213,0.036383813876652855,0.11142709471831799,-0.001301161627849915,-0.17671140693661125,0.21599756419217978
3508,-0.05148682581511676,0.09746886348228541,0.03288895294344642,0.13176830253206914,-0.014068458971581542,-0.010733725629903506,0.023751721007791805,-0.15644271437320692,0.09656520089692182,0.07859699344851145,-0.0900741703132627,0.012280064559550417,-0.054326934275531306,0.06196800380577677,0.04949340587245793,0.06896639142694042,0.04820066526771557,-0.05497408059437363,-0.1217700155169939,-0.10169007724457285,0.05584498922555515,-0.11316341604725465,0.100760303474339,0.012965629893236078,-0.04965938355442691,0.035388025044657365,0.03796873950096685,-0.07143461992885851,0.18123274673559486,-0.15014233764609494,-0.0837702214053061,0.08990806957018038
2908,-0.03193328404435108,0.050079634824477186,-0.06697571466155612,0.02616564178303853,0.010993029785813128,-0.14542141764467814,0.04807053899620607,-0.0020351930824814317,0.0370952605982235,-0.06533346651845941,0.04580941809373999,-0.010480349571083781,-0.08208843101697903,0.05987640608789801,-0.003723513610452377,-0.10718273045832871,-0.04214332275625313,-0.04850990134891498,0.04984072730818547,-0.005128479957107495,-0.07528687669482302,0.055587405824781735,-0.15137989066884364,0.04616019504377095,0.07983038362919677,-0.02436718584792572,0.008006451971827382,0.09868344112741623,0.012203388002080899,-0.007673713566713244,0.1006930881916992,-0.04183126362261437
23368,-0.1213393939809956,-0.0390775528537339,-0.1653024539568247,0.023846309756061394,-0.11903588126387565,-0.02317400618249628,0.14162393024896192,-0.1428588348374845,-0.0799258258300782,-0.24908560257470833,-0.17472050397717614,0.07878848371528316,0.013098919804722515,-0.017553411780928382,0.13278583149875567,-0.1367143347675121,0.08937494067178356,-0.19189032490626046,0.11049394441832891,-0.009281182834000434,0.005464607561259422,0.11821857966447565,0.028788255605578596,-0.04128310979611559,0.08281024966076675,0.07758931325521774,0.042817664078431295,-0.11344257944486055,-0.025752004310146633,0.090684254263184,0.061092240671632374,-0.07340937293518326
6347,0.06296272117665017,-0.04417266183372377,-0.05656247416537829,0.015309285162262156,0.10678285132086966,-0.008482543204150862,-0.05727322480608245,0.0602473506166827,0.02008149277099259,0.21930695878960763,0.003816296057048419,-0.13629659843952344,-0.18771504579219533,-0.016712152912375853,0.012572290280267306,-0.15369271577305424,0.18143648904108917,-0.08130105562159486,-0.1672601757139578,0.018510853904254946,-0.03322327317712459,-0.05965941717553053,-0.2851706215203271,-0.03870715002371742,-0.15763943194419164,0.3096636526233024,0.08138347018938544,-0.17629314004738622,-0.1533406709729472,-0.08496052930965824,0.07513762759873353,-0.2559430545321858
2064,-0.009206919241234512,-0.1905652315680972,-0.08160091206271118,0.35880095860455546,0.12952833882871237,0.010025282106096201,-0.03165345152454008,-0.0222268637953207,-0.13827819804764546,0.08630246955151462,0.3304429876926569,-0.04891381375216107,0.05486385746890043,-0.3140885794963657,0.21242117012597192,-0.20002821501981144,0.09174635692351091,-0.049599599532276877,-0.061326921776042556,-0.14018937510952642,-0.14270141216018378,0.11632514373432841,0.08248134949185565,0.058738341756928096,-0.028361995996579036,-0.09220303302111603,0.2575767284162568,0.0801842793551059,0.09214900539800382,-0.04881221726665707,-0.09990669583887063,-0.2573392566334688
23223,0.19856482569089715,-0.008193681114280945,-0.20569139568724673,-0.12319475416052776,-0.14253428706542073,-0.2860016642051436,-0.010247696727470881,0.20687099505072348,-0.2247598860052572,0.0004938900231394667,-0.14093435450390474,-0.0841557457864306,-0.07288165343322328,0.03097773165093876,-0.14230867955205231,0.08672668991005048,0.06814281810082229,0.037765871500010484,0.02955484885930989,0.09221453537063326,0.1425597757170129,0.16916740530585803,0.0835333242456957,0.07412862563201425,-0.20169482735837568,-0.08132659358679091,-0.2813791185466693,0.077174267618751,0.2820052107487854,0.07724120734725155,-0.4072283005233844,0.08347294112289431
9455,0.05389047619962416,0.0055884569950473235,-0.0641303038511709,-0.14932621279827174,-0.01928426690053087,-0.06541181400224187,0.03170089427324913,0.018042680285504417,0.15487675576673743,0.08390570049847908,-0.06454790632657055,-0.2512750483578744,-0.15531008996633416,-0.015442669501859869,-0.05395589594373464,-0.006790183294212192,-0.09171229799620133,-0.015235426296409614,0.04604623202034815,0.05907406989165987,-0.22313837326478736,0.12112099227381098,-0.11498081335488297,-0.04931704845809215,0.29095582621707344,-0.14872884984651283,0.2022635320289498,0.031236800823879387,0.06945477792259823,-0.0947087699640918,0.1917188425079297,0.023697825843227827
7416,-0.01610018891649265,-0.035238252618290014,0.009705334357715787,0.07519972002848498,0.1411183554945409,0.073789444934089,0.23637114044748206,-0.0189291196257268,0.06676942091195981,0.026046200685228643,-0.038039346153589365,-0.01017915935773004,0.102253833865465,0.2331020368700085,0.2531848281062682,-0.023149616283527137,0.021067785693244235,0.024870132224641284,0.06794384747629535,0.05155878797719118,-0.05504156312932484,0.062432726075763854,0.12697147297436429,0.142179844033999,-0.15290247260352324,-0.2657964475675647,-0.018119722791709664,-0.04080186686297114,0.003185700636519604,0.03106781728577594,0.007780991590018645,-0.25875271024678165
9709,0.136535081458707,-0.21939205511124263,0.16803750908779191,0.10668806353699564,0.24986448199470035,0.07124694131647118,0.12250716540116093,-0.028609649832508837,0.19722044842417275,0.0139366079864578,0.038753894362148406,0.01632874769845899,-0.020407465835010734,-0.08443634380465284,0.026903692296573422,-0.030507424491867573,-0.21752536311819828,0.04359089297991842,0.005278487220210447,0.07807090519057396,0.06262368765138124,0.05184614277287144,0.33798791880336193,0.10483656819780081,0.09221649652662406,0.07137683979018472,0.05672446986920886,0.11065281646372944,-0.07962066582103586,-0.008304947626250303,-0.09553288210554504,0.3304399252306539
2597,-0.005933924405373809,-0.0369356758206452,-0.06216263760669086,-0.019657707406997883,-0.006562693131119465,0.016654060577346343,0.0803242485461025,0.03290554417788555,-0.10916763146107467,-0.0739289557289509,0.04839467905824322,-0.035498750571674585,-0.0019998155472101256,-0.1635170489363602,0.050836178114230524,-0.025984284717333474,0.05357078416385777,-0.1071354951899392,0.04898402780003248,0.03506883025964862,-0.0037337943962300786,-0.11074062448487004,-0.16616691481541243,-0.051255992773822555,-0.00625305414807421,-0.007762779794165177,0.04704836385914662,-0.03760403551577295,0.02857763928956436,-0.02021178778994778,0.03730840537525544,0.06309307949040492
3108,0.0005319051354437678,0.031282473708483596,0.0007281598804199178,-0.04629402425921845,-0.086112716441614,0.0753045571419752,-0.11352830791327163,0.028479813464129276,-0.01605887739631343,0.013626155822505913,0.0020348964736499227,0.0034247873632319422,-0.09528851627132871,0.07700130212043257,0.03413391121553436,-0.2701275766413732,-0.022552366746004623,0.03714423906851175,0.010824628081629099,-0.06634327269013159,0.1623932097918204,0.06372178509741576,-0.1871759819903005,-0.08536639336041543,0.21870570652209473,-0.04982023103164077,-0.07915256780364822,0.05551535854450173,0.0915457714532227,0.04217094520973747,-0.028227734090032923,0.034260509208068834
3416,0.07090911401650528,0.01392155023969553,0.13320061700608957,0.16016679438583725,-0.08617439599360992,-0.14389624134533227,-0.009823581337653427,-0.13783718760184777,0.027665621492051796,-0.12978511912456903,0.02825517434881853,0.1836607894708932,0.1068478836571532,0.11306046899246605,0.019378860410609627,-0.0174748994028773,0.31233184929800417,-0.2031275591097299,0.03964107113573901,0.1618040044673908,0.17321380806100697,0.029434767008618804,0.09034465601576039,0.04121529693238811,-0.16317910709026867,0.15699770909044755,0.14730726633234273,-0.2899112115871486,0.0009576906857080101,-0.08295882291524094,0.1539166022131336,-0.055061023411490995
51335,-0.11518826056560708,0.057636824751691795,-0.058525620572717714,0.0831991433421798,-0.0654137708352196,-0.015495025142218555,-0.02257048141237373,-0.17393480996731878,-0.1070901579403967,-0.07187240501970588,-0.009020959931998904,-0.029947287070803217,0.0949079206784577,0.028163525826518612,0.014301046682849839,-0.04423989600702754,0.10425300010806009,0.0760370858494115,-0.06207877166905594,-0.11249787933330563,-0.15643708252738323,0.09604114585591095,0.08128105113781639,0.07147502830352132,0.0422402003621346,-0.14691824638597878,-0.14956324531096238,-0.15227456540530684,0.0208591615033306,-0.020821303983719463,0.06597052048492606,0.14064447658619125
55748,0.1256006241644283,-0.031772087926228446,-0.060206915917229105,0.07030313448899216,0.018827370029842135,0.030771809815671698,0.010817724453351272,0.026076326029232592,-0.12196074452385512,-0.07136530677613472,0.04635310243370909,0.09028462428487864,0.06816386146843263,0.06049147375957856,0.021925517046824473,-0.003989590263729224,0.13994208175956455,-0.09281775170689918,-0.03955954349400274,0.028048835998000274,0.07968153539441471,-0.07227175371926971,0.09750209864487276,-0.2036185524718203,0.1757084938472891,0.030950662763460358,-0.0008368076319456334,0.061065273525336174,0.11967052857525003,-0.0732695999032282,-0.24134521363259195,-0.0042777558096174515
56889,0.00804093086429927,0.1157185007711641,0.030159084620476617,-0.0010813417877687313,0.0007059458261449765,0.020638320362882354,0.09430859598995694,0.12379521581353069,-0.09415119725405385,-0.0725956937546763,-0.15810741630863578,0.021899377632281513,0.0088012477171152,0.1865721611980169,0.014204709820124879,-0.25458573527653994,0.10380515760676653,-0.056866453334542176,0.03473080423563708,0.16765129034386456,-0.010212568559748406,-0.00797424799184481,-0.062444784245834585,-0.030676063253694066,-0.14142130167911507,0.06656470704609675,-0.09260876038345485,0.018452164572469926,0.04366517744999123,-0.13733459247960456,-0.2272787926148993,-0.053917505680680926
55256,0.09912556296417345,-0.0784369725672791,-0.045020544708176014,0.024963587689098878,-0.051426508318217504,0.027020963346844323,0.02773401862118438,0.016388960389167213,0.019145812185854608,0.05867089072772938,0.054119996702971185,0.11802992306632931,0.15070085642512604,-0.0691232802972119,0.19174895631285688,-0.032052753764786876,0.008853297944159028,-0.007841209146334476,0.028088305483148918,-0.08890985454890876,-0.016235359589998298,-0.05848461409258732,-0.12997514688237832,0.13530148415252077,-0.02969494080780353,-0.07081421632396723,0.2565983723744762,0.05023960177522288,0.01661075822846213,0.1101390873728019,0.31640489611016187,-0.13548523654549563
11031,0.16644334397414254,0.29239791857896785,0.013445579570891208,-0.0157155344527741,-0.15630487002130347,0.12498659022592708,-0.11376822614567683,-0.09936003147439343,0.17981117017377835,0.019660650399960587,-0.0948613486436194,-0.12499457866597177,-3.927290508980584e-06,-0.09800219641370092,0.040343220831012105,0.003227768530424821,-0.21228851599865955,0.12289667053338557,0.11530569098813749,-0.09160033777678328,0.07086045099482365,0.0759083731677069,-0.25132898985617996,0.04332647779240571,-0.22282856023788888,0.033247810024546146,-0.1499355206499286,-0.01726006191418667,-0.3328341941171337,-0.10314541254469221,0.0939678208069626,0.00929061763828923
23585,0.09996378018122001,-0.19081299714867597,-0.02100517940267062,0.7406100267465197,-0.059279097690937,-0.21074384540140503,-0.1803946224019402,0.30597260713669727,-0.2122667961621783,0.14640127078892984,-0.09636163797398509,0.0673853419349858,0.3923382738022792,0.16167920884191012,-0.10303834392652876,-0.14583226154701215,-0.35514676365266834,0.15228217316455972,0.04963873419561931,-0.2686380598865094,0.17714352236441555,-0.13945066994999836,0.08715827703816453,-0.3668660003834665,0.0868486270718137,0.24281381997019327,-0.28314401487663904,0.2711530276212633,-0.09380826437565914,0.02764191556649226,0.05895862705346251,-0.06441208275635824
51495,-0.07507953279251475,-0.10761434668299628,0.11690115884616177,-0.015431699035443117,0.22770932454983384,0.07103066307290924,-0.08554977794838207,-0.05470606130818253,-0.036913271205533,0.07284833092596138,0.12070365149791003,-0.19908511438126134,0.23872449712292304,-0.145410937084782,-0.06076305614865955,-0.04572798990060941,0.014218559974535302,-0.20425335480756,0.08685012210297421,-0.06716363241466822,-0.1784186288415817,0.09830122853790442,-0.07257839797071147,0.14692944701999266,-0.21090150741262526,-0.17768195743519816,0.053999516061423475,-0.1386010820212918,0.24956026548922294,0.2648380471531858,0.10058089053098596,-0.26473052288231225
10652,-0.017752310015394165,-0.004486810866941006,0.08473279147738962,-0.24772537901339123,0.09167304545206194,-0.003851060336762087,-0.12006024373235333,-0.07017507416888233,-0.2756719263022627,-0.17117003487281537,0.09142009796664166,0.07122691294516104,0.14889406992807694,0.15993002306046636,0.05532982019911274,-0.21999656166089532,-0.21143575682864874,0.11787300407616741,0.10619912269120804,-0.3407607894021024,-0.0432023958489412,0.1388957268546246,-0.19339178606759946,0.023635773999641164,-0.14110273982680602,0.2870229920145735,-0.2629579204433864,-0.2580015859078113,0.05958068700976912,-0.18018959333288542,-0.03534175196844106,-0.006851551468974429
58533,-0.17074710176258426,-0.009796497764838557,-0.1355852080724007,0.02235136094612399,0.10515229543878907,-0.4641375713139555,-0.106080262127963,0.007544877124048555,-0.031139040494751115,0.28548189428536247,-0.17905237758208958,0.1705852170877866,0.08176988508578409,0.18928055707932975,0.46929802896189443,-0.21274781536877385,-0.45055952317352355,-0.3331521760285044,-0.08339588176212644,0.11856082313125321,0.43403155616494427,0.32623720352122265,-0.03859220252846309,-0.009677581892101555,0.2192363171010397,0.08688991633242496,-0.07148333898255801,-0.36201481528000473,0.2871078332608015,-0.005167705436941587,0.1878629786097348,0.44669416266948186
28969,0.0518622712021116,-0.1715746409282473,0.03293487045828384,0.11510848732975408,0.26910867179405495,-0.14810526381876202,0.2417610119742759,-0.10615469837963094,-0.07190886345949503,0.15545074283920796,-0.04626022205610355,0.10974561610548567,-0.17449056067289015,-0.10063700083217679,0.1204186453725205,0.1230005738950543,-0.14401639362689497,0.1923397086766736,-0.15044308888764044,0.15171477161665672,0.11039672466999889,0.09345435162811183,0.11241190147858753,0.1892825202517287,-0.028613211303465762,-0.1632790610702469,0.1269472083375852,0.08681269690701486,-0.10333167273782534,0.036207430592615004,-0.0451377565668804,-0.08505896386668328
51465,0.21959951200887168,-0.16796011251102805,-0.06343106869315497,0.21541836596808422,0.1681957767955493,-0.1515854492027823,0.020996679309618856,0.12684639420515267,0.09172682914005689,-0.047423352767357284,-0.0922707641383934,0.018961350647225626,0.010477676150926438,-0.04361233759803713,0.08095924071198073,0.19427090755696796,-0.15950896848613363,-0.05432083451309632,-0.059868359532774196,0.2101636233253988,0.1542115697139414,-0.09139247019421821,0.10067906862980615,-0.22299489806155476,-0.15996110412497297,-0.1040039636074276,0.08642782579584207,0.0948677893410668,0.2052429053311583,-0.06568675928162063,0.027991375568881358,-0.02371290875489392
51466,-0.019259985700559958,-0.053145606064700944,-0.045774179036592894,0.10421497287701455,0.014732314895936141,0.21334826217072486,0.17385091200830743,-0.0737994865631159,0.04820124390572519,0.29533607597358824,-0.16565455750109365,0.20360890557589578,0.07902432501392018,-0.07083575225211579,0.10937480289443331,-0.08009511386123842,0.16699060836448448,-0.023662482736759333,0.011702396520451576,-0.11994921804848828,-0.053715744264314635,0.23330660932192077,0.06741497217547888,0.07477716671994804,0.04734546364349786,-0.01624515462671163,-0.24875135925814718,-0.08656054324482026,0.17901106694442456,-0.1534071604340905,-0.08836053286763593,-0.1554650174529747
25825,-0.0033551421987893263,-0.12498725142724193,0.07113327248960326,0.20488310090061956,0.08291411681483321,-0.012401070983023756,0.21328443318469503,-0.021684355414500305,0.29697144625938593,-0.3774656569840769,0.09959856708599626,-0.28402118241766217,-0.03339084898344191,0.0863239446778108,0.16530559357105615,0.13129658054366966,0.19229376014211041,0.14680108215861473,0.3022962553265601,0.03129001941643422,-0.11186932596460941,0.1975467791333684,0.019476839943942427,0.06929671659506043,0.11573569204913421,-0.21785172262606312,0.043917292307065474,-0.029584148646375458,0.016912947615277805,-0.09236433480854264,-0.10835002397655956,0.2349429682398398
4282,-0.12299914768486425,0.1907159812053536,-0.12784212491581673,0.02478848600455957,-0.027481259243092717,-0.107388411586798,-0.11100843426430496,0.06120110872588217,-0.4663943726262612,0.011953827722278041,-0.01973118868156446,-0.25571539995994225,-0.03729738443310741,-0.1947284562024079,0.2254574109204305,0.034404289934645005,-0.029570779649878205,0.005920268050359657,0.1632485631169193,0.0021630118709788856,0.22811359197430162,-0.021824470991163598,-0.09260989124160031,0.02014360651791799,0.012759346823211453,0.05808522869366352,0.22116977072165547,-0.09050109836602305,0.06433125895949009,-0.0962680878510205,0.01773901040236296,0.16497472126978563
55011,0.10324551658470865,-0.06381036563792275,0.008291326641089001,0.061968349632317225,-0.09929816738238027,-0.03601191109523458,-0.2160644773573631,0.07489379727943062,-0.17258602490391664,-0.08148527709606823,-0.05786867969600351,0.049460452714037366,0.21353967352943554,0.03146813964222039,0.07010917280137641,-0.021941938042216808,-0.15453891414457427,-0.2663969212706544,0.02466064317063147,0.2195953256597526,-0.2156765034934373,0.18316645338096976,-0.28261932250346317,0.04259268322438682,0.010326658542189008,-0.1503276818807749,-0.06520055599079072,0.16119533833685717,-0.00827800590514538,0.07843299573058501,-0.06685957677896233,0.002573773651453737
51719,-0.11583506177164542,0.07625870405747473,0.014336164515861128,0.0003635254804407474,0.025235493369433492,0.07403649173937295,0.07754655525047073,0.005105157309464015,0.07213535441019454,0.07382466544959984,0.11228478776650762,-0.01183334008899509,0.16261486605010686,0.25213264082749104,0.00010321462324126592,-0.06587724369878893,0.02117083216276076,0.07734050820949835,-0.12730378704695303,0.042382074285731014,-0.06614229866569671,-0.10000282087344678,0.041540877447942826,0.05577233556890702,0.11179357806121136,-0.059061523382023993,0.08900966937115133,-0.02413980328831583,-0.09396896203095295,0.097549904471403,0.22902901645510915,-0.02776667670624382
55699,0.11638844323518309,0.09164315824736474,-0.07925470216502219,-0.034244316518583943,0.03221188444325774,0.08585642373641399,0.062125390827961466,0.09416523880966439,-0.05329707415861393,-0.03754851555770319,-0.10553659280635788,0.10442988746911128,-0.11831881364723328,-0.05513887925192793,-0.009305167657071465,-0.06679802029808313,-0.08340410719910281,0.1584756326195237,-0.021148352076696686,-0.05841397239614255,0.08027013305645068,0.08864734616800923,0.014535755945439677,-0.08047982165701342,0.11981574535071143,0.03958467439249088,0.04871372203708894,-0.026934099437063805,0.13076462574619718,0.03982702599604621,-0.013645369032172689,-0.07663732369725353
1829,0.02828255476423932,-0.31500166575583066,0.02343106255872342,-0.016708119671190614,0.02339982032153596,0.29775591665851486,-0.2479649227099386,-0.010589371910094781,-0.22490394231792005,0.12307482113221965,0.252165591402113,0.009897225478496282,0.03475979753351653,-0.1308997441755963,-0.15229344296607575,0.06898892807540011,0.008487824490846943,0.18935068664945,0.2963862194574305,0.17348567859292605,-0.17823398726908965,0.05883954946879467,-0.08308709651449561,-0.12437674004543689,-0.23262873937512588,0.03326087078311729,-0.1147176239655903,0.150958866124442,0.21248521128269962,0.06728988590774763,0.16257511667000615,-0.152457477398667
23588,-0.06608079906847393,-0.09126198726148972,0.022891884177025094,-0.06228173968339339,0.06700991860678804,-0.10170291398642989,-0.08692781713791575,0.004708310722630456,0.016688477490571108,-0.09442100958793564,-0.10945406137166078,-0.2246807212591374,-0.013495461387017963,-0.21604019342530387,-0.1021346612788748,-0.0015402756922841521,-0.0474735634099773,-0.01899220603401806,0.08348893982239207,0.007144283617563067,-0.052887857705928826,-0.13917251211980194,-0.14714016749270645,0.0029996944012613837,0.29310931989852756,0.09258588808921552,-0.1493151252483655,-0.0003385489657202141,-0.039925372990252346,0.01811217798382484,-0.12069810205411072,-0.0730602820994563
9531,0.01620340009068529,-0.02167008541485441,0.16859064746732097,-0.13377746482304864,-0.1334590811274555,-0.19786149511985743,-0.08715150132171981,-0.0272903108271873,0.15921001327326156,0.07953806509747295,-0.09101157974506949,0.07163990093491329,-0.06569686729369298,-0.06318794037741274,-0.0769852143960631,-0.050332071427086185,0.20472137724594255,0.13648630116303206,-0.10153764538862284,-0.05276043724079521,0.08302507960743566,-0.15867253213163135,-0.31740850793078734,0.16082371331400297,-0.11443730898729372,-0.24046099961489256,-0.26206527268421476,-0.056060759928216984,-0.058133372938432036,0.05176596297523318,0.036870901624434446,-0.1357267997571004
10695,0.0724702488973337,0.11368390267283564,0.019714475803129856,-0.03994653354165294,0.0014329377337443123,-0.011721245722783047,0.033365616642524173,0.012378902201474423,0.07519326861150089,0.08599384142712545,-0.07845893953547534,0.178075779889876,0.059199773344009055,0.11063217483482601,-0.10224072064101879,-0.01653438851073544,-0.09309550414346604,0.11569074298251965,-0.05106962603208065,-0.12535697959580694,0.14703939734659113,0.09042921601130845,0.21807076158759728,-0.007199050615435527,-0.09939547863586465,-0.13716874963841258,0.04139912842625386,-0.048242979322723055,0.00308528948612488,-0.01050944673424233,0.0397788675873423,-0.1735672310805624
51056,0.01306483642711352,-0.057559324635567476,-0.004645773888157865,-0.04145873145598832,-0.001042884996141114,-0.009043429685131426,0.06138511959919394,-0.021177554317451424,0.013301942124043205,0.12151249729120968,-0.1446443130956676,-0.03129005030286658,-0.07400156949513183,0.044297063806694285,-0.15158897614964797,-0.19430326527220093,-0.08960674526625494,-0.022028647781527702,-0.10126847119830383,-0.04049049411243579,0.17632468745237362,0.000817114875479114,0.02165825188653448,-0.0007110112923783556,-0.14107028003904037,-0.07308505431752794,0.08086212718845986,-0.020828223784299157,0.20958592256769068,-0.008399529381880915,-0.048936467501607,-0.16456007138948875
10273,-0.006914660590479458,0.016023004273216592,0.0019146618301725076,-0.06492037567349096,0.08855171476873168,-0.04024542937442404,0.018269536404327318,0.014649364318841677,0.0035330960704076757,0.08846027393679091,0.0018582522130684309,0.004282221397678798,-0.0810932915980291,0.06572056826849723,0.01553281953819515,0.03847305788742555,-0.19888214028096698,0.18115659041666918,-0.055963002152140104,-0.037245821776481024,-0.047784437284513114,-0.14019217346357915,0.1154202100025692,0.1283399763390923,-0.05908655259450379,-0.005958767966455607,0.12883876455645596,-0.17272766858987465,0.0827422818313168,0.07533990642591151,-0.21209022520035853,-0.0717555174668783
51070,-0.14855710558122862,0.008459318321342418,0.15894740310997219,-0.09478106916909186,0.12354693676233428,0.1527318169354047,-0.06463055586537697,-0.05522957274754886,0.08645840162408816,-0.0013095143505337922,0.03401842885791556,-0.05456077501265149,-0.09684568571752425,0.09873134578463379,-0.19474784232909886,0.11270508105982585,-0.008218122728130859,-0.04249456896821764,0.19494835744121203,0.046624103224824,-0.113698843740604,0.13527490336496498,0.019048004372196,-0.17358571640290155,0.1693002307170658,-0.21017482678387553,0.10200398377336087,0.03831812392958636,-0.03825572378369875,-0.11732700457896253,-0.061509928777197985,-0.04043998320342037
58478,0.3358191422264892,0.19529515973159317,-0.04324358136310983,-0.025122159812932896,-0.25841298760540665,0.2636344794262451,0.08902763719319745,0.2287768267080716,-0.1705159905569179,-0.1392193119524185,-0.21708585824647111,0.0880745390053867,-0.04000316433080828,0.164515608861895,-0.21002923918157385,0.09762142044706815,0.24341598238769716,0.052055147969913014,-0.14875523952880457,0.06784340039312133,0.03235766409732204,-0.14026307786526232,-0.10161743443061186,-0.04437677386588875,0.023584874633911252,0.16656420227385244,0.26721719292380947,-0.01516861493496099,0.11339611587983196,0.2135880057155983,0.024763638062015085,0.0033039385855753926
51170,0.17546416015505642,0.1465532818530636,-0.07923335428096623,0.07321732850622442,0.08535881775422609,-0.16200524865475302,0.041141997119033824,0.146699558874028,0.10658631379307427,-0.2877975956980969,-0.05872529667341152,-0.3332360804304607,0.1219754466004239,-0.04189640061234354,0.09176889688018586,0.13778756222673344,-0.1670046276755483,-0.04714881397092465,-0.2866660122283396,-0.15867228531284708,0.1365007886179898,0.12555361471490767,0.08593260536201304,0.04995573828272745,-0.18205036117345447,-0.1502424179642888,0.08105957965799086,0.13730787922685156,-0.11313198846493351,0.055867670346994025,-0.1712134817337299,-0.34735567928491934
58472,-0.08443102600596736,0.10175071024498582,-0.025442032438083195,-0.10150034539017389,0.08683956559360903,0.010116195115174845,-0.12302561084331692,0.059455340675537934,0.06635723870992932,0.04841706128627544,-0.11920687887732329,0.12929137965215212,0.03227855693863006,0.032143711785075364,-0.04148816731590106,-0.07246623069772881,0.055666387127556845,0.02992121725647274,-0.04933719391812048,-0.10195098966066116,0.06724617571577939,-0.1352178721011687,-0.11772661380944356,-0.15664740470356306,-0.05105621400164278,0.179046864256828,-0.015027805665003162,-0.13749949077562157,0.05473202206669319,0.08147337650747967,-0.05981722959372689,-0.11603401985745002
51116,-0.022670169825490416,0.08659042314007452,-0.18019448102120975,0.06122499049734933,0.02724111322819718,0.00188893781882208,-0.009811246669570091,-0.14783700818014903,-0.11221228881806547,0.01124845596419841,-0.12325428147909241,-0.04141483809325203,0.09231405331373022,-0.11011441488301449,-0.1510555387937631,0.06342453293858799,0.026951656566067,-0.010811449587173083,-0.05699561152864649,0.2869838519453134,0.0033995130401491894,0.1485783396279406,0.027401431545107213,0.004655180468126933,-0.06635638295761691,-0.11308004701294,0.16855702519082724,-0.025542263404928437,-0.1869294305848165,0.012501067629740067,0.07886692733576858,-0.03987176921548914
79902,0.012998237853932138,0.004899887702759872,0.023578859909299796,-0.013466536202529397,-0.02273494010539366,0.04583776592259396,-0.15466172584799856,0.023162049444711237,-0.047772628140656775,0.19888907394574543,0.03994529930827414,0.08802209640376885,0.05015770012443039,0.10242702253993634,-0.12701948519923226,0.08952986266142947,-0.04605014901959724,0.12959470529208597,0.11705271066369866,-0.03602503777149709,-0.047152704211364097,0.0817176746277751,-0.035986854349287514,0.10614250046575838,-0.014443574075237702,0.0695186647180647,0.07102206313645976,0.0592662976770708,0.01831942770499596,-0.0415625960611655,0.010657408182092957,-0.11812614408702826
51024,0.21318563914924768,0.07528755928069744,0.022266889248610894,-0.10122151341002507,-0.22796169620285509,0.14059340108156856,0.21990290682242714,-0.03112206218419638,-0.045276024229203335,-0.060934566660094,-0.02954426568698125,0.18536224914442495,-0.11183443010852935,-0.12526036656009887,0.04384754350297092,-0.14823329603446042,-0.012680138295098684,-0.015188980451659855,-0.0553995253598809,0.03413840108889008,0.10201090152926265,-0.1484616872375293,-0.16869636762029158,-0.07545173451024315,-0.05274097033587172,0.07349451881917156,0.07399194029762127,-0.22702952126592668,-0.09294217783827838,0.17050846632064495,-0.015455667378333836,0.00783770641831624
51203,0.024067801062378127,-0.004685903362854969,-0.04988709691852583,-0.012444848916565894,0.09075018389455584,0.059194256569071,0.08057493950250366,0.13494917361268452,0.022788008396733686,0.09835264228400657,-0.07959628566555209,0.045892920362085574,-0.11180184919594628,-0.11513660742184502,0.12721334163049053,0.05368880434578999,-0.02859152848694732,0.04128583650137021,-0.021241457673695365,-0.08825927749867293,0.09368756061229652,-0.09011407852052358,-0.1425156430530797,0.09131794018438007,-0.10130710239685384,-0.041861749762670895,0.00011092114142679449,0.04225117745666763,0.0763328433090504,-0.06185139678499304,0.03855009885725965,-0.13804995993303215
51021,0.06316679325475658,-0.10862981275088135,0.1739282772325855,0.15119926880587928,-0.017098895652048984,0.02810768469833255,0.15096743555031175,-0.006506911341355808,0.059686122876556856,-0.1080966046081453,0.07876250429326176,-0.02051720597978408,-0.037557953602000684,0.09479741267789801,-0.00381087587606251,0.05492321912178373,-0.09624738511257586,-0.06251858610684584,-0.09183031746302282,0.04848344917616168,-0.01784757743294383,-0.2075119704219009,0.29839744943836566,-0.0628953708171743,-0.090092046774928,-0.0655670317225794,0.007012809628508884,-0.045126218221916675,0.15585630827287433,-0.04094781485735697,0.144563843329852,-0.011503609449229988
51569,0.019752364014009614,0.18985970285831053,0.0671712361555545,0.20135292345030664,-0.045596876405605676,0.06732940186600686,0.06666792391077576,0.05269164595709759,0.029051383587875637,0.043363265583906234,-0.059059642918962485,-0.26271176751560915,-0.02434004807974326,0.14582381394970503,0.040228933423532925,0.06049003224573505,-0.08654905976656903,-0.2827035486603348,0.10795519876492365,0.00949870012242222,0.1982737923921192,0.015179495621763416,-0.17445311445399694,-0.12958088422502204,0.04627521760964742,-0.22955622370215367,0.06586881413148009,-0.036325453086580736,0.13361776842981338,-0.0339176567481281,-0.4233360626478121,-0.09764766309358516
64943,0.031366462082141694,-0.11210593929427626,0.1641300042109683,-0.021759317349817547,-0.06117343593033344,-0.13249064215686407,0.014689425913177978,0.024796086454167036,-0.027304348331687354,0.02500488705839109,0.14237097953667127,0.07626043133180099,0.13875011614706728,-0.0036059524324982264,-0.0976015013335531,-0.16394925970308763,0.010472752262721605,-0.07156076172810685,-0.19582939112931894,0.038502166322550865,-0.07065986077497102,-0.05607314482556605,-0.09524855334009533,-0.008638798272362238,0.06661890109626338,-0.018522713141098046,0.14353282636386344,0.02122877533405665,-0.05296246577364855,0.0774740400651569,0.10909540615486121,-0.15190254765797082
26993,0.23028745205053788,-0.19945764601754903,0.1902483158522919,0.06755844296119462,-0.02423174848031333,-0.44330284854677027,0.09267261985171864,-0.02310066444904307,0.3584358945298867,-0.0371263867056758,-0.20104903572471627,0.27075008240521503,-0.0467697196954702,-0.025082920999579338,-0.07744928665934737,-0.017983060520484376,0.11884947518869866,-0.24881935024892962,0.011666621687212355,-0.08984311148688053,0.05641949261701516,-0.014591147474564801,0.20472720977783634,-0.0546382692393687,-0.07645012546195289,0.17331907471647895,0.02936811434345705,-0.11241161533953253,-0.06730087911162431,0.272632674686403,-0.10747221215386386,0.06880714030820718
56654,0.12515283626545606,-0.23747656049576651,0.014917131999612256,0.104964083043867,-0.06658959449709874,0.05840535657319441,-0.12452853642108341,0.06821899886694331,0.004974664088076539,0.02984548106576251,0.028991811890747378,-0.03803454808134858,0.05216587127758378,-0.07957642732193305,0.1522465022399888,-0.19008503032910726,0.10931932062099346,-0.13243305450818812,0.08147522815162389,-0.21201630290303464,-0.15187622978578183,-0.0019776727934782716,-0.26717394792704385,-0.07695238129357325,0.25840226195393945,-0.14860470408398066,-0.008592877773209575,0.028016575443258543,0.09225866213948514,0.1888226784552533,0.17151672723157307,-0.04024623753933952
55608,0.0600699042394516,-0.2603545432763139,-0.06400367117585962,-0.199784825214079,-0.33384513362260965,-0.14079259409144743,-0.0615066488681592,0.13726380901749208,0.13061061820859715,0.21151744880422965,-0.008350160171641257,0.02844006605974508,-0.22137280429551628,-0.12764110841770576,0.09808838658514553,-0.051286454868066586,-0.019757038166374228,-0.14032835561218715,0.033273155998522166,0.06105857792138293,-0.07067711839269464,-0.1838950302884653,-0.1326247599835421,-0.09071318193121702,-0.007839705181157423,-0.039625990998702315,0.04017781714065099,0.13800863114443837,0.044323773557223466,-0.03271020581557106,0.0054515792030301585,0.20979276009902803
51071,0.1409030661677254,0.054303239907247454,-0.10146192897592494,0.11838712094435547,0.02987466580653761,0.08151199688923844,0.032743999844232374,0.008977230357310309,0.26570811168569003,0.047928328945712924,-0.038609797181433425,-0.10368232278995007,-0.005989954829611274,-0.008872670851508101,-0.18253022659352125,0.14243835179500278,0.03174329882837977,0.0705689675069973,-0.25672871524257923,0.46585948726148657,0.08005717543640586,-0.07813521819185397,-0.035365297155475185,0.01611106643739564,-0.24209931139411883,0.07296257964786532,0.22185372375798618,-0.10772562444092249,0.24279342328725007,-0.07481708576097429,-0.0672484336343907,-0.14166048692345687
54881,0.02597339331127927,-0.011286017947309407,0.09270410143354497,0.046473166320565626,-0.027359028789055134,-0.11788184468726857,-0.06024887532703732,0.0540488297524572,-0.08303609720161777,0.1355075733082048,0.15134340394307844,-0.04062098859880598,0.09718360072102653,0.2085929606896626,-0.008210035784155183,0.05655534199136459,0.09188424009654829,-0.042054206463198684,0.13578363312158154,0.030721611804049757,-0.1597989968519433,-0.07331298622628381,0.04611230139393906,-0.12073425436015951,0.06751362055965657,0.06685393670878459,0.029924796776237075,-0.062159790540038146,0.137869236429444,-0.0044735538071842725,-0.09828368829365638,-0.10729294657923562
55148,-0.112638506665875,-0.1499969414063893,-0.037156328763929526,0.0014114905782299909,-0.2647353834254887,-0.0053320792565611395,-0.07215298366521726,0.16111428675539474,-0.11662940631630404,0.027356400059390485,0.03775725157880023,0.12225892167768174,0.030124285421584327,0.2141783340053968,0.1440338834937236,-0.058409745397319225,-0.04713227868891462,-0.10871804479538687,0.026869642467811407,-0.12453983392750438,-0.1531161701534368,-0.23827924357716906,0.032037781434221035,0.11595775066758049,0.166825050461645,0.025654163614567134,0.09688901795428508,0.08343022045774653,0.041509700658009976,0.1585989135964296,0.05020784771716742,0.0047742251058232885
23670,0.004829232821750989,-0.18873779914150718,0.05513430457554853,0.17692268157176025,-0.014066462837620149,0.1754108907471896,0.005784140677987691,0.28980001217511464,-0.10015779783122791,0.05733934733660014,0.07280787365474886,0.025748505205764067,-0.05224446426694232,0.04655302617248413,0.028259684493307992,-0.10734016746947146,0.14400193853624185,0.22410444913434066,0.03970265717547563,0.13448174415845296,0.0024756504416629196,-0.2725477547116385,-0.14194264448770183,0.14003310829297078,-0.09084183681158449,-0.01118664827296265,0.08791876730415332,-0.17486270673501955,-0.08563722037206971,0.029509266219618226,-0.1184803329610271,0.0027633214948211693
57761,-0.07243036208791327,0.05621833605670827,-0.04701071648428161,-0.3497259591276457,-0.003290290610896611,0.051643650019749805,0.06523797666797548,0.2024870892003977,-0.020651583352980278,0.30718419100007127,0.12265983657645856,0.11654960733161951,0.03744219013129499,-0.08317193962020607,0.1608757151112999,-0.12234242942925504,-0.15185421551942183,0.004731051603033735,0.10099271583285678,-0.12055957975473,0.08298313396071674,0.0016300798592926657,0.04706805309695606,-0.14191847418010178,0.07894404944928579,0.26767959127723445,-0.13923854796183763,-0.08685206376620674,-0.2003940700942439,0.254694371633196,0.07823622884227975,-0.03898579342205329
55893,-0.14666288485801313,0.1393393774284691,0.013536567354918908,0.25951713508739316,-0.04678169778710463,0.24148814616624467,0.029758383742902524,0.07160143379532724,-0.09945807914810034,0.09835315185968697,0.07000455954007441,-0.06039702622701877,0.019421349536231976,-0.016336040894129277,0.05836602948948304,0.06651217729234049,0.030163450710832644,0.24568756307266676,-0.013093589568180564,0.1673066460167783,0.3177872641457477,-0.0993870717160622,0.08328156298862535,0.03727467958331528,-0.18952253046125267,0.005777431922123567,0.15322643542551112,-0.3312294332168507,0.05656908501508542,0.03844439105193708,0.04667098848107153,-0.11585179806205542
56997,0.016356203213058442,-0.005453837741945188,0.04104680826107146,0.0675110083596059,0.1034723620498526,-0.005008471182395304,-0.05537836238440715,-0.03953958016070749,-0.07208948363874126,0.0003026972626227776,-0.062120960884020616,0.005778829722990262,0.09364372893042586,-0.04560082321322082,0.03996591911304159,0.090043173113387,-0.09267052971706463,0.020726352643135996,0.12570603711087427,0.04862105652655527,0.16364897729121802,0.02411161862566569,-0.09423178638510404,-0.05087483734735566,-0.07158553746215074,-0.010967275459994093,0.14357553135968532,-0.018394314951572205,-0.06881322557994367,0.204318412953068,0.031337389016277625,0.011729749315399187
51015,-0.15122273492176805,0.14238799848548322,-0.03737366060329386,0.032931203513082215,-0.08800304097003625,0.0982052900489977,0.1354485009927433,-0.07056270926693034,0.170890597863481,0.06235131344786648,-0.20851998175298694,0.06249577258916705,-0.18076550210207173,0.07059531121650024,0.0005118425835832381,0.2207808967857995,-0.13143800494111507,-0.06145222780614678,0.1568154727708013,-0.00012130239054839995,0.14128726847376935,0.0773138842094273,-0.020964451055147697,-0.1025341524452346,-0.14603056463781558,0.017101447952101893,-0.13486925096991056,0.10659797298014534,-0.13851126097276947,-0.09992111185518972,-0.13063835790413061,-0.254320216271324
80212,-0.10037576688363077,-0.04959366533467385,-0.006542457791126202,-0.11569271608532242,-0.08904525900049623,0.10129070929224492,-0.04615304567466789,-0.04340865720654927,0.15745113485796197,0.17762596741908382,0.11280501978047029,-0.030647869651236934,-0.03889070471082175,0.3193651257438721,0.11891323335100475,-0.03383962469119101,-0.005179931425971606,0.05189292936546892,0.19441396853004644,-0.02094963546031832,0.02189376727061815,-0.0780937458796618,0.013581016776949725,0.03188602783200616,-0.06508332696788811,-0.032468726359026534,-0.108437970092514,0.24086092830992112,0.1981369361813148,-0.07888900179653836,-0.06770513878789292,0.04719012710849883
51026,0.09856781794840888,0.04565914505914031,-0.18736882776031616,-0.0028834191745093106,0.01937119743371953,-0.11207631200348811,-0.07120617458289391,-0.015315659235068658,-0.10913470698618245,0.24170323733953128,-0.06196109773182844,0.1176133905730567,-0.14283459482606525,-0.1878475421393609,-0.1150911929167536,0.18384283926347061,-0.04129881292471579,-0.2098812759543807,0.04258966884460749,0.11294606502674866,-0.10438760246765395,0.09637337718488272,0.03983762201482814,-0.1544532813910468,-0.03762140173460708,0.01671443266913946,0.05165923018029345,-0.13808822954777078,-0.17490612973733058,-0.017433516668788507,-0.1374434244730229,-0.029888646044318304
51282,-0.15815613471130166,0.09213206439434722,-0.05446286979000047,-0.035429397789799026,-0.3176572116046757,-0.014191769656238605,-0.219322566091532,-0.08515442271695908,0.03487267384904289,0.022356927712015834,0.15444717445570474,0.028068185479559717,0.13844542172289612,-0.45843761719258835,0.2126612014127675,0.18277975332898516,0.2041809828005352,0.00967766373630774,-0.03147218409038401,0.012276211126115108,-0.07382230657647938,0.16246879743993745,-0.15486630731635287,0.07682462750285741,0.11655315658850109,0.23082234417725814,0.1603327200304039,0.08738197841609313,0.025306880485119497,-0.23529821135163967,-0.14870171916206087,0.0950922006950915
7376,-0.014923783626860124,0.015717156236408705,-0.0009387058126335531,-0.01326166758377375,0.03669095442095738,0.03707194842730951,0.10832534785296663,0.02900992770453382,-0.2052329634359755,0.03519448635275244,-0.24714303289461315,0.024713173910144527,-0.06005354690123734,0.045233059556389316,0.01700256144846408,-0.1945494412362442,0.06270734954460164,0.3177465610223791,-0.0642724958161459,0.02394032779431081,-0.08676598107183349,0.007131825697601958,0.08432947653313555,0.051981992101501555,0.023910915444890147,-0.07764730398434276,-0.06838633824006644,0.023132380254256728,-0.07904942248587381,-0.1650931684227727,-0.04711905877654188,0.17746440673500594
25987,-0.36606524797098644,0.18240376157632054,0.07311332462717171,0.2911294814957959,-0.02945142239730917,0.002945817852228249,-0.08444712247634563,0.10839544325274335,0.12024262327042176,-0.16957076334861487,-0.07034918646068135,0.11736177531581905,0.48061741792807205,-0.4168224513407754,0.016624700646822543,0.07399779304076276,-0.33747271625084246,-0.49032080394520117,0.27332252552517955,0.08075492423384927,-0.4380452146809129,-0.020085651524779036,0.2547607123833345,-0.2563268578520428,-0.15643849621220934,0.21936808730518761,-0.25882830298637094,-0.23883489644898412,-0.6899702332783471,-0.05620245221254375,-0.23957182644265768,-0.4027944672763059
64429,-0.09250736800896425,-0.12281226216191786,-0.07294719976409994,-0.09032517240739149,-0.054889032867093235,-0.026571217047931722,0.101551269780247,0.01601749329261195,0.0378400024634795,-0.08652319065436884,-0.1355183408517149,-0.1027131511427957,0.03975355787937267,0.009641646444221955,0.12357875715608518,-0.15431768590392234,0.23782573621973166,0.002042477378997644,0.002866103408926871,0.0308483884551109,0.06148655993680787,-0.20607251812622857,0.02568546542479875,-0.07958457563347944,0.0660952605287401,-0.08396239544423685,-0.22407643614828432,-0.1225172799010289,-0.14685075858206612,-0.27654849913961305,0.11292454302204644,0.07486154250655805
55111,0.08018142061316355,0.08492262492500152,0.04278826247165118,-0.21165508161301597,0.07609883027308849,0.0551330244953121,-0.08903672378081523,0.053032517708686354,-0.11095089050105629,-0.03846570472789542,0.07998090222455254,-0.2497186927274878,0.07440871843630491,0.11907152639636134,0.16161339236881292,0.022283623919977597,0.16278783446533066,0.017906958569880334,-0.15896317198344007,-0.26085486048112094,-0.19129636685245582,0.011657714862911124,0.0838201749042331,0.010156457823500074,-0.03188431729121345,0.24976145026584845,0.019780799811138425,-0.16766632221368352,0.24219529397609135,-0.1279115498388623,-0.10604257851575118,-0.00359825748138888
51422,0.04083006536844425,0.021780353006262455,-0.04585827291065242,0.2845405832942026,-0.13219768660188985,-0.011655591889817418,-0.03172273688538703,0.26610133799955316,-0.013981894089690677,0.035171027015215586,-0.14751863175939336,0.19933028989865897,-0.25568561411379964,-0.28566482403613225,0.13212169871681206,0.21480528695719855,-0.1605486291491783,-0.07759198298700005,-0.11863685520403745,-0.08279330184531566,0.2086952938502484,-0.011329479735125915,-0.18608403510855312,0.12957752829354036,-0.16724583778152913,-0.0561038665982664,0.07415921722576342,-0.16497268520840275,0.1440752992214972,-0.05916156644991062,-0.06535662209949147,-0.05106801896649009
26520,-0.05359745449765118,0.08105196306783431,-0.18919456276575142,0.05825292065056896,0.10753962892573563,-0.06991903827598889,0.05319245194445605,0.0893630629840156,0.007292691597259848,0.05948277378056257,-0.193532172596284,-0.02576225663146365,-0.18827734030017146,0.09995036097182956,0.1225908387184175,0.056845305131492774,0.010453151168863268,0.06951867456792145,0.19318436416627788,0.08227648887643534,-0.07195670364147491,0.11550232665228659,-0.02331941111103869,0.01563753286662314,-0.05181764019204122,0.11574533535872522,0.020829914050386922,0.09764594716127846,-0.1414507277632978,-0.07730591475164306,0.1898080659912084,-0.018284866808804943
27244,0.025544039043304007,0.03670509297402348,0.13020549157811023,0.11883644722870465,-0.08639991959833478,-0.2351206859068167,-0.1536124904698008,-0.03266318095912211,-0.15445454645743525,-0.2367522151674932,0.0056616476771232,0.22005926031937847,0.47904949330591123,-0.26713581003679054,0.04909261891591304,0.2981118669919482,0.02851151585170244,-0.05642851273287776,-0.09507735519655068,0.023798765791578674,0.026162672700160306,0.029293600966492077,0.009691621832308974,-0.1736002077512866,0.29725100471128085,0.13643184871890196,0.12154661626673008,-0.15796084530827015,-0.18854271630705288,-0.12523991753079405,0.047126526780900374,0.015222879743207197
51053,0.06889099341179258,-0.26876916184946753,0.09959927735931759,-0.20134594533626063,-0.08863892781450745,-0.13545098488685878,0.1891271530990163,0.12281251111083082,0.17459573104275794,0.3278806281893042,-0.24419248007801472,0.0862734668069302,-0.27578249268347427,0.04031638890029544,0.0306691603096852,0.029867551133930526,0.04842106690378232,-0.20617444524069442,0.05844384571098007,-0.06572723224383929,0.14391504101647848,-0.22813177344745442,-0.046557313771402355,-0.20361489070079916,-0.06287112065665723,0.13395486452562394,-0.10562616045728086,0.18013978906284367,0.05473422623186084,-0.03963780079428735,0.17049815827407866,-0.35982053776023537
79174,-0.033688044878667445,0.09603323190356004,0.12836114224227232,-0.08069637232016974,0.06524937799818013,-0.0733451028575602,-0.03578169622971986,0.1396379004191944,0.11199650463346199,-0.07935051702840488,0.16863698599643132,0.14799132830690792,-0.08524962240879072,0.0912421734433876,-0.16408355746162903,-0.09849108615769576,0.26603719756040733,-0.0030871950060413597,0.1867304940650676,0.10426327470896223,0.05305972835066913,0.1224363477579381,0.03835835134370159,0.09469949761153541,0.15140526851204367,0.02410762039083801,-0.13700386961601388,-0.10173780172983894,0.019170992532933712,0.04140766303066395,0.002130931514541004,-0.1605283381683349
53343,-0.24914630868789064,-0.052333518589830194,0.10018110545687167,0.16498688118861032,0.24644082068925643,-0.1449253779730236,-0.07237994228727608,0.2048993829129833,0.12958794125774917,0.009624147135889004,0.15182474281581015,-0.03638051057814371,0.15238226981870517,-0.06217931995562873,-0.03178309945382195,-0.14876459032586675,-0.24885243236695506,-0.05771907208820815,0.30852282483616533,-0.01730196422361016,-0.035445788448654175,-0.12850833108434048,-0.09971528477097938,0.301064890484485,0.096220884218296,-0.03482215352810538,0.04591521219378364,-0.18413085661145853,-0.2601639078274707,0.13114316171399787,0.08516110026347443,0.03093760889562788
55038,0.09999345038672287,-0.1511472547309947,0.10009565624476063,-0.14838093314879405,-0.37315998956759,0.08428251517275498,0.05592614441438413,-0.10096547260040065,-0.0197851377590638,0.002026970300781719,-0.021452241241439123,-0.022118059145256982,-0.1283557661975254,0.046383251269055584,0.20573860509191066,-0.10913893705648041,-0.14299261526553528,0.20855442116014794,-0.05302024762467019,0.04775771944560325,0.038817315900549335,0.0125023830405792,0.20330575835954726,0.00803938191744286,0.1639427794625296,-0.018269064374165495,0.1645958578913835,-0.023944230358722104,0.0849780084867327,0.14581397129786774,-0.33421342835078555,-0.012558591512899278
29937,0.05890182257104435,-0.047072416706352774,-0.11700699222248072,0.03522109171520524,-0.04963821108598955,0.3151233323775657,-0.004552232666446754,0.031201202687288192,-0.023423239866134746,-0.18626849130029868,0.15059120038365778,0.028712314415730265,-0.02189911074835498,0.12352294555335434,0.12119475832462587,-0.10933915381594249,0.24025808725129827,0.03420216548464745,-0.24664650316547032,-0.15705307580080977,-0.1566975469381635,-0.11441706531133643,0.007057023709694967,0.4024719014753824,0.14666482667843686,0.22105354197803523,0.036217093258679715,0.10473610168543543,0.023918989038304615,-0.22013817621081433,-0.0027878807517767333,0.03359667248158408
64781,0.09534522168876201,0.23125768959953125,-0.028857909351660303,-0.18522174656931942,-0.019178906875701302,-0.05463466020443806,-0.1248949859700354,-0.0851987123871836,0.1435601607487923,-0.025019638312601695,0.09702323730344982,0.12599739022804032,0.14696415332824248,-0.06258025408301353,-0.010094913616213326,-0.19586843774029333,-0.0650862660982622,0.15018225891825082,0.18632238114699962,-0.12375040966940991,0.10553559234086948,-0.06097833585685851,0.03170901246990577,-0.06055059370190841,-0.0683831329519262,0.0013769039508390005,0.1584801713460363,-0.014414636254072412,-0.04699178684536255,0.07612727086469495,-0.11045928125286254,-0.13228976250871619
29103,0.004507927278874546,-0.051804975796951466,-0.12617892357043733,0.029658986661004406,0.007618036025542517,0.007953062584900205,-0.024681730598027342,0.008650442293403256,0.013511424788263037,0.09502660425842961,0.19115524920679516,0.057951240966241796,-0.13940877527848913,-0.36707889713896635,-0.11967994357159982,-0.2837278487990123,-0.2209841814845191,0.021692806035612272,-0.0415868046509752,0.09399543639934202,0.036040735755920296,-0.05266783488465955,0.007413960722173856,-0.12298734326799342,0.024146611023741,0.09673842805805678,-0.16055270504229216,0.23907301631240294,-0.07850708398309282,0.04200012900155062,-0.11578406727146744,-0.015843895953771288
50865,0.08867961602085961,-0.105926938075337,-0.06715966342915732,0.10793531493416365,-0.08298847786006719,0.023995845959940844,-0.18780026803088085,0.16258187942729602,-0.0031573033417814987,-0.038870706183052404,0.0008087613859084869,-0.12617808049736937,0.024134957305729135,-0.004775528260563492,0.08821918778179007,0.17759011495270313,-0.07006314890482467,0.06711224891520386,0.03739113190528142,0.09273044777442621,-0.31606146388424267,0.1912092893981323,0.12606384961084868,0.02825726185727748,0.03476444866835647,0.1925538806881584,0.060942968909297665,0.08235985554025359,0.18936696454837074,-0.3499389553729667,0.10280342242875606,-0.08308590066814023
1788,-0.2873564881528581,0.08355589037817508,-0.011485016937230356,0.065296883907087,0.01992964731053859,-0.13619678066411228,0.09776301147146979,0.10030325247739912,-0.3109432049403758,0.1178125380781539,-0.024823802522477855,0.10045369681307123,0.04509175091439195,-0.023952606447370725,-0.15104239375592174,-0.03485265880291379,0.09817707355039805,-0.010763869591605172,-0.12882972350036095,0.10733955646948964,-0.4619385347885792,-0.12413542028825249,-0.0033768164891265985,-0.2725789148736262,-0.1229208752422672,0.06990626898073084,0.015281978816278631,0.019075956749462934,0.0514759882055379,0.028087315759768167,-0.004738450918747205,-0.15930815539036813
54442,0.06499955115326694,-0.0476062517698204,-0.021946984539273833,-0.3070330924620653,0.2655807797267203,0.18865495329923396,-0.31991513093660573,-0.014798572171273654,-0.2234004050899899,-0.019812622407869913,0.03196041640948375,-0.008453380198338462,-0.2685894291641181,-0.055660158464969994,-0.2573414178817396,0.025514540898405498,0.16107214434901593,0.14583248833434737,0.07588142826943829,-0.30030232452024885,0.08691235636428793,0.04724525874487746,0.18153030537669518,-0.007433466979126053,-0.01839453829732081,0.0692955902136759,-0.09492320402129466,0.11992250102560882,-0.05187486046191478,0.015853775745152877,0.00920494222107123,0.035425223328871616
30001,0.03825891840551168,0.07906739740660973,-0.028878257837010535,-0.000984510326196881,-0.0026887934619317113,0.21374817282709396,-0.02520958393363577,0.13172953925458472,-0.057308622486721944,-0.028286811000070203,-0.041280981860536865,-0.07626192406730897,0.08023537603784636,-0.10048184685053714,0.06518656348746035,0.07463847323781028,-0.026590421651330857,0.11332082810854702,-0.08348176412806614,-0.01900494547413945,-0.10932162904206759,0.08556339737280959,-0.12123217760262167,0.04330567232646475,0.01384514466430684,0.1285052644531065,-0.17436240911657036,-0.0361961189122888,-0.04486882074755074,0.13477846298353377,0.11571212999798199,0.12102253876081112
51293,0.1027072851829299,-0.0029220511055141948,-0.2003647993468368,0.007141674696615418,0.12718676925083924,-0.010443983219885383,-0.020335277403275533,-0.053093030193373456,-0.14570056798924008,-0.11132649672511477,-0.29317328788188396,0.09411128572170334,-0.02249736449176271,-0.10080895407638699,0.09995288966966596,-0.013661016034129602,0.10319146892973691,0.01549192863578125,-0.011387390171148785,-0.16861050068602965,-0.0983441048462463,0.008693661936251599,0.0029861861211106116,0.1652098150145441,-0.12765555814397817,0.011694213855820236,0.04669874586540294,-0.014268981841213633,0.0773133432251476,0.14609790534040598,0.05377950904826609,0.2557214649730979
79947,-0.0213783633422934,-0.06492622042604351,-0.0763623707226753,0.029097989130016655,0.13390102623482045,0.275550832823669,0.04237024174015472,0.07358446647883185,-0.16936629671426023,-0.055786037668600304,0.05877283207019574,0.015512799153496463,-0.016117847412453555,-0.19976488313113006,0.06979274325081473,0.0018331258939009276,-0.15970386500727987,0.09314016250035108,-0.07818045671908615,-0.2171468603191124,0.13048398325240607,-0.04436459099380185,0.16763296460615962,0.06923886649789338,0.049297322546818755,-0.003342701384082477,0.1852588937508797,0.11996014844777048,0.08699383609993269,0.19109692053477154,0.04750832577249066,0.13722090419290667
29082,0.07086234136941774,0.0038533047117736466,0.04513736397874761,-0.041096349350029496,0.046228761327998684,0.007850141561088422,-0.09601769158448233,-0.021286436333523756,0.12112384789391759,0.06377347270202217,0.0391055929721997,0.019215350348558837,0.035370214659552084,0.04641588780084943,-0.11491966355689062,-0.017129899085328158,-0.14072037065305407,-0.03459051945554092,0.009603039693949603,-0.021401638939242327,0.10230662408916578,-0.03433571187639119,-0.05108463174080819,-0.03451520642246367,-0.00017178867297744973,0.07445005973390922,-0.10948073022135388,-0.057443428462485784,0.030719980062051202,0.14013795958441708,-0.1090986591678584,-0.06293980035574447
63874,-0.020732163027837508,0.013966944381892641,0.016701325734284823,0.2383143746871454,-0.03157921992108776,0.014344583796460315,-0.2394121236144733,0.15723391803698528,0.1596150214249989,-0.07967495246153526,0.030500482074202074,-0.2559717125084771,0.06987343159938307,-0.04482540244103542,0.09395392708803561,0.005738760086650532,-0.009427220997722476,-0.011900872466218258,0.013271578841844302,-0.06662214998896211,0.3462219679385958,-0.09758376738369055,0.08658778162727711,-0.020988957822961528,0.12635974342318668,0.04074861315435949,-0.1858074834582342,-0.09118459127464028,-0.2555460004372059,0.07880456398282316,0.07626613418634605,-0.10860513416741893
79600,-0.03951832289986884,-0.0951556091607644,0.07077909461084154,-0.017674375099183248,0.02685176462624914,-0.22023160208326847,0.20599803577477513,0.011336260082058553,0.07005063866040921,0.07295831173678952,0.044821861630745266,-0.14227724384577461,0.1322828378429539,-0.06841219233996866,0.02071564514829239,0.024059912168891195,0.034868564859533234,0.25409652086436646,0.19108156818266397,0.23969335975788553,-0.11747035382872781,-0.05126637855717538,0.030651295600255472,-0.02937824778893133,-0.2592141967698166,-0.10659090851519293,0.0353097252030448,-0.150419817876428,0.04936732734919878,0.12658317301429242,-0.00598293556756221,-0.0012421145139864997
55127,-0.21201900349927505,0.08406678791512265,-0.36522366341521273,0.04507560214092795,-0.053742468148860356,0.15021193768865562,0.12377188360875961,0.045421421681983126,0.18626695774611415,0.12961443354674146,-0.27491817430667637,0.09431758168162534,0.3069066807518373,0.31160345031187586,-0.10210092492896802,0.0663415261107995,0.3902966729596889,-0.39351991577941264,0.040217541324456596,-0.07170157230380239,-0.36662083887333075,0.06376999179723052,-0.07918101128099404,0.18282833564697784,-0.016928387102303148,0.03905567208440596,-0.026408174606777756,0.1068301454704223,0.18713836871960451,-0.008396305724873479,-0.12465397420306318,0.127214428650981
55847,0.07937850251095063,-0.0792993545011164,0.07595339436440961,0.2029736796473986,0.1537840433195761,-0.007448263584072674,0.18746729051593364,-0.11228087319473232,-0.029103707876783742,0.12818909606134407,-0.0857033020395207,-0.016773699307648028,-0.13136511464189587,0.027569715245742202,0.23397539479959975,0.010660411723849484,0.04153977716558472,-0.09155602212914457,0.24099770534690737,-0.057744464460131824,-0.13348432503908544,0.07793911814568419,0.134149797680711,0.04590243307054538,-0.03453975799608304,-0.08135054941420862,0.26611846970206693,0.059560912310868803,0.04873443908406523,0.09251436108545046,-0.04010399935947376,-0.12163022915625471
6839,-0.20142161915383394,0.0451232435599923,-0.06490178552486082,-0.06523568489425288,0.04992518119336011,0.07953026178596895,-0.051622264949126674,0.07789312629898884,0.07274414921259227,-0.023851267209219876,0.011197348288407918,0.005407938413934122,-0.0935188344065796,0.24680491163230056,0.00250698665289166,0.05480353624476486,-0.05988990141718389,0.024536511037305524,0.166714864126397,-0.14336216263355606,-0.15493170492375377,0.00038260442798858303,0.09685546140998517,-0.09923598020598916,-0.07881714751659241,-0.11029818537928682,0.07257545676818962,-0.13307367860986033,-0.1070113394372418,-0.058611201314140784,-0.05011887169817895,-0.07721542629380694
51160,-0.012000792618474043,0.04933608344967492,-0.19222102650982362,-0.0021528585002225957,0.04134924957835144,-0.03272900150450597,-0.04890635648768103,-0.02865207933320122,-0.003152212863808914,0.1047235969606155,0.01569986168080165,-0.056225678406395384,-0.10119147917584245,0.1287250017025029,-0.08028268727349103,-0.06086681903282006,0.043200034179310814,-0.009865560517108438,0.06171086659756847,0.009535251619426739,-0.0013483567826133185,0.15265603067236336,-0.06571298495359254,0.05263675894068393,-0.13251413500444492,0.11996096931892103,0.009513120085717456,0.11393037043623004,-0.10100772836196192,-0.010146501547959026,0.22214307722503748,0.098432944837022
54512,-0.12912826406810818,-0.13083379275961785,-0.24883860599795288,0.2164958624844335,-0.2592795167139132,0.06959142775622278,-0.004929953770946183,0.03345001995266181,-0.015981988750062653,0.09266244786545873,-0.12390713624759092,-0.06480148083701606,-0.25202059460632575,-0.26202836277233943,0.126611640917166,-0.03941422517596891,-0.013654239782102182,-0.15953540561585575,-0.0392903587394745,-0.23952626862130594,0.16217303768232474,0.05950421795832093,-0.04648988072020204,-0.16331083453166836,-0.08476167125283776,0.007610192864348616,0.09494503430724185,0.21174691915328775,-0.09177796862877095,-0.31715728329982595,-0.31173415195523807,0.0653195432052758
64428,0.19216970761133573,0.05945034137060682,0.17550094837945232,0.06722103302640771,-0.059261966122030725,-0.0006134802466285796,-0.08956654812847169,-0.07240690685653056,0.03543906111204186,-0.021030855043595177,0.3680897341705046,0.16257818582592778,-0.03433805722370829,-0.11428789812672795,0.1379855399983858,0.22985456155650533,-0.22940546118480637,0.16126107577006835,0.030388078830520655,0.33749729264821804,0.003626276662762367,0.06751859651140968,-0.03570532773518966,0.06215586688926593,-0.04147087747611855,-0.1955617501733018,0.09681912054516756,0.09071566602705586,0.013462374518349404,0.04690158967140686,-0.050225894363131476,0.12221009587466108
79643,0.05306675952434218,0.031043323898155117,0.05380605644791908,0.08532452281910755,0.07386204445732518,0.05478562072082941,-0.16201537763309146,0.05133028167661458,-0.006563072363827513,-0.0033796980561386666,0.21311067382766,0.1436006280735852,0.018449608111581507,0.002642654650169454,0.25705208735644475,-0.09565036315866364,-0.188106452407089,-0.08461767943928952,0.0175843303583619,0.007244475669805354,0.12990336314384213,0.05015435358628537,-0.16703916574023106,-0.05338604757961651,-0.0694408089774313,-0.04406530923214176,0.026370835591521397,-0.15639135210322527,0.030361437973902346,0.10499540821516527,0.08112688800924818,-0.06663989909762912
29763,-0.2095128797848705,0.12680404045927857,-0.06027774959715518,0.02652198595783032,0.05702870373942622,-0.22521344902824975,-0.19310788000448978,-0.08342869453762834,-0.17066980457975037,-0.07662785956759495,-0.12150504017944183,0.017898481059711598,0.10523448387020556,-0.18265252894127956,0.11243978053764486,0.13026887940652143,-0.18566189353542878,0.15642648531424572,-0.03380243801908721,0.14865950477044862,0.014518479366558411,-0.0055379329151917555,0.012006002059193454,-0.05097998186477079,-0.06606934213078766,-0.028827553991885656,0.08643668562867185,0.255147726416948,-0.007785198240176487,0.04237049795259285,0.26283288983888875,-0.18410276686323407
10112,-0.022033977063557128,-0.02709547489389209,0.02622564041594611,0.1358288632577172,0.11520535483052462,-0.06824200400616673,0.017171200922715284,-0.06912533289142324,-0.16424499946736212,-0.12041084066572867,0.26623551080444835,0.02384233622846593,-0.10727942647275018,0.05733324550845592,-0.11389959785068747,0.10157824460299854,-0.13075351198855736,0.2240299056657967,-0.07418670702165324,0.12491059188940909,-0.3709163297829407,-0.15535853215074721,-0.1303350270472406,-9.045116545873617e-05,-0.08513645041189187,0.11911130780263093,-0.021575283260508105,0.08536412078792875,0.1045437107841582,-0.14872456184943408,0.1198131502205677,0.12203235633162127
29911,0.036726871902482444,-0.04411366888432384,-0.046791566366216154,0.06499173527353834,0.11357887939065071,0.14932107685692877,0.021141134987845624,0.3301627685439583,-0.16288477428408105,0.1644890824084607,-0.14986828009221687,-0.04599360223962217,0.16446495224755217,0.11859542967070037,-0.1434860298532563,0.1362498912446209,-0.01157661718972418,-0.07724566581727456,0.04823548870425228,0.034396203461720155,0.006124293033688504,-0.05183406160256461,0.027556324886806833,0.048282155341792365,-0.042437022602555934,-0.38767054434093234,-0.13497809366517602,-0.00689671402765153,0.10065305665958627,0.0438460303671682,0.05617508002369563,-0.11295819373182556
54957,0.12788660654773662,-0.07827660967714149,0.09256569555388582,-0.07306299018340981,-0.04011856700089268,-0.1844717290872224,-0.11282660061678632,-0.14052414929704918,-0.30525546877211235,-0.04184628867045703,0.0869528824319354,0.19565334180027275,0.3226061311935137,-0.13286457192008994,-0.11807337801742522,-0.10242677085425467,-0.20162214333543138,0.03262430266757305,-0.07224718745998468,-0.09070119167524136,-0.1278828034509139,-0.054469735903890655,0.42851050216280373,-0.029945832037302937,-0.14035256891277698,0.050481448401453445,0.13700523329674558,-0.13994440528908145,0.24294883508691775,0.054037865835708215,0.09764020365247518,-0.09770539250868207
10451,0.003703893661406964,0.08515846679346274,-0.04310373509790048,-0.026622949926353206,-0.12854917350650033,0.104770264669505,0.08467425237396023,-0.025664922304900285,0.04568485577813824,0.12770165095558464,-0.04145229537024146,0.10933229986656723,0.0198380658626006,-0.029528975466421206,0.1599789448027444,0.061546808250125075,0.033146304633758256,0.0665175236055482,0.02014560469730059,0.03149466533711416,0.06485191670664572,-0.030257687750585713,0.046296973217457474,-0.060720334014043746,-0.049247808955172355,0.06799150606936444,-0.10552665556565038,-0.1196755160565013,-0.0280999231862415,-0.10353711858393033,-0.0064183379898364035,-0.11436912586337186
54733,0.05173380316131116,0.07861571892914873,0.03695535536193741,-0.01307143943732974,0.21661857727728573,-0.10374411270519504,-0.008055861775569445,0.21202099103195482,-0.2082264247823761,-0.08421296864340044,0.13892441407731457,0.11981944586987851,0.007749031081545696,0.021468640461481142,0.14877575341212843,0.06459066560562812,-0.06621275108914867,-0.04512264604731581,-0.008444208343966872,-0.17683986755558292,0.014740194926627339,-0.05395991728390189,-0.035763755755945016,0.00013748163927638623,-0.05916613246859534,-0.18001671786947468,0.1649303618552995,-0.12284427891167443,0.005385739972993046,0.22705290913499684,0.0054789269490583105,0.14702686154423925
56940,-0.0730779361230744,-0.06747806411777237,-0.30598471693862916,-0.1668615753756751,0.00909435994934436,0.10759450437645979,-0.20009903253579694,-0.20230821910481186,0.11210404807881238,0.07178547787078224,-0.05270978403556327,-0.12144101704876713,-0.1319864283176037,-0.0019332440690143864,-0.014974848623163417,0.11261852967186406,0.17428548128594487,0.026449544438619375,-0.32918018659032394,-0.3087173134948484,0.24574220797356505,-0.15778502215576076,0.006301113439881257,-0.06102384663037208,-0.04382718147048188,-0.037761016965417886,0.04176201161369079,-0.04581249132699568,0.09216978846321758,0.16763787085682358,0.10108916085539432,0.09599545368066945
10644,0.003929745290395359,0.1353290020819841,0.11298887162950727,0.045711345506531935,-0.2473373749714721,-0.04059911628774197,0.16561592893701757,-0.07206940092236717,0.029754757612840275,-0.03418604954587626,0.23529381837003113,0.08047941656851657,-0.225568371900827,0.1637785400851398,0.024052268542680135,-0.2097694213971799,0.06512346868897849,0.09834584471087286,-0.1254940980447202,0.1065097524353712,-0.08704036069287473,0.10279232631026562,0.11617056068587231,0.02992778013211427,0.10111807091121318,-0.1369401169025082,-0.02690474869407459,-0.006011404832979554,-0.022243123961966503,-0.22153327430989608,-0.13468662658181677,-0.031234552902422455
55012,0.11849198828562135,0.16662044072353696,-0.14903067673716633,0.07648314994905113,0.31464608580080455,-0.05149382325527519,0.07185735419308777,-0.13012904383194557,0.15191646146814364,-0.07071688337912066,0.23763930649317877,-0.33618258044630633,-0.09358641512679565,-0.08338933647679903,-0.08539915690138994,-0.04238470280078162,-0.06374347540608347,-0.03518937593218913,0.04196980105300401,-0.056870641930596016,-0.20730537907599725,-0.03042822699779801,-0.00041616652258217213,0.10213011476559292,0.22831261006366393,-0.07299727907763762,0.22806620796092292,-0.07484183542903913,0.01675479748659511,0.18709362728724951,-0.0022579174685409243,-0.24664316365172922
27242,-0.18563317646083846,-0.02074027049001811,0.026485845206457807,-0.048409048135494716,0.12814930323797707,-0.08998206271885764,0.18616155301829607,0.0482710673600957,0.11308566945995824,-0.18778926374888497,-0.05672909293476846,0.11024557181448165,-0.03985876691615416,-0.10772697718509794,0.05014931585216226,0.0475109843465875,0.11734341516830452,0.0038208650454839266,-0.020181118740812673,0.09598097994668789,-0.019758413380756477,-0.17508437038243835,-0.027753231715661308,-0.06937995998478304,0.2993267340660309,0.15393092700669392,-0.04670026972306663,-0.059794984860763484,0.1724008490563137,-0.06217282455357964,-0.046845889128500656,-0.05072731126540018
79850,0.1274589292689556,0.1906326575043195,-0.11739870271697521,0.2284643360456458,0.05310716135607499,-0.09762272607402227,-0.1235490825733181,0.4310581930929835,0.1594309507091049,0.4303661284956328,-0.2212963176734723,0.024611245354121635,-0.033362910416885376,0.3308703614792627,0.027642644875429844,0.05088548340994095,0.37036030017297694,0.2926520909675089,0.12977400248930845,0.0732203120103005,0.1423042630335338,-0.09728824072666356,-0.21768907057895104,-0.2601680792419746,-0.12231267172551098,0.17127250118194026,0.2629129598528935,0.09891667591914692,-0.025598761963978003,-0.16159391424311936,0.20897357367080258,-0.02260671811196456
4851,-0.21831649196304104,-0.16899327175923648,-0.08656902337908613,-0.22279186364261358,-0.0879999987911031,0.017802730668399314,0.053671010030175055,0.008682037410619004,-0.2344775141612236,-0.005837150942528731,-0.09372629691214783,-0.13404078708274383,-0.06221912287182618,-0.1666702846588558,-0.012177826733356767,-0.07904009524501798,0.11627207813323798,0.027306161705883028,0.03742189130774926,-0.00793806873349938,0.04253371505490044,-0.011051546749409991,0.054409212148492564,0.073521144477966,0.06797489518198259,-0.18392607400227431,-0.043606043996118324,-0.2931080886232421,-0.12327435851242476,-0.04485152406269841,0.10427515416747433,0.023399188439443008
55129,0.18668990371489608,0.03903720759020586,0.08481296672195876,-0.051791957377730694,-0.12140082131611893,0.12123099135376228,-0.10815573351717697,0.02835743851086459,-0.1539505957400639,0.04017516169343818,0.008006303919267562,-0.1353981904546656,0.18103582134910648,0.03222769163142927,0.18139944898680285,0.08490810907599557,0.17771259015989888,-0.06352866156672492,-0.05489750225383518,0.01735760513670579,-0.04616783815158343,0.09828907890918004,-0.21098693159318738,0.06552280090011643,-0.24716155164235593,-0.1422035962976472,-0.06324083378730204,-0.10534925764657911,0.29178356059828064,-0.21307686498870787,-0.1950659740149884,0.12096289083927676
11284,-0.10413440079818741,-0.19755936768809476,0.05968056170793826,-0.1153466746213312,0.0006390177262805371,-0.025847859940898887,0.1738676301791334,0.011520007328207123,0.050009082501331764,0.04482399935234495,-0.19115318951773266,-0.07172112214553263,0.05481104129404343,-0.13387455590643163,-0.2448195142440414,-0.18794944134026223,-0.09505829086467237,0.19472511915769772,-0.06702854478030777,-0.02773245425848404,-0.04093602726029958,-0.08659519678741869,0.08172564733460547,-0.08065746556570856,0.05527439027161748,0.10352134566209549,-0.11688825631153649,-0.16755631725127776,0.13599182849102823,-0.15194177955155538,-0.24677204881557058,0.04255634847466726
1906,0.04092923596507803,0.03215220416631354,-0.06857167592598469,0.05747685038006775,-0.039384131619179336,0.008442886140665214,0.022830574512832973,-0.07758356564048469,0.34049204010963285,0.14175564075474184,0.001392905306462689,-0.17043643165744926,-0.22264100192842667,0.05493668747580766,-0.22314884596129778,0.14969363842924602,0.04790435079736286,-0.015891480752741348,-0.0934019010797379,0.013313980564690107,-0.036024952151442295,-0.05971745066858995,-0.2540463285283704,-0.023662397249409065,-0.38616374491237376,0.03719376256994387,0.10693296968829027,0.19337480414376484,-0.18178293634339682,0.05724722510423597,-0.04718738772499247,0.04385459883791058
60493,-0.2898948276870272,-0.24058863234091668,0.02368941078629978,0.11375590126062052,-0.00850055959344534,0.052642090439187605,0.24319025798457006,-0.13736582400787065,-0.304055223588453,0.23716171418407608,-0.003669325865994355,-0.022591229268714267,0.1342362367360429,-0.2554447391955852,0.019602779078868086,-0.0560470217809813,-0.056734843067927684,0.13378010090061845,-0.1591181460788461,-0.2133875127957808,0.20117910606577294,-0.13332591440253466,-0.018086760148764307,0.3114720410221145,0.06211005377037211,-0.10422054811854577,-0.151163555942295,-0.045116832046387806,0.15732568899972035,-0.2850249482832208,0.001175011729056599,-0.06799499431950087
79006,-0.12518676736819712,0.037776038790581765,0.0007462878216509647,-0.0730568509615113,-0.04446207015098959,0.019384321466535768,0.06982602763518309,0.12379850394853324,0.09212167417264117,0.12152342700607753,0.15234510378799396,0.045595472321743366,0.003031109496987134,-0.006167108612973926,-0.07475541005958927,0.013236685933080111,-0.1346954854944866,0.0771944016182737,0.10797219944875623,-0.08660812627921073,0.04601836823823025,-0.30323189331731454,-0.09416454819302433,-0.01875209691738021,0.16079791008321334,0.05029175057219678,0.03840890726636143,-0.17592548547020118,-0.12296200036809084,-0.036135935953387786,-0.06820680550090331,-0.020775325778658177
8270,0.001967358435300327,0.08618674154356415,0.07106097412835286,0.10587344782048305,-0.040293389983194046,-0.013541837684477231,0.000980177089282353,-0.05571817351850221,-0.017085531064466183,-0.0198245829842309,0.10221084347209117,0.1275625877943526,-0.11920163528495183,0.1597587751674018,-0.13880085781919344,0.0027003878410170727,-0.017082088012769094,-0.24780820458991987,-0.16962840939392745,0.19244853566817977,0.06505923282262076,-0.08927518673466361,0.2528569697190838,0.23862268903011843,-0.04586912518051452,0.13483113245642053,0.13850871710747065,-0.041523433955396476,0.2266526505539394,-0.11363628262072781,-0.20973286381644518,-0.1544771806230489
5827,0.14905735106276446,-0.1685964804449208,0.04089529105222065,-0.012004507032508771,0.05782383352855372,0.0879186301631144,-0.23123845656719397,-0.045315986157843775,0.03833504007824755,0.025930569578595474,0.0768473835086599,0.09837698742157713,-0.01049712972470952,-0.14894904259522965,0.10718104377152003,0.0872382879590636,-0.019257079765625906,-0.24973075328167268,0.13629635975744686,-0.030613468014424352,-0.0897982184443749,0.2907681207984924,-0.08341134335642797,0.211474235050324,0.03920888835718848,-0.13060108181993035,0.11687448832076926,0.13495861416672061,0.1425528080514692,0.20212448797009386,0.08033509042316705,0.03657778578563696
51005,0.011095234684759843,0.0718429136407306,0.09091770026890068,0.05722357938612483,-0.048354492559201656,0.2082726476499324,-0.09119429200253393,0.1571907597040282,0.04313741402006982,-0.2643972676245826,0.11600009882088817,0.012351861145409466,0.062155749314057186,0.13008376370413144,-0.0773280181229444,0.061652766945698906,-0.1630583015650789,0.014643352049351613,0.1171872057846838,-0.1783159703373084,-0.28167024280968483,-0.1920787330425363,-0.07055637075927114,0.11843623445331576,-0.19525574167325413,-0.17986059864904674,-0.06337212766269361,0.028808783202234112,-0.08862636199036837,0.28904410518405554,-0.03349667895306237,0.03769288337323452
79170,-0.05109781067333417,-0.002889242266097034,-0.24658870764790053,0.009190079737588933,0.07726693545266197,-0.08502301344734794,-0.13251367398337124,-0.0740328498759411,-0.011173502044871737,-0.22883022253146204,0.11320053215395916,-0.07847186895290403,-0.11088022656687259,0.05403270245059848,0.1332121517601158,-0.17794067736517957,0.25930641036210406,-0.18302755574973412,0.034863337016685446,0.13925562340688463,-0.08889460340168244,-0.042069601023296405,-0.10030149817842367,0.1730612175776814,0.22194210256828018,-0.2420200402995432,-0.1511494542835141,0.08542537586308863,0.023324909895806458,0.06749632820175616,-0.02941044216518111,-0.037184907925362276
79187,-0.0051307559630145265,0.174625754962887,-0.07646159148943259,0.02120322647595276,-0.022289417392820414,-0.005415364581553278,-0.12660105111670678,-0.07387173108819405,-0.13630076969500174,0.13959090118839712,0.11318891141986501,-0.17119070870625486,0.009986444608508628,-0.04682968616343747,-0.03438430679246097,-0.011565453474313113,0.1432323066229518,-0.06713835813749518,0.009696227724936984,0.09129352394548539,0.041450125458822026,-0.13926960435620547,-0.05973454772802751,-0.09709773703359277,0.06783438008063536,0.13469905218678674,-0.03416028467135777,0.18077188219965015,-0.033241493461151135,-0.019047198833274662,0.1381301373292694,-0.12650639378691433
29928,0.05924342079625236,-0.08596975086442007,0.015227662059118938,-0.06260761496688501,-0.015513786470384558,0.10902894272388927,-0.08101277958130691,0.03548796984361227,0.07573023631023214,0.04009855667000931,0.2317579967775418,-0.011222632051847958,0.2402295300099183,-0.062066357713760734,0.1171742891618372,0.1277021348084419,0.27645177409074045,0.05353832114862743,0.2986794545830147,-0.07743333393128356,0.08340784692659832,-0.07217907649418075,-0.022800587560623434,0.08436440396045425,-0.0597281554091221,-0.26239538459638656,-0.08183601456858688,0.04032960436201812,0.13036507404640787,0.11292096102600006,-0.0996629444151178,0.007846663201019496
80204,-0.04258948549722098,0.05308303763790751,-0.020976928181730522,0.08355646780347789,0.08926203726973854,0.08281059518755944,-0.0011799029117630251,-0.04250983827417466,0.06899451726373292,-0.004884587600021474,0.07115826766611891,0.01342689685155621,-0.04876921924246219,0.049699603587908606,0.08475783521457135,-0.1616746203740211,0.014752927707964509,-0.02626216538528412,0.02738666278316757,0.017095693429204733,0.14038660588702392,0.0677177183628637,-0.12955285615835588,-0.07642550790752574,-0.09493933156895679,-0.04922049591872714,0.1841750218239713,-0.07009325612778373,-0.12013121980744468,-0.04289359592805549,0.12987303648703852,-0.07207582871967601
64080,0.004207486716379829,0.009386440037627975,0.024217054816986213,-0.14168442703243958,-0.009323514787253339,-0.03383754602336292,0.2214648441176772,-0.002344033406675572,0.15611916359184158,-0.04904342261714238,0.06579477776632199,0.012497470625544528,-0.3813386530472692,0.05872365930581811,-0.1257820490901111,0.06780956873471514,0.13945866393489556,0.0631268857850979,0.1372205351368843,0.11998630490860689,0.04980340571557894,-0.014479157327168564,-0.054207884084389396,-0.2821154675062507,-0.05922084914919847,-0.043990462060343835,-0.1730114344565267,-0.11961546365297172,0.014858514731937264,-0.28152816500927336,0.004452646191735909,-0.09855273907714908
79094,0.03933568189078607,0.09441895799934698,-0.02444234251132838,0.13984667351704086,0.11743262416182236,-0.039144202422728265,0.06465680648751086,-0.07465029903544323,-0.11540452856274505,0.04037104983627522,-0.08325386027047241,-0.07631343062298047,-0.08481287602055482,0.07084012289964474,0.17527866197901526,-0.13374125120239602,-0.0884327839096332,-0.008679217907960047,0.07911232930743836,0.29614006708950624,-0.03595978095444549,-0.01910349464321308,-0.004956617179889959,0.0874120256194084,0.006790133602885035,0.07533805799102378,0.21823352263574702,-0.0022771618766349033,-0.11534545436696252,0.023119762183004454,0.0695475006432287,0.07928079647599247
4482,-0.23168994222209244,-0.1773212606392905,-0.08449791050875928,0.03454241335309172,-0.24084773854134608,0.17820744386019333,0.013995057456955761,-0.27585449097509646,-0.03325900908256844,0.029652162721338114,0.06441203306829565,0.15414595281292479,0.010895215444036087,-0.022526096372030013,-0.0360430504005136,0.1272419477146027,0.06159816490171135,-0.0014133562535583056,0.015296650292615569,0.10814990346489405,-0.00034271057338764593,-0.22669910568473656,-0.07553373623315089,0.307175471091558,-0.15467652602143558,-0.15504478948430742,-0.08125706715667504,0.23381598624565458,0.1710416995881639,0.21306430747880015,-0.03976999484918252,-0.07058254729355955
55008,0.03672903666733257,-0.012473224484278586,-0.03213387814502089,-0.09281107217693,0.08459553259701351,0.06628372881778852,-0.09942013882072832,-0.05083967149075405,-0.02241723707496532,-0.05490349273263685,0.06781386147396962,0.07901744185983955,-0.01282418545392188,0.03186610304129443,-0.019222134078534157,0.04597659238207578,0.07119399560743075,-0.014479095574136139,0.14483010029098078,-0.13845603627363384,0.024712189225589456,-0.011925261085864815,0.04877787179444485,-0.029659882696902406,-0.10891539480362933,-0.02292425803069084,0.02108505446498076,0.07976996630408563,0.06825359527155751,0.04212613060995913,0.0016847552618029452,0.04856885045545465
51001,0.0311603339607257,0.010383306377482696,0.06935831132966644,-0.026731288957184633,-0.10749599920411179,-0.03137396417960746,-0.03585100951526923,-0.10732781082704539,0.04021850133275639,0.1191808556216516,0.07406495899017043,0.044159055771594326,0.1592297180209218,0.009807172805674176,-0.008398919877061385,0.1692702460380163,0.06599594288152981,-0.07893286952807999,0.09349072834980882,0.21901465353323585,0.05673642944429576,-0.20130887658852648,-0.08800900150423403,0.10140116815118817,0.11789050789641492,-0.07577837110722468,-0.03338535242975501,-0.018431120034114637,-0.005424355251390308,-0.043068004934437146,-0.24928472064293417,0.07031570322285818
23536,0.012544811225234091,-0.0005734354848085525,0.11524492022483271,-0.022471476380985417,0.16512783233357728,-0.024320345392072257,0.05741880544081507,0.002732017503222966,-0.029902276650029234,-0.08199146191703333,0.05763475171261055,-0.12869187934674767,-0.0020288941145718835,-0.03761755403679967,-0.17332889012390162,0.13364736601576396,0.014758979749255392,-0.15051105079799768,0.17531519938667564,0.1685493977241695,0.017642930239068294,0.039454622557923896,0.05372345088362456,-0.18938509430353123,0.18735822334567173,0.14816703605572012,-0.1524604119645119,0.011307887247814528,0.120281830136724,-0.04671393021392,0.009014187967545391,0.04368477215100817
55033,-0.03153637332153146,0.07594910124749246,-0.11516785429013855,0.05442746595759202,0.09249875941088621,0.016553325837060123,0.07391518932628548,0.08778382509598104,0.05117788825053057,0.02712915514213198,0.0011625879656627614,-0.03360023997574518,0.11164138459522713,0.08664935657589286,-0.15998722115053612,-0.2211571606762956,-0.17376268252238813,0.05500807548603768,-0.2532126950281732,-0.15050836651857458,0.2645083023318826,-0.1280134828174214,0.05293422382178749,-0.05675841192040422,0.10213675799251969,-0.15873297780827533,-0.10590023877045288,0.029300517570694965,-0.1570600729362049,0.14572030832096497,-0.25103566482542744,0.024163555895820275
56924,-0.05097458248314886,-0.03228500002417205,0.004011035992515556,-0.015998736975478583,-0.01863991019111181,-0.005847508094258522,-0.05197746998116827,0.017178922909650576,0.02048541636095179,0.16365729152737413,0.0742247848139347,0.05093454831737975,0.06375683141999265,0.038538722534230074,-0.120276720767434,0.05288795584996487,-0.08006449415481845,0.032109716699698206,0.18246821062524043,0.05334273298963878,-0.02397626180377133,-0.00793931097904888,-0.03690996797009337,0.04292221134250924,-0.11676240744260731,0.1099549391164064,0.1811086952483878,0.05809466104871331,-0.03332113090080092,0.0237702092425356,0.02763232437076979,-0.14228809591830532
5716,0.11362737165750726,0.028758159827642227,-0.044409500032609864,-0.047673193691035766,0.09120211287457262,-0.01532053782176655,-0.02372032028297049,0.06488301998616278,-0.05834718816165138,-0.19153694571545352,0.18178518737343258,-0.08986513812597804,-0.09366808282414009,0.12416679933821345,0.14816508005488738,-0.07645888032735099,0.14062634091985632,-0.21455152724661122,0.047726729439204,-0.11477175806617171,-0.0736834431301766,-0.06447227198304592,0.04636899853553817,0.040930151513326615,-0.03008601070810683,0.22585886591714488,0.06419741283117762,-0.011202198950028122,-0.0364627752122566,-0.06174343729018613,-0.0950701955934529,-0.027502318659067323
26511,0.3246435831444599,0.14998540864228713,0.15389686092726185,0.06551139633324717,0.017325438695762575,-0.03194019407364605,-0.14952088591638388,0.08481973501544801,0.09747810833890153,0.1830637714097192,-0.3189067141210142,0.00035556380524923007,0.028649199721003705,-0.005446457299405901,-0.1946329045663301,0.11779110551048817,0.12413109576612844,-0.2502380471294406,0.048405809352623765,-0.30391466241621323,-0.11219069860987876,-0.0025601440621578877,0.06011469981583413,-0.02248839614933915,-0.08886781907000028,0.02274350953004019,-0.001548863743248587,-0.07409289976647011,0.11938057563482542,0.032094433685841514,0.026385964716722003,-0.12834715720418616
55604,-0.013255260913597805,0.022640828995214246,-0.07164099968972291,-0.19320963930562415,0.028413706380789456,-0.06353379600769085,-0.07011600610193038,-0.05423951374786813,-0.18333784515108556,-0.0014319691267175646,0.11868369651149893,-0.036914452734162544,0.09216281311245311,0.17025841186204763,0.02439998355622464,0.0902984982729659,-0.04209126564830621,-0.09284040481029873,0.07999950537514852,-0.31767953021653417,-0.019602382791233275,-0.010005652661040535,-0.04218107202498722,0.1197420169218066,0.054694670847587876,0.04722455822740195,-0.19371064249437797,-0.06682268570658842,0.14473991898623675,0.002232530838548575,-0.11778981264289849,-0.051258028603648115
80746,0.012286539035625045,0.17419807959700828,-0.09300639593448203,-0.03488600756472197,0.11202858657717764,0.04556486404255514,0.007142149348053339,0.05850650374650441,0.10005934997210238,-0.11927638948586634,0.07638026480752741,-0.01652492323069899,0.16655857776489444,0.12068495608865559,-0.004194750213226046,0.23505655669954031,0.384508981440927,0.13170529991369104,-0.14206050829666808,0.09299357627151122,-0.32410645378505154,-0.15557680846128197,0.07301956451381075,0.22465164765911236,0.39578654077702413,0.10465470552992964,-0.04373308346280915,0.11765965502958482,0.08668008005350646,-0.20066923116203633,-0.024196093373273133,0.17929628416277144
54807,0.01000818645716415,0.08393542919926783,-0.12235331304482472,0.026589269943234357,0.0717174003010718,0.04110936717128918,0.08011812735892616,-0.012516900006001905,-0.006755789072691931,-0.061460832560002135,0.02747074993579234,-0.0199921526541017,0.05212813637691102,-0.06685656262534595,-0.009666655424298492,-0.08982555796009355,0.10637959346102202,-0.0678534698554419,0.09974019614780595,-0.07321900514013138,0.015160616953913254,0.03330133845388393,-0.029064718272622626,0.08281489137511912,-0.09389871396434935,-0.08674864309224246,-0.12850248156160876,0.06583077902457062,-0.0730366309020835,-0.04971392497547732,0.07348443116811307,-0.02032751005454649
80758,0.132877704887208,0.28545367033612484,-0.04978585897723971,-0.10416991762293433,-0.15557775892099987,-0.03763378211105503,0.017953665276519593,0.08567007934999536,-0.2621370774286407,-0.054021577487377806,-0.17629572159889162,0.03676772514735784,-0.16250136304736756,0.010418232640720932,-0.012565222268183629,-0.058278032387625744,0.2020012206285679,-0.15147195677730935,-0.0020961009525996624,-0.14093143158053859,-0.16221974715825282,-0.16768515715357224,-0.09185056763346174,-0.20350599953954604,-0.30011263004639577,-0.005525963194827265,0.04934811931932962,0.13061909173295502,-0.11017718762146603,0.08257664516190874,0.1836127370088377,0.09389506751356817
54438,-0.058144617317280683,-0.011549277606190046,-0.006968978963076802,-0.041291522174661095,-0.020978854981403724,-0.034299399379075904,0.07794437842103699,0.03762032903263798,-0.07323741250471351,0.03342489216004291,0.022047588021203646,0.14513463415203365,0.005338134970473077,0.018940184600776316,-0.1557726629771086,0.12909490542756444,-0.05050416958706173,0.02794878160328918,-0.13438958490198868,0.016904075358896643,-0.06078853738325827,-0.057521190153384937,-0.011152025751716714,0.0952406323164868,-0.1317356957240845,0.11285979689980402,-0.08303684009264466,-0.10792694856211513,-0.05186553558039215,-0.016722711931985327,-0.19697054278365386,0.05450254059582475
6676,0.034097829041357226,0.07676217999837669,-0.01637114083621876,0.10115366803449696,-0.12740074385050662,-0.1779936920892757,0.025615876998956982,0.09445691271483815,-0.041267573052528046,0.028855548224369428,-0.10450391729992599,-0.08332579383868079,-7.471988533586307e-05,-0.06151382621567427,0.12988215951497611,-0.16100470157771937,0.09521153410343941,0.03633144071477053,0.046446546550131654,0.11069182119530611,-0.035585007895250646,-0.07469605247511367,0.0521539632738624,-0.11650611322580891,0.1193873211797,-0.04657518052406064,0.04223326155001459,-0.0015609131643273431,-0.0291502273542695,0.05719077737769293,0.08620447000976882,0.05104879079504247
57192,-0.07124817653676782,0.0021140330684507316,-0.06021913801973023,-0.09282055802806846,-0.004851103913078313,0.022335905671179938,-0.02471165352745784,0.07241911036893167,0.16725903188486832,0.03646007683957469,-0.0644116909240077,-0.03665634372453096,-0.11441371348396995,0.09519527125155411,0.023947996732498308,0.009497613013940543,0.024324913809728177,-0.04693063154402884,0.0729083878848969,0.04505992081582332,0.03426245878681374,-0.0688188328947319,-0.08923855588779117,0.042133098609914495,-0.08574717352129536,0.028190525556762772,-0.023632243799426845,-0.11365438907918295,-0.024016669601387774,0.05050263219381984,-0.002726168545462034,0.08460267159038636
51385,0.021731027067578384,-0.043574803453049045,0.05519777516749919,0.03867583699105276,-0.1920004923352326,0.03431496211842072,0.13573610891950158,-0.003714350612001752,0.07406590435935469,0.0526622342958599,-0.15502464362000506,0.0740777388065472,0.2615957379640572,-0.003044318310654311,0.05922979880636472,-0.06475189906428228,0.09642892301195784,-0.05791853767405731,-0.04533820746760528,0.1253418232203923,-0.12101734551128494,0.09613851718230168,-0.07650381635582547,-0.04647050319880568,0.22891056277148733,0.19528252162554058,0.0831947009141712,-0.09598379684832767,0.0325422225633197,-0.06937662834754174,-0.11193345637826567,0.10431418607573881
11182,-0.087169987250932,0.06541834776124134,-0.2648976738020911,-0.026298602901601676,-0.03288398832768523,-0.009500724526936814,0.33566927025229243,-0.007885970784737245,0.043226747403508334,0.008509322144769621,-0.003737040184791123,-0.35329133064236873,-0.0488943573359157,-0.00883356799844814,-0.004847629993954468,-0.151469777660735,0.05423936399593724,0.41940096951656564,0.5896943019324089,-0.2369498481456491,-0.14092365355659803,0.05135054698874157,0.011347544899625929,-0.21856152644664179,-0.18786883489157724,0.21970310937342905,0.17915380707044964,0.13672803732674182,0.23896658583582756,-0.1259107700825539,-0.07432397277054728,0.009888878369595585
63933,0.09547525221688621,0.20934017991283185,0.10389154910927939,0.03818118935088941,-0.05241996321866161,-0.07387096196421035,0.06745764262936287,-0.23846290390181085,-0.207787884360409,-0.19814187417675486,-0.06580350791372348,0.2444379758184375,0.317452327705191,0.007112667081442526,0.06600377239803505,0.08672737837745224,-0.03611333512956852,0.18089950908975574,0.1301595098911394,-0.009178359145179697,-0.03444310528836011,0.02077625963223085,0.1951600770494909,-3.719665765506324e-05,0.25544562702165846,0.019040114862010734,0.01125486687578437,0.23528921070568865,0.12611105164172914,0.12684050669757252,-0.17155831254007803,0.27112530119680056
54850,0.07386548919781229,-0.25333275949363676,-0.01031963029505691,-0.0891092265890531,0.015612380714795843,-0.3457727335207454,-0.0073660263912810765,0.09936272495569466,-0.06279631276296029,-0.1921822955088491,0.05857964515329864,-0.12252716583045352,-0.09822849989703175,0.2317207740718239,-0.05779965211424129,0.10550286764745724,0.005520848211101765,-0.09025812365766875,0.1175865143714218,-0.14755014255862234,0.03988451275760825,-0.057750771268444676,0.14331913653480974,-0.19520026090339712,0.12160893912256028,0.21980827480612397,0.01653083314364903,0.01641225276906279,0.15086461226506062,0.0006413761504736807,0.0946066054202216,0.3973769820622447
29916,-0.2859622408045827,-0.1698055340973351,-0.030528125705136598,0.16817603007204346,0.042568764079255715,-0.1703795649703999,0.035297877523067143,-0.2401577658803899,0.18617793052620726,0.17795348005282619,0.23133353892165967,0.08823137888678194,0.16990330655804664,-0.03446953694225648,0.2659255496186066,-0.061643215303951525,0.046307037623342054,-0.009821679785714422,-0.11079253213168105,-0.03156751508624434,-0.086095402288149,0.1844131309184603,-0.2689616532370007,-0.11759543467971224,0.001237225356749748,0.35790480167838884,0.10351845912363093,-0.0007317379593209539,-0.021715135238276766,0.05077177500741412,0.09334674925728594,-0.11465832223123351
55179,-0.1690592934103791,0.09790456202924208,0.021432986327316318,0.0922803982249845,0.09737023545721961,-0.0698503969856824,0.09499901235253955,0.08591524959159573,0.005592673026318085,-0.01280593788687644,0.019723843736937318,0.13865236967009617,-0.07813830790842423,-0.11580012282975989,0.08293144364208731,-0.019737344538634006,-0.06412866529888848,0.05090528122472454,0.04036882729160188,0.13965678516350064,0.05882079248042859,0.2774160158204706,-0.03480512480350382,-0.030835788893399326,-0.029352900166736567,-0.06533716326382147,-0.085175857119021,0.12484666334694676,-0.08217905887728445,0.16535350866937823,0.09354605223339298,-0.2795240047607879
29083,-0.03178316043408586,0.09463636413556359,-0.092558764857195,0.06969890516447329,-0.1588485831238575,0.18619983444518204,0.10013673590552431,-0.25489863495090886,-0.1167149416228596,-0.019919072596765112,-0.14567417128088897,-0.0710802828237702,0.0182226614885171,0.20819856555129795,-0.03918235187880433,-0.09449303534058043,-0.0155930702209785,0.11747705745937473,0.02364839086294029,-0.27435902921612343,-0.13752372936481644,0.23175046588977372,0.06512004922532542,0.20880467038893785,0.0068550047099848145,0.1530207812866249,-0.030054145459460887,-0.04435299066409107,0.2390347808753283,0.20587248424488308,-0.19996025530016673,0.1872137738092613
7099,-1.8432046022135825e-05,0.011158201219692172,-0.020043162860941724,-0.07120396330492829,-0.006761780292348111,0.0088570892145172,0.033344384160483444,0.04281448736822648,-0.05689737762652068,0.0553294392511442,0.12205065495690226,0.03537440643202764,0.018515940069107898,0.024302086355875274,-0.02034308355725937,-0.058164961257542155,-0.01523036528152484,0.04902272860781062,-0.053971444477370165,-0.01195413807175003,-0.06220092127312064,-0.03740446106578924,-0.008868123855302931,-0.007303955139261164,0.14696675463314468,-0.04114587148095777,0.08366283422389992,0.05314952674710604,6.50962401520074e-05,0.019737618962127466,-0.19378553099615753,-0.010003757159247548
79961,0.01041116542780366,0.09793514130354199,0.15747138929891663,-0.08165617815999986,-0.08158236408697168,0.09596915399580294,-0.04767144428848837,0.15827262528724473,-0.14870108865487772,0.05004739552599228,-0.00788799984574263,-0.10559311336027638,0.06736167746569433,0.13742731387233914,-0.1137213403190459,-0.058409328809848074,-0.05732635626539932,-0.0185894950267596,0.011263631746069204,0.13961060377355705,-0.15407614797262437,0.12745974460245021,-0.1782827516068542,0.03159105533884454,-0.02209725687433839,0.1801231362609841,0.09498080732917615,-0.015061209651134999,-0.05408903051645252,-0.21266545675148896,-0.030910135764113923,-0.12814402334937183
55825,0.10473341429532929,-0.382690796989147,0.01268389612095047,-0.12438268965788303,-0.1523388903218185,-0.10129402949453396,-0.046614156468150904,0.052032814883372525,0.1914576005478719,0.05549350892601314,-0.14619358711846736,0.03662606172771192,-0.04532929923022223,-0.13462515459602992,0.2206062748100636,0.15965059392291947,0.06951960417743575,-0.3354770275477271,2.1509125642658746e-06,0.1442688937590867,0.1082734090570716,0.18205728759793674,0.03525721481765724,-0.10052211059105023,0.17427999098151475,0.06135862458737197,-0.06221532184921573,-0.11215170056740972,0.1362171733834594,-0.008688452724963942,-0.030018540597957583,-0.14396222442204842
51742,-0.1251775245305242,0.01345244815907144,0.0423446949448342,0.1188010468969564,-0.1489257577126958,0.033887649838421866,0.14053234104627904,-0.07361084499739502,-0.07186207599522804,-0.0579485937405439,0.16650236262104356,0.13335637283686108,-0.1751901341626168,0.027535700798161936,0.08524414036973584,-0.07503386557131726,-0.007513368124233588,0.17763326089054135,-0.0851600705777754,0.037214318047110936,-0.007075643783241547,0.09034134878137252,0.087806357964811,0.2020058497472411,0.010275251250523976,-0.10329677045580982,0.0838390525588498,-0.05312881515311124,-0.0003477817321711706,-0.17179881046416032,0.13792098884161294,-0.04979944175145791
10818,-0.013121180712718524,0.08605425499496429,0.015428712407552463,-0.05270826500590234,-0.055515821062669994,0.15486701173336218,-0.16031338269542514,-0.0876786665070966,-0.1317072556628284,0.11304627179568888,0.12355571565242295,0.1293222312862789,-0.06572049356663281,-0.23494215161592066,0.011729547862424947,-0.10326699855282333,-0.11761245935155822,0.1259782077578648,0.17157401575515108,0.04507499721984545,-0.2069461751081895,0.08261082401292445,-0.23357246318331418,-0.22399240401602008,0.01619167106678985,-0.19011121977735126,0.04015405560331978,-0.24008516094684734,0.1540021690441754,-0.20927932344897368,0.15264597880314426,-0.06290001031784379
81533,-0.060948393726376095,0.17683568480616466,-0.18429547714797256,-0.05347160192613182,0.1548662823744302,0.014026577433059557,-0.070017547418024,-0.011874050905690194,0.06670142186929415,-0.005214150336782053,0.014466422791011641,-0.10865475094369506,0.03803036026800497,0.045038280839046985,-0.2887738714312037,-0.1050593651761545,0.06729412869231695,0.006056687664721689,0.11953129061342692,-0.15081209262999018,-0.04529045128310781,0.00830009191236497,-0.2129415270037308,0.08782309817023183,-0.28402974586586194,-0.032679393443060936,-0.13144249149143164,-0.1161923847094321,-0.09822267261644872,-0.039062422801692455,-0.12626220050071627,0.15945183821120248
665,-0.0026739345976204997,-0.03415146758169869,-0.04289676716277731,-0.02102452112377004,0.12180707976207332,0.03712587803503085,0.13205122662109195,0.09872097524636617,-0.14170188028924818,0.1586971841612223,-0.2581983868893903,0.20702471388041385,0.308703726066566,0.07240916987577975,-0.6381843654098931,0.1689965935439865,-0.2723426671466941,-0.11635983087023517,0.17084529427411985,-0.0785887785754716,-0.14036921212151998,-0.12252006600428299,0.09526271727498319,-0.07987498760844707,-0.11025266937490324,-0.2835279835173297,-0.16882481049160492,0.023217125409130946,0.17681731089329783,-0.0616228964629041,-0.0977777298036871,-0.1973961844544248
10776,-0.014342482023952576,-0.028966894772470005,-0.002523903771183703,-0.12090830316065744,-0.1153726691572167,0.04305167337292558,-0.16518844129458668,-0.04693298407926629,-0.05775634959647391,-0.06274251965120997,0.034546746605207276,0.1243564133938142,0.12132858392764936,0.0006171576416481195,0.0045059235650581194,-0.06902390690086828,-0.07143128153934661,0.08708013603379154,0.16652473182396527,0.05365070611489291,-0.07311579355393684,0.11911519708236704,0.03189731761392774,0.06770248066442212,0.0046425067165069035,0.05507740089839174,0.027926375594909774,-0.1869003251871608,-0.17665756829292442,0.11598874017597055,0.18810880473860747,0.02540702907035462
64422,0.07293250799267473,0.11701524332896213,-0.06076207397292089,0.04137749598098826,0.014515804534448321,-0.12507797293962217,-0.23806971410514452,-0.038684210980364335,0.06837622643754154,0.03154149647692702,0.04099694042441508,-0.10940886577403729,-0.1745515462166345,-0.14629871769705735,0.268927731947076,0.07399578172356588,-0.16409735204864065,-0.21397936571662013,0.01645438768993691,-0.021430700943207447,-0.09338339590628461,0.08839856839145084,0.031228121840424197,0.26905203273586353,0.13335750173285887,0.10422580212768273,-0.04291139301289069,-0.11043963625525315,-0.1913400317002046,-0.15039238382170292,0.028472786754232007,-0.17984655057469115
10813,-0.16842337045016853,-0.13560495927028746,0.12721431667188718,-0.30207872535581404,0.09019600471887393,0.397655957447874,-0.13349997680362238,-0.1983043134826117,-0.047823388357392214,0.04800769458397453,-0.04306797946280499,-0.2509821092677251,0.09744602209667105,-0.3208411024626402,0.431625394924471,0.12934678823567367,-0.16488187038869956,-0.14299736889258546,0.022180458611968167,-0.0073592158538935215,-0.24531677498489737,0.13974100315048796,0.16033173024394864,0.01680897576376976,-0.29084772385518837,-0.05310776534381977,-0.5014284223171931,-0.048059661829593925,-0.2456576650305424,-0.15322460985705535,-0.030956342886611192,-0.36519884653313706
80349,-0.12610717474944788,-0.12041746164576955,-0.1456675445569151,0.17076071457527575,-0.05844998766346609,0.1911784310132452,0.06177745571324594,0.04301947982134841,-0.3249863618800812,0.005033892434729261,-0.0005770608544485257,-0.07841917454271485,-0.08524136305823969,-0.3052527927642569,0.02873761173565827,0.11919895697847707,0.005988375182776975,0.09654382826598665,-0.05873961513290142,-0.09939213023992081,0.12760240045828894,-0.03885206585598488,0.08205842523396464,0.06581078545986672,-0.10860614512156246,-0.19234448445447427,0.1757061087947724,-0.2786650776494026,0.19880474734086473,0.12039053708599502,0.023114621384500145,-0.06313224839883083
1978,0.13531377582832574,-0.31542771961912885,-0.1481282982594077,-0.04448903443250545,0.10833477016546696,-0.009689419439151036,0.1526708056370713,0.4635747688937488,-0.28164560917347076,-0.19874677607465574,-0.38524634015031045,0.4550091582122034,-0.2850429905033581,0.20683174964131593,-0.22684691518323719,0.35791610531809315,-0.5877629665407699,0.18835153157766912,-0.24365135762379986,0.04575478199437762,-0.07041974206576691,-0.19794176530328667,-0.0961223828908799,-0.22727268471736528,0.11333213951631414,0.43636974988437954,-0.25743930357822414,0.017848418065754892,-0.1049861131378956,0.10274182172516114,0.5180470822665605,-0.13319871350269458
83743,-0.058626845823365706,0.22674310700474115,-0.21561803984367517,-0.05535664318904627,-0.12197660852211051,-0.3413622852240074,-0.25656322331267084,-0.12474379935589093,0.010172959948246166,0.32074563555783636,-0.3204882730668052,0.08402927007123863,-0.04324638665161328,0.18442080715739584,-0.0700360123552162,0.005109362050723419,-0.16529185410252656,0.00865173541056114,-0.06154867945983547,0.009960064987185484,0.00625360831174217,0.0659678033814639,-0.10423489244810841,0.21948790129482412,0.13642328187777725,0.07852170794281581,-0.03242368738931943,0.026193117815995485,0.12326220363111631,0.03863312047529636,0.05913394992407191,0.008544022258482532
57406,-0.17477167397913818,0.04880799229146788,0.09020173253553605,-0.041598965119884715,-0.026159850057758893,0.07739005330543398,-0.06600630936051843,0.04152281144598879,0.08250915035829727,0.14381357153590693,0.0226813138984857,-0.11530772172022764,0.10624818286857791,-0.051836367498490056,0.05534547606577875,0.15171264244257557,0.09097383299250152,-0.005769672951027427,0.14873786852451873,0.08046653269296439,-0.02537371803661087,0.006381826142890026,0.01872535993528127,-0.008335652884586885,0.04798765992427334,-0.020923621386698194,0.08636764050764999,0.021725741885177518,0.091124443078187,0.06787621531612964,0.1595152328097857,0.05915062998816537
23410,0.05341750366375526,-0.050980771902927914,0.13405135778517233,0.09004412152471468,-0.03362015500526681,0.018655090419190962,-0.030321472656115026,0.1260022267820896,0.08873163193211361,-0.0019163146526318705,-0.1040185122212683,0.03431059299646081,0.02498838821779451,-0.12903946032576133,0.08248509113495797,0.07329241767574805,0.15786084436065098,-0.03226209624355488,0.03347935221949489,0.12242584670516596,-0.1764512455403082,0.06492065134219134,0.07895562733201995,0.10399920507679719,0.12925661010203393,0.06333985137293832,0.11710659113847234,-0.057528907995856096,-0.08033062848355285,-0.034083149931550934,0.07999950850776402,-0.03162865946494213
8996,-0.18188933221425557,-0.08978612182378794,0.054585703327194285,-0.109575344995864,-0.1380613687476387,0.10504716367639469,-0.25792894242468845,0.09390971704631869,-0.07139889137559147,0.14908157977770484,0.04727019555061554,0.1032024125356255,-0.05783282226888506,-0.027984622496664665,0.01443227604453746,-0.2970114345078649,0.28373485839278306,-0.15562189083203415,0.001647341196461429,-0.2033125387131096,0.0894600681377583,-0.08833586038278952,-0.14784928743165415,-0.04527195895958629,-0.08665032300003175,0.20511616287950732,-0.17938862860254096,0.06381503541688537,0.1093449968255371,0.08095555631595062,0.1889314247391606,0.09226696288827956
55620,0.0367450714266419,-0.12162647499570294,-0.09173399632254209,0.33253675686860934,-0.08585942361238014,-0.07133286697157774,-0.1089375688534322,0.1378327920913415,-0.04013321884736519,0.17200137752059932,-0.07667513561738182,0.03525599691556636,-0.041801150642268005,-0.08621226565212521,0.06121066577519984,-0.08744851032702566,0.1480328238041453,-0.08490451475301865,0.06158562355339754,-0.09226263858082465,-0.05133022487435162,-0.023225831408760576,-0.13503413557879673,0.046504305635521374,0.05348193683848565,-0.03153840045416541,-0.017886927296902402,-0.04398440238525169,-0.11342402727432752,-0.271429307954559,0.2123816768952282,-0.0885565173180012
23597,0.09939139338808804,0.14405820122249793,0.05944898669806079,-0.1240560267267257,0.20892108970275552,-0.08403954089272295,0.12950417896130217,0.06914655162737231,0.13307508322933992,-0.06127581335483552,-0.10453212613630351,0.0584589515174969,0.10021844437414175,0.06546927119502842,0.042252354807717815,-0.14445266026077222,-0.06143915380817932,-0.00032845287414101073,-0.054497841863312864,0.3233391052871267,0.08241350705899614,-0.01848001989103835,-0.031004411669541702,0.008401986284645193,0.15026306732323144,-0.1162718166080947,-0.12366638197392012,0.07437562662169334,-0.05984587156007748,0.15269708449599886,-0.05082376972577993,0.03520311245004172
124583,-0.0711590820460553,-0.044004074377586265,0.028763627197186982,-0.020315296150799956,-0.1382565570717504,0.09036115038083516,-0.12500011200784414,0.018534618138186222,-0.04237038490449881,0.07676844250167958,0.0887851218046892,-0.06048715456040315,0.06397329197160123,0.12468368583099354,0.04543386319596642,0.04925798973776862,0.14322818460084744,0.007530913608150369,0.04247742157662093,0.05409126190036539,-0.10827412076139087,0.05963391832303746,0.099731354629161,0.09056783109060967,0.015027186501743058,0.02577946408943236,-0.07816894674494825,-0.059179269497702906,-0.0916423143276404,-0.06576801389379683,0.027618346734837186,-0.07950354863221494
54915,-0.01801672028295201,-0.03047686879790367,-0.11424875483048326,-0.057278461239183946,-0.006001797773215078,-0.10772505337311138,0.016458680694689153,-0.09852124288172791,0.07440950478583169,0.14590278445147203,0.10689842964275276,0.13552789284595104,-0.005236718046599837,-0.14429744338693182,-0.07477744830886769,-0.05791766977033967,-0.0070757708922662916,-0.06848130800369957,-0.011065584714253075,-0.1294679770416432,0.33432114792283574,-0.0228525646946579,0.13386535598667504,0.023198158394806913,0.029240203750454188,0.05258828588845321,-0.02320273390690223,0.03360834612546833,-0.06612259520813657,-0.038239609900398236,-0.027884241713108007,-0.15443295719522387
3157,-0.13047995188916967,0.007402141564492974,-0.04563718472157374,0.01017778683978851,0.05037488883786661,0.005410522979625906,0.13099512372978656,-0.00033214341197839516,0.04105020303072351,0.2718012952095902,0.06483064510534794,-0.0532927896625366,0.1135096446210551,-0.20499864534671028,0.0356176602905419,-0.14847770160792104,0.019028231230396406,0.03532015431022905,0.08048226564017512,0.03931362289980093,-0.03411576576094844,-0.08035121064731332,0.07082224370667038,0.1461427484834755,0.09222109858944115,0.07525914136533264,0.007099736704656477,0.17126168379377105,0.02920847263363915,-0.03664414545294063,0.027603550182821263,-0.1828450217989365
85377,0.01065485779182121,0.038912153256341085,0.029471250258192215,-0.04089758850842454,-0.05304833672360282,-0.0032419449032078267,-0.030012292423725898,0.0032108593971075404,-0.0012022738758071594,-0.06969056105289641,-0.10614364164343439,0.03448687008638934,-0.12899250411443625,0.138597292387991,0.11863832273271144,-0.1316722288866818,-0.09479529643384384,0.029618549456343086,0.01970449331835225,-0.04802442398325186,0.018229345860629177,0.08916144804608463,-0.04512765821160471,-0.06097467512469718,0.10552815380621094,0.02889326689991619,-0.12391347420685356,-0.13014980154507624,-0.09224905077918895,0.028197209235174308,0.13724168003574394,0.037604209866852076
55793,0.055360775638619915,0.021620771571783725,-0.08576733255345523,0.11681040283263498,-0.12325083191895046,-0.176068453530762,0.1009701954312221,-0.1554833047935893,0.29790162792404534,-0.14355732085876244,0.10139798097808407,0.01828392407860241,-0.07928886845512848,-0.0358409784639885,-0.08905152249975913,0.01553250218208959,0.044787317784718735,0.03526507391582567,-0.021875684934502544,-0.2035054872287571,0.024086604234786525,0.252846921797872,0.07397639538325762,0.05555134594850767,0.0354929769204628,-0.03079445796796384,0.003139402213949601,-0.048561997334346324,-0.23438596333368525,0.003824406820005821,-0.13246426250402007,0.04331655017371679
466,0.03997613171180408,0.47355581726213186,-0.24114225251721125,0.005684248328533649,-0.16762359450587627,-0.1845205946572866,-0.09795468149263033,0.29711499162404925,0.10474259000512345,0.22488028532737242,-0.2569022367120558,0.14212989286626898,0.1712536491705775,0.07431229174389105,0.41336980039142546,-0.24778819443702016,-0.15637004225467102,0.14496473807518812,0.004201450604400759,0.15436315781626683,-0.05565348152021706,-0.1456860705099132,0.1313072545247313,-0.19178140377365688,0.12661068415448357,-0.2178945209714923,0.095150647880264,0.015774181616477218,-0.15882939455076237,-0.19493180405018556,0.12236792725930834,0.03293310965440765
54681,0.015908091011175265,-0.02867475591090437,-0.015515075536617559,0.017714932717329126,-0.06012904424393593,-0.09295940602906684,0.27863924464995,0.1403847807155625,0.09690612705998992,0.1929309324078725,0.12290869538029245,-0.06311376664679207,0.05603783112720223,-0.054064808305613915,0.026774071028582924,-0.0897273188306541,-0.3178372152869642,0.03581382071216905,0.04273359691884638,0.004419262359714593,-0.1016595838298994,-0.09366119931228045,0.07728696818602185,-0.031127354881820463,-0.1730451708957967,0.23369452500271956,-0.013667029622981317,-0.09604760906004926,0.09767623088168058,-0.12129580886752082,-0.09486874171577629,-0.19608380124062597
11000,-0.02916082553576567,0.18075760462042978,0.058518985715712575,0.01813798009333816,-0.05290352321359249,-0.29638492678252326,0.022390810235106966,0.04931748174162988,0.15392202129390478,0.045331749603494925,0.1100401887065049,-0.13835485404911832,0.027498272088060167,0.11844415009446081,0.011178508076361905,-0.08402446055943132,-0.05293657577514679,0.12894753262181355,0.17872719613967636,-0.011812284999172739,0.018473498677636736,0.1518824678561077,-0.17726694809216537,-0.24357119582472292,-0.11914909233742937,0.05624405483779761,0.02311610393009853,0.2222192557924061,0.09487150717939194,0.034686054950123994,0.1887476935378193,0.07340684208431099
6915,0.09026568236810166,0.15672732442464254,-0.029779560424984707,-0.06992467487908016,0.09589032638703635,-0.06885393902722935,0.01666756959715905,0.07751332131328294,0.035555455126005046,0.01770154776111884,-0.21588763410803263,-0.02570887090317238,-0.17594301309579324,-0.09637469657797698,0.09181830588863658,-0.017100798425526993,-0.07914924135963787,-0.16243714990125696,-0.11690467099515255,-0.23885876724521946,0.011345051834947729,-0.07067407920952504,-0.11040868727098706,0.18801702216185787,0.004248659574194075,0.1787850496984309,-0.1273478853476904,-0.13063873715390364,-0.0500334852805484,-0.1879359423982881,0.1350185420234965,0.058226150142846024
6253,-0.22124981252444115,-0.08747496425159096,-0.008660936763808628,-0.16693712022441903,0.08181604745600327,-0.10778688757598434,-0.07645915552162663,0.29031798268143755,-0.2674979622011952,0.21237782436779076,-0.19626336288814442,-1.7336013696538242e-05,0.14560332433123727,-0.051275311157750025,-0.04027282872248185,-0.18623810737060068,-0.016597155498972317,-0.055523306115748745,0.16811667824753443,0.28401946693551755,0.14070522805819943,0.007877253851562113,0.12560124808304227,-0.023074756876269552,0.11777110280154386,0.08829707771491357,-0.3131546215009288,0.2385488497073143,0.18738477598531336,0.14639147162838406,-0.009820403936696035,-0.013147902041691353
7264,0.07203955787148036,-0.20824896879063165,-0.11637009209891379,-0.13273683045121118,-0.08742884352073921,0.09934565613628074,0.1167323514936696,-0.06494193871057073,-0.08261516079419942,0.30140475802400607,0.09537847946517272,-0.24969079568172314,-0.13291835956955037,-0.15895244739096429,0.10494330031253267,0.044123057307734075,0.04194603886920392,-0.11821727797869422,0.249927589503021,0.028486100322787797,0.07071591238921403,-0.13004590803888966,-0.004069132989617857,-0.021063748121992975,0.1901884566172396,0.14766684175725375,-0.004348194392278197,0.0077188589042471115,-0.12782075602557666,-0.007082269230659906,-0.3172349656413297,-0.15488056659530663
5467,-0.0692613964051217,0.16301330760796398,0.06035340473972026,-0.06470866467481833,-0.12319550264832298,0.24876808601568842,0.08463950697143643,0.13840021881292439,-0.13283294726461764,-0.05041135072563309,0.15925314334583018,-0.07081922665168748,-0.15988696482644454,-0.08434084136771877,0.006280120195930291,-0.09628346214199,-0.12996537833922164,0.04885499452555575,-0.08070047299550163,-0.009472687351171759,-0.04973856657934059,0.09390943845179565,-0.13302597300447044,0.015496024059108706,-0.18596626370256672,-0.17366817742785623,0.1850498799065359,0.20631962487771502,-0.29203109315322556,0.20389299432409444,-0.15027329911979762,0.17458018861208513
2767,0.02046915013427505,-0.032339969129576665,-0.014021681791443657,-0.2649408401193662,-0.05991441088746304,-0.0814223673780852,0.17903999729300807,-0.11181920972447632,-0.05694700814496356,-0.08431920486919836,0.25460415910508455,-0.35416668748543134,0.1617911340585142,0.29437816476999507,0.22088604473765316,-0.12154193894936453,-0.036694037287028074,-0.31550535174295735,0.03662427386715454,-0.024540833621344568,-0.29626278078083595,-0.00542919419819367,-0.1619367223786283,0.17993552085027284,-0.1122734682494346,-0.049876084341698435,-0.13801588684762697,-0.13805739572842377,-0.11600358102391972,-0.15697533273698436,-0.028824124373682824,0.12155646162859417
23038,0.05474987027971066,-0.0748232810988551,-0.10670463946247188,0.08377161647723903,0.10001827552761687,-0.05870693976267097,-0.14122263537899493,-0.10949962764578876,0.04321491397453341,-0.07165984767919029,-0.045003807148003824,0.011861949459432334,0.09586767041662964,0.05845153009670119,-0.07874616751406256,0.08134269162007145,-0.20329061138363702,-0.0010511060444256233,0.1685956143537291,-0.03064303876516387,0.04213275305930617,-0.12037154506022575,0.1889328448331603,-0.005014721971407453,-0.07453973689581216,-0.15578397283195045,-0.06757118261565913,-0.0679456641394912,0.03337042963259569,0.1605946140211409,0.18333796307761174,0.20854811797067505
57048,-0.09404800137991991,0.08721651204601404,0.1413315369536403,-0.006696614426626249,-0.006396749828260455,0.08557387173890345,0.05428245096516434,0.014140579483098237,0.02569524671313143,-0.0008610429213012262,-0.011965395575551915,0.1100826640569416,-0.05200868974944686,-0.13151452755260254,-0.05182443516744611,-0.0545125816295134,0.20485672125131346,-0.07493257852822968,0.035474291274273595,-0.06986782392666643,0.012550670883925742,-0.009778593172535259,-0.20924238901011338,0.044028816996363705,0.05830260778343453,-0.017052258343020987,-0.019376226571678767,-0.0896956556486286,-0.06832381432282185,-0.06307634415461676,-0.02293317552773743,-0.13097590078586752
79716,0.043739816638722895,-0.10350191225475812,-0.011178581558563211,0.15192146556063524,0.1159889521851129,0.20624933464616174,-0.10807082464301693,-0.0356882845424947,0.18042878355963432,-0.05620229746297774,0.035371419192665066,0.0821308147289442,-0.14561178372499756,0.337676006303789,-0.01723093536297907,-0.03998926275931999,0.06094710476419553,0.19119314918236027,-0.22749075542179645,0.014054525630120582,0.0505839513754205,0.09017486292957697,0.086444422718934,0.31014141456046723,0.04689921678547641,0.13920490879275696,0.18211468329604907,0.07488805367381182,0.14647130314286844,-0.06480860120189627,0.4118702851382017,-0.030151957982071785
