pert_id,rna_plate,average_precision,top1_correct,top5_hit,split,method
BRD-K55127134,ASG001_MCF7_6H_X2,0.04283473779390097,0.0,0.0,validation,filzen_continuous
BRD-K88378636,ASG001_MCF7_6H_X2,0.26038579391176103,1.0,1.0,validation,filzen_continuous
BRD-A06352418,CPC004_MCF7_6H_X1,0.03130631835461258,0.0,0.0,validation,filzen_continuous
BRD-A09056319,CPC004_MCF7_6H_X1,0.03261621455447794,0.0,0.0,validation,filzen_continuous
BRD-A25234499,CPC004_MCF7_6H_X1,0.17518061475667432,1.0,1.0,validation,filzen_continuous
BRD-A29734509,CPC004_MCF7_6H_X1,0.027050135846781617,0.0,0.0,validation,filzen_continuous
BRD-A42759514,CPC004_MCF7_6H_X1,0.08125238980987388,0.0,0.0,validation,filzen_continuous
BRD-A64977602,CPC004_MCF7_6H_X1,0.025257976713059557,0.0,0.0,validation,filzen_continuous
BRD-A66559694,CPC004_MCF7_6H_X1,0.024236969863703064,0.0,0.0,validation,filzen_continuous
BRD-A91699651,CPC004_MCF7_6H_X1,0.04472938373113425,0.0,0.0,validation,filzen_continuous
BRD-A97701745,CPC004_MCF7_6H_X1,0.042902640554422146,0.0,0.0,validation,filzen_continuous
BRD-K25224017,CPC004_MCF7_6H_X1,0.06260035799649573,0.0,0.0,validation,filzen_continuous
BRD-K28307902,CPC004_MCF7_6H_X1,0.04609229460946369,0.0,0.0,validation,filzen_continuous
BRD-K30240666,CPC004_MCF7_6H_X1,0.021541787501226612,0.0,0.0,validation,filzen_continuous
BRD-K37991163,CPC004_MCF7_6H_X1,0.023399381890984977,0.0,0.0,validation,filzen_continuous
BRD-K39987650,CPC004_MCF7_6H_X1,0.1029157029061917,0.0,0.0,validation,filzen_continuous
BRD-K46937689,CPC004_MCF7_6H_X1,0.027000260254752533,0.0,0.0,validation,filzen_continuous
BRD-K54233340,CPC004_MCF7_6H_X1,0.917037507946599,1.0,1.0,validation,filzen_continuous
BRD-K60762818,CPC004_MCF7_6H_X1,0.05115264547326248,0.0,1.0,validation,filzen_continuous
BRD-K68507560,CPC004_MCF7_6H_X1,0.028202680236453937,0.0,0.0,validation,filzen_continuous
BRD-K79131256,CPC004_MCF7_6H_X1,0.05591925658361021,0.0,0.0,validation,filzen_continuous
BRD-K86301799,CPC004_MCF7_6H_X1,0.03486641293518667,0.0,0.0,validation,filzen_continuous
BRD-A06352418,CPC004_MCF7_6H_X2,0.06978994570354134,0.0,0.0,validation,filzen_continuous
BRD-A09056319,CPC004_MCF7_6H_X2,0.044235699240047346,0.0,0.0,validation,filzen_continuous
BRD-A25234499,CPC004_MCF7_6H_X2,0.10018574269337045,0.0,0.0,validation,filzen_continuous
BRD-A29734509,CPC004_MCF7_6H_X2,0.06286530055794198,0.0,1.0,validation,filzen_continuous
BRD-A42759514,CPC004_MCF7_6H_X2,0.08090979286115423,0.0,1.0,validation,filzen_continuous
BRD-A64977602,CPC004_MCF7_6H_X2,0.04509251171783736,0.0,0.0,validation,filzen_continuous
BRD-A66559694,CPC004_MCF7_6H_X2,0.07566891569075285,0.0,1.0,validation,filzen_continuous
BRD-A91699651,CPC004_MCF7_6H_X2,0.05159415501286455,0.0,0.0,validation,filzen_continuous
BRD-A97701745,CPC004_MCF7_6H_X2,0.056578236265468866,0.0,0.0,validation,filzen_continuous
BRD-K25224017,CPC004_MCF7_6H_X2,0.04827621672055191,0.0,0.0,validation,filzen_continuous
BRD-K28307902,CPC004_MCF7_6H_X2,0.0468560325599384,0.0,0.0,validation,filzen_continuous
BRD-K30240666,CPC004_MCF7_6H_X2,0.026455796125100628,0.0,0.0,validation,filzen_continuous
BRD-K37991163,CPC004_MCF7_6H_X2,0.03263596400598958,0.0,0.0,validation,filzen_continuous
BRD-K39987650,CPC004_MCF7_6H_X2,0.3301320853405338,1.0,1.0,validation,filzen_continuous
BRD-K46937689,CPC004_MCF7_6H_X2,0.02595427083884701,0.0,0.0,validation,filzen_continuous
BRD-K54233340,CPC004_MCF7_6H_X2,0.9161172857097621,1.0,1.0,validation,filzen_continuous
BRD-K60762818,CPC004_MCF7_6H_X2,0.06929383255008573,0.0,1.0,validation,filzen_continuous
BRD-K68507560,CPC004_MCF7_6H_X2,0.04701239239070551,0.0,0.0,validation,filzen_continuous
BRD-K79131256,CPC004_MCF7_6H_X2,0.04920560692894784,0.0,0.0,validation,filzen_continuous
BRD-K86301799,CPC004_MCF7_6H_X2,0.02793696205604825,0.0,0.0,validation,filzen_continuous
BRD-A06352418,CPC004_MCF7_6H_X4,0.06397546754859397,0.0,0.0,validation,filzen_continuous
BRD-A09056319,CPC004_MCF7_6H_X4,0.04344799101345145,0.0,0.0,validation,filzen_continuous
BRD-A25234499,CPC004_MCF7_6H_X4,0.026940173074240528,0.0,0.0,validation,filzen_continuous
BRD-A29734509,CPC004_MCF7_6H_X4,0.042129338768796466,0.0,0.0,validation,filzen_continuous
BRD-A42759514,CPC004_MCF7_6H_X4,0.10387058825108793,0.0,0.0,validation,filzen_continuous
BRD-A64977602,CPC004_MCF7_6H_X4,0.14127099355061937,1.0,1.0,validation,filzen_continuous
BRD-A66559694,CPC004_MCF7_6H_X4,0.11910861979317927,0.0,1.0,validation,filzen_continuous
BRD-A91699651,CPC004_MCF7_6H_X4,0.04357849652335983,0.0,0.0,validation,filzen_continuous
BRD-A97701745,CPC004_MCF7_6H_X4,0.05975409470338012,0.0,0.0,validation,filzen_continuous
BRD-K25224017,CPC004_MCF7_6H_X4,0.03982883885830261,0.0,0.0,validation,filzen_continuous
BRD-K28307902,CPC004_MCF7_6H_X4,0.030750514091067122,0.0,0.0,validation,filzen_continuous
BRD-K30240666,CPC004_MCF7_6H_X4,0.04004445399610535,0.0,0.0,validation,filzen_continuous
BRD-K37991163,CPC004_MCF7_6H_X4,0.026476907338835582,0.0,0.0,validation,filzen_continuous
BRD-K39987650,CPC004_MCF7_6H_X4,0.25709619024088187,0.0,1.0,validation,filzen_continuous
BRD-K46937689,CPC004_MCF7_6H_X4,0.056991956558432595,0.0,1.0,validation,filzen_continuous
BRD-K54233340,CPC004_MCF7_6H_X4,0.7526378849908262,1.0,1.0,validation,filzen_continuous
BRD-K60762818,CPC004_MCF7_6H_X4,0.027850796139491842,0.0,0.0,validation,filzen_continuous
BRD-K68507560,CPC004_MCF7_6H_X4,0.041076214630454216,0.0,0.0,validation,filzen_continuous
BRD-K79131256,CPC004_MCF7_6H_X4,0.05865195683639071,0.0,0.0,validation,filzen_continuous
BRD-A06352418,CPC004_MCF7_6H_X5,0.03244654822486395,0.0,0.0,validation,filzen_continuous
BRD-A09056319,CPC004_MCF7_6H_X5,0.03658908598976018,0.0,0.0,validation,filzen_continuous
BRD-A25234499,CPC004_MCF7_6H_X5,0.07676300170751295,0.0,1.0,validation,filzen_continuous
BRD-A29734509,CPC004_MCF7_6H_X5,0.037279093529368756,0.0,0.0,validation,filzen_continuous
BRD-A42759514,CPC004_MCF7_6H_X5,0.07381287840306452,0.0,0.0,validation,filzen_continuous
BRD-A64977602,CPC004_MCF7_6H_X5,0.03370435010754618,0.0,0.0,validation,filzen_continuous
BRD-A66559694,CPC004_MCF7_6H_X5,0.04912200930912672,0.0,0.0,validation,filzen_continuous
BRD-A91699651,CPC004_MCF7_6H_X5,0.04695681606563684,0.0,0.0,validation,filzen_continuous
BRD-A97701745,CPC004_MCF7_6H_X5,0.06827801184547075,0.0,1.0,validation,filzen_continuous
BRD-K25224017,CPC004_MCF7_6H_X5,0.025887689412433683,0.0,0.0,validation,filzen_continuous
BRD-K28307902,CPC004_MCF7_6H_X5,0.040493047381190674,0.0,0.0,validation,filzen_continuous
BRD-K30240666,CPC004_MCF7_6H_X5,0.023779337944705624,0.0,0.0,validation,filzen_continuous
BRD-K37991163,CPC004_MCF7_6H_X5,0.032169578717060464,0.0,0.0,validation,filzen_continuous
BRD-K39987650,CPC004_MCF7_6H_X5,0.02172429401659544,0.0,0.0,validation,filzen_continuous
BRD-K46937689,CPC004_MCF7_6H_X5,0.04951123626154048,0.0,0.0,validation,filzen_continuous
BRD-K54233340,CPC004_MCF7_6H_X5,0.24165778896954332,0.0,1.0,validation,filzen_continuous
BRD-K60762818,CPC004_MCF7_6H_X5,0.056605405744468124,0.0,0.0,validation,filzen_continuous
BRD-K68507560,CPC004_MCF7_6H_X5,0.04487231151127133,0.0,0.0,validation,filzen_continuous
BRD-K79131256,CPC004_MCF7_6H_X5,0.0484586160632531,0.0,0.0,validation,filzen_continuous
BRD-K86301799,CPC004_MCF7_6H_X5,0.03816079675848013,0.0,0.0,validation,filzen_continuous
BRD-A47598013,CPC005_MCF7_6H_X1,0.02355112650070977,0.0,0.0,validation,filzen_continuous
BRD-K11129031,CPC005_MCF7_6H_X1,0.04687751671531095,0.0,0.0,validation,filzen_continuous
BRD-K55127134,CPC005_MCF7_6H_X1,0.04202603159891093,0.0,0.0,validation,filzen_continuous
BRD-A47598013,CPC005_MCF7_6H_X2,0.037025112936158754,0.0,0.0,validation,filzen_continuous
BRD-K11129031,CPC005_MCF7_6H_X2,0.019956433820581612,0.0,0.0,validation,filzen_continuous
BRD-K55127134,CPC005_MCF7_6H_X2,0.019011724357614168,0.0,0.0,validation,filzen_continuous
BRD-A47598013,CPC005_MCF7_6H_X3,0.04461177846038003,0.0,0.0,validation,filzen_continuous
BRD-K11129031,CPC005_MCF7_6H_X3,0.07490613142969563,0.0,1.0,validation,filzen_continuous
BRD-K55127134,CPC005_MCF7_6H_X3,0.07170418219380956,0.0,0.0,validation,filzen_continuous
BRD-A47598013,CPC005_MCF7_6H_X5,0.038502668445764825,0.0,0.0,validation,filzen_continuous
BRD-K11129031,CPC005_MCF7_6H_X5,0.042371670668962635,0.0,0.0,validation,filzen_continuous
BRD-K55127134,CPC005_MCF7_6H_X5,0.0807141919733373,0.0,1.0,validation,filzen_continuous
BRD-A91699651,CPC006_MCF7_6H_X1,0.04695332316802319,0.0,0.0,validation,filzen_continuous
BRD-K01292756,CPC006_MCF7_6H_X1,0.02759465588079887,0.0,0.0,validation,filzen_continuous
BRD-K36927236,CPC006_MCF7_6H_X1,0.05097378206471696,0.0,0.0,validation,filzen_continuous
BRD-K54233340,CPC006_MCF7_6H_X1,0.7968434343434342,1.0,1.0,validation,filzen_continuous
BRD-K68143200,CPC006_MCF7_6H_X1,0.025310699459543638,0.0,0.0,validation,filzen_continuous
BRD-K80738081,CPC006_MCF7_6H_X1,0.061157686504214694,0.0,0.0,validation,filzen_continuous
BRD-K96354014,CPC006_MCF7_6H_X1,0.06905975863363406,0.0,1.0,validation,filzen_continuous
BRD-A91699651,CPC006_MCF7_6H_X2,0.045773890928654644,0.0,0.0,validation,filzen_continuous
BRD-K01292756,CPC006_MCF7_6H_X2,0.15422873976283735,1.0,1.0,validation,filzen_continuous
BRD-K36927236,CPC006_MCF7_6H_X2,0.04783843590998899,0.0,0.0,validation,filzen_continuous
BRD-K54233340,CPC006_MCF7_6H_X2,0.8986044657097291,1.0,1.0,validation,filzen_continuous
BRD-K80738081,CPC006_MCF7_6H_X2,0.044307916348686166,0.0,1.0,validation,filzen_continuous
BRD-K96354014,CPC006_MCF7_6H_X2,0.04559446684593161,0.0,0.0,validation,filzen_continuous
BRD-A91699651,CPC006_MCF7_6H_X3,0.05558553416679354,0.0,0.0,validation,filzen_continuous
BRD-K01292756,CPC006_MCF7_6H_X3,0.04566622959549558,0.0,0.0,validation,filzen_continuous
BRD-K36927236,CPC006_MCF7_6H_X3,0.03668063192342098,0.0,0.0,validation,filzen_continuous
BRD-K54233340,CPC006_MCF7_6H_X3,0.8737068487068487,1.0,1.0,validation,filzen_continuous
BRD-K68143200,CPC006_MCF7_6H_X3,0.02969100051840018,0.0,0.0,validation,filzen_continuous
BRD-K80738081,CPC006_MCF7_6H_X3,0.04363204183283,0.0,0.0,validation,filzen_continuous
BRD-K96354014,CPC006_MCF7_6H_X3,0.04214632078771377,0.0,0.0,validation,filzen_continuous
BRD-A91699651,CPC006_MCF7_6H_X4,0.05141762530430055,0.0,0.0,validation,filzen_continuous
BRD-K01292756,CPC006_MCF7_6H_X4,0.039647818774736325,0.0,0.0,validation,filzen_continuous
BRD-K36927236,CPC006_MCF7_6H_X4,0.06651585415041748,0.0,0.0,validation,filzen_continuous
BRD-K54233340,CPC006_MCF7_6H_X4,0.9287878787878788,1.0,1.0,validation,filzen_continuous
BRD-K68143200,CPC006_MCF7_6H_X4,0.06891712000540826,0.0,1.0,validation,filzen_continuous
BRD-K80738081,CPC006_MCF7_6H_X4,0.12067497089309454,1.0,1.0,validation,filzen_continuous
BRD-K96354014,CPC006_MCF7_6H_X4,0.05753401741152667,0.0,0.0,validation,filzen_continuous
BRD-A91699651,CPC006_MCF7_6H_X5,0.0511403835998315,0.0,0.0,validation,filzen_continuous
BRD-K01292756,CPC006_MCF7_6H_X5,0.04995726629988948,0.0,1.0,validation,filzen_continuous
BRD-K36927236,CPC006_MCF7_6H_X5,0.11768402421350577,1.0,1.0,validation,filzen_continuous
BRD-K54233340,CPC006_MCF7_6H_X5,0.9266575529733424,1.0,1.0,validation,filzen_continuous
BRD-K68143200,CPC006_MCF7_6H_X5,0.03101187785390139,0.0,0.0,validation,filzen_continuous
BRD-K80738081,CPC006_MCF7_6H_X5,0.022223149947706602,0.0,0.0,validation,filzen_continuous
BRD-K96354014,CPC006_MCF7_6H_X5,0.03934720873849968,0.0,0.0,validation,filzen_continuous
BRD-A76490030,CPC007_MCF7_6H_X1.A2,0.04482957421269106,0.0,0.0,validation,filzen_continuous
BRD-K32821942,CPC007_MCF7_6H_X1.A2,0.024399221370265026,0.0,0.0,validation,filzen_continuous
BRD-A76490030,CPC007_MCF7_6H_X2,0.036604207428134306,0.0,0.0,validation,filzen_continuous
BRD-K32821942,CPC007_MCF7_6H_X2,0.019354305976505802,0.0,0.0,validation,filzen_continuous
BRD-A76490030,CPC007_MCF7_6H_X3,0.03540298949064864,0.0,1.0,validation,filzen_continuous
BRD-K32821942,CPC007_MCF7_6H_X3,0.024113202730021665,0.0,0.0,validation,filzen_continuous
BRD-A76490030,CPC007_MCF7_6H_X4,0.017305383429546795,0.0,0.0,validation,filzen_continuous
BRD-K32821942,CPC007_MCF7_6H_X4,0.03933261535908267,0.0,0.0,validation,filzen_continuous
BRD-A25234499,CPC009_MCF7_6H_X1,0.14914474886258045,1.0,1.0,validation,filzen_continuous
BRD-A47598013,CPC009_MCF7_6H_X1,0.04527901012003004,0.0,0.0,validation,filzen_continuous
BRD-A25234499,CPC009_MCF7_6H_X2,0.06749268341774263,0.0,0.0,validation,filzen_continuous
BRD-A47598013,CPC009_MCF7_6H_X2,0.04557862628775831,0.0,0.0,validation,filzen_continuous
BRD-A25234499,CPC009_MCF7_6H_X3.A2,0.047883476330308546,0.0,0.0,validation,filzen_continuous
BRD-A47598013,CPC009_MCF7_6H_X3.A2,0.035228008798103456,0.0,0.0,validation,filzen_continuous
BRD-K55127134,CPC010_MCF7_6H_X2,0.07457416605312114,0.0,1.0,validation,filzen_continuous
BRD-K80738081,CPC010_MCF7_6H_X2,0.05952039234017656,0.0,0.0,validation,filzen_continuous
BRD-K55127134,CPC010_MCF7_6H_X3,0.028369880772089184,0.0,0.0,validation,filzen_continuous
BRD-K80738081,CPC010_MCF7_6H_X3,0.027805862187810018,0.0,0.0,validation,filzen_continuous
BRD-K55127134,CPC010_MCF7_6H_X4,0.07965239379289456,0.0,0.0,validation,filzen_continuous
BRD-K80738081,CPC010_MCF7_6H_X4,0.022664098270066522,0.0,0.0,validation,filzen_continuous
BRD-A09056319,CPC011_MCF7_6H_X1,0.049122801264137074,0.0,1.0,validation,filzen_continuous
BRD-A42759514,CPC011_MCF7_6H_X1,0.057207046130370594,0.0,0.0,validation,filzen_continuous
BRD-A47598013,CPC011_MCF7_6H_X1,0.04456495407590742,0.0,0.0,validation,filzen_continuous
BRD-A64977602,CPC011_MCF7_6H_X1,0.029944756146206494,0.0,0.0,validation,filzen_continuous
BRD-K25224017,CPC011_MCF7_6H_X1,0.1494792767615815,1.0,1.0,validation,filzen_continuous
BRD-K37991163,CPC011_MCF7_6H_X1,0.03283123306302006,0.0,0.0,validation,filzen_continuous
BRD-K57569181,CPC011_MCF7_6H_X1,0.07440097389572949,0.0,1.0,validation,filzen_continuous
BRD-A09056319,CPC011_MCF7_6H_X3,0.030160790579110395,0.0,0.0,validation,filzen_continuous
BRD-A42759514,CPC011_MCF7_6H_X3,0.01973953125751954,0.0,0.0,validation,filzen_continuous
BRD-A47598013,CPC011_MCF7_6H_X3,0.0412065231149396,0.0,1.0,validation,filzen_continuous
BRD-A64977602,CPC011_MCF7_6H_X3,0.02974595910368826,0.0,0.0,validation,filzen_continuous
BRD-K25224017,CPC011_MCF7_6H_X3,0.020246142401050535,0.0,0.0,validation,filzen_continuous
BRD-K37991163,CPC011_MCF7_6H_X3,0.01996679349797424,0.0,0.0,validation,filzen_continuous
BRD-K57569181,CPC011_MCF7_6H_X3,0.04294002157169327,0.0,0.0,validation,filzen_continuous
BRD-A76490030,CPC012_MCF7_6H_X1,0.05259183487050496,0.0,0.0,validation,filzen_continuous
BRD-A76490030,CPC012_MCF7_6H_X2,0.043424767507493446,0.0,0.0,validation,filzen_continuous
BRD-A76490030,CPC012_MCF7_6H_X3,0.09750773990931924,0.0,1.0,validation,filzen_continuous
BRD-A76490030,CPC012_MCF7_6H_X4,0.02523662037565314,0.0,0.0,validation,filzen_continuous
BRD-A76490030,CPC012_MCF7_6H_X5,0.019810340802342348,0.0,0.0,validation,filzen_continuous
BRD-K63068307,CPC013_MCF7_6H_X1,0.2170890999997731,1.0,1.0,validation,filzen_continuous
BRD-K63068307,CPC013_MCF7_6H_X2,0.25777539929963905,1.0,1.0,validation,filzen_continuous
BRD-K63068307,CPC013_MCF7_6H_X3.A2,0.050233715867208956,0.0,0.0,validation,filzen_continuous
BRD-K63068307,CPC013_MCF7_6H_X5,0.05779355645391477,0.0,0.0,validation,filzen_continuous
BRD-K63068307,CPC014_MCF7_6H_X1,0.10705700081644749,0.0,1.0,validation,filzen_continuous
BRD-K63068307,CPC014_MCF7_6H_X2,0.05373477630645851,0.0,0.0,validation,filzen_continuous
BRD-K63068307,CPC014_MCF7_6H_X4,0.05159560441796252,0.0,1.0,validation,filzen_continuous
BRD-K63068307,CPC014_MCF7_6H_X5,0.020200753906479765,0.0,0.0,validation,filzen_continuous
BRD-A06352418,CPC015_MCF7_6H_X1,0.037709486509984506,0.0,0.0,validation,filzen_continuous
BRD-A09056319,CPC015_MCF7_6H_X1,0.04585118755432332,0.0,0.0,validation,filzen_continuous
BRD-A25234499,CPC015_MCF7_6H_X1,0.12914850766656588,0.0,1.0,validation,filzen_continuous
BRD-A42759514,CPC015_MCF7_6H_X1,0.03986272674979257,0.0,0.0,validation,filzen_continuous
BRD-A66559694,CPC015_MCF7_6H_X1,0.050324974982308125,0.0,0.0,validation,filzen_continuous
BRD-A97701745,CPC015_MCF7_6H_X1,0.040535547538762526,0.0,0.0,validation,filzen_continuous
BRD-K25224017,CPC015_MCF7_6H_X1,0.06554781650098554,0.0,0.0,validation,filzen_continuous
BRD-K37991163,CPC015_MCF7_6H_X1,0.1585418789920526,1.0,1.0,validation,filzen_continuous
BRD-K39987650,CPC015_MCF7_6H_X1,0.28736759808290363,0.0,1.0,validation,filzen_continuous
BRD-K46937689,CPC015_MCF7_6H_X1,0.026749601595852598,0.0,0.0,validation,filzen_continuous
BRD-K57569181,CPC015_MCF7_6H_X1,0.036834470789950995,0.0,0.0,validation,filzen_continuous
BRD-K68143200,CPC015_MCF7_6H_X1,0.03150351655177103,0.0,0.0,validation,filzen_continuous
BRD-K79131256,CPC015_MCF7_6H_X1,0.10661079539878414,1.0,1.0,validation,filzen_continuous
BRD-K85119730,CPC015_MCF7_6H_X1,0.02218568130767259,0.0,0.0,validation,filzen_continuous
BRD-A06352418,CPC015_MCF7_6H_X2,0.03387518618928909,0.0,0.0,validation,filzen_continuous
BRD-A09056319,CPC015_MCF7_6H_X2,0.04047207140511568,0.0,0.0,validation,filzen_continuous
BRD-A25234499,CPC015_MCF7_6H_X2,0.09640310468253799,0.0,1.0,validation,filzen_continuous
BRD-A42759514,CPC015_MCF7_6H_X2,0.05431226877567288,0.0,0.0,validation,filzen_continuous
BRD-A66559694,CPC015_MCF7_6H_X2,0.07618298985300333,0.0,0.0,validation,filzen_continuous
BRD-A97701745,CPC015_MCF7_6H_X2,0.05646284859170358,0.0,0.0,validation,filzen_continuous
BRD-K25224017,CPC015_MCF7_6H_X2,0.05403929827448579,0.0,0.0,validation,filzen_continuous
BRD-K37991163,CPC015_MCF7_6H_X2,0.18470521630760917,1.0,1.0,validation,filzen_continuous
BRD-K39987650,CPC015_MCF7_6H_X2,0.5981714592665456,1.0,1.0,validation,filzen_continuous
BRD-K46937689,CPC015_MCF7_6H_X2,0.07561634451069171,0.0,1.0,validation,filzen_continuous
BRD-K57569181,CPC015_MCF7_6H_X2,0.031642398225394386,0.0,0.0,validation,filzen_continuous
BRD-K68143200,CPC015_MCF7_6H_X2,0.033039389578184274,0.0,0.0,validation,filzen_continuous
BRD-K79131256,CPC015_MCF7_6H_X2,0.10725724761988141,1.0,1.0,validation,filzen_continuous
BRD-K85119730,CPC015_MCF7_6H_X2,0.07332625737426389,0.0,0.0,validation,filzen_continuous
BRD-A06352418,CPC015_MCF7_6H_X3,0.0496533374028838,0.0,0.0,validation,filzen_continuous
BRD-A09056319,CPC015_MCF7_6H_X3,0.04614538743349278,0.0,0.0,validation,filzen_continuous
BRD-A25234499,CPC015_MCF7_6H_X3,0.059881116107732474,0.0,0.0,validation,filzen_continuous
BRD-A42759514,CPC015_MCF7_6H_X3,0.05860434380888662,0.0,0.0,validation,filzen_continuous
BRD-A66559694,CPC015_MCF7_6H_X3,0.16370910005365766,0.0,1.0,validation,filzen_continuous
BRD-A97701745,CPC015_MCF7_6H_X3,0.06691627415908592,0.0,0.0,validation,filzen_continuous
BRD-K25224017,CPC015_MCF7_6H_X3,0.03739456918334147,0.0,0.0,validation,filzen_continuous
BRD-K37991163,CPC015_MCF7_6H_X3,0.1392728327993944,1.0,1.0,validation,filzen_continuous
BRD-K39987650,CPC015_MCF7_6H_X3,0.06306115190372298,0.0,0.0,validation,filzen_continuous
BRD-K46937689,CPC015_MCF7_6H_X3,0.04578936509357472,0.0,0.0,validation,filzen_continuous
BRD-K57569181,CPC015_MCF7_6H_X3,0.03195711989676999,0.0,0.0,validation,filzen_continuous
BRD-K68143200,CPC015_MCF7_6H_X3,0.04014137553455892,0.0,0.0,validation,filzen_continuous
BRD-K79131256,CPC015_MCF7_6H_X3,0.061081420018094634,0.0,0.0,validation,filzen_continuous
BRD-K85119730,CPC015_MCF7_6H_X3,0.1020507462975459,0.0,1.0,validation,filzen_continuous
BRD-A06352418,CPC015_MCF7_6H_X4,0.034474677503413015,0.0,0.0,validation,filzen_continuous
BRD-A09056319,CPC015_MCF7_6H_X4,0.03976130412287369,0.0,0.0,validation,filzen_continuous
BRD-A25234499,CPC015_MCF7_6H_X4,0.07699627321883586,0.0,1.0,validation,filzen_continuous
BRD-A42759514,CPC015_MCF7_6H_X4,0.06443811884389951,0.0,0.0,validation,filzen_continuous
BRD-A66559694,CPC015_MCF7_6H_X4,0.0401395531856413,0.0,0.0,validation,filzen_continuous
BRD-A97701745,CPC015_MCF7_6H_X4,0.14598444463467808,1.0,1.0,validation,filzen_continuous
BRD-K25224017,CPC015_MCF7_6H_X4,0.04512548195455173,0.0,0.0,validation,filzen_continuous
BRD-K37991163,CPC015_MCF7_6H_X4,0.022244693672009635,0.0,0.0,validation,filzen_continuous
BRD-K39987650,CPC015_MCF7_6H_X4,0.015080735349379242,0.0,0.0,validation,filzen_continuous
BRD-K46937689,CPC015_MCF7_6H_X4,0.061476785172145366,0.0,0.0,validation,filzen_continuous
BRD-K57569181,CPC015_MCF7_6H_X4,0.07084141282532316,0.0,1.0,validation,filzen_continuous
BRD-K68143200,CPC015_MCF7_6H_X4,0.04256997215634944,0.0,1.0,validation,filzen_continuous
BRD-K79131256,CPC015_MCF7_6H_X4,0.06701350345531935,0.0,0.0,validation,filzen_continuous
BRD-K85119730,CPC015_MCF7_6H_X4,0.0564325341107477,0.0,0.0,validation,filzen_continuous
BRD-A06352418,CPC015_MCF7_6H_X5,0.0370869144791414,0.0,0.0,validation,filzen_continuous
BRD-A09056319,CPC015_MCF7_6H_X5,0.033972308089988815,0.0,0.0,validation,filzen_continuous
BRD-A25234499,CPC015_MCF7_6H_X5,0.05864566653946634,0.0,0.0,validation,filzen_continuous
BRD-A42759514,CPC015_MCF7_6H_X5,0.10448062538050935,0.0,1.0,validation,filzen_continuous
BRD-A66559694,CPC015_MCF7_6H_X5,0.01815512019351441,0.0,0.0,validation,filzen_continuous
BRD-A97701745,CPC015_MCF7_6H_X5,0.052800712898953106,0.0,0.0,validation,filzen_continuous
BRD-K25224017,CPC015_MCF7_6H_X5,0.04618599342273079,0.0,0.0,validation,filzen_continuous
BRD-K37991163,CPC015_MCF7_6H_X5,0.04212852474202335,0.0,0.0,validation,filzen_continuous
BRD-K39987650,CPC015_MCF7_6H_X5,0.01668016550416619,0.0,0.0,validation,filzen_continuous
BRD-K46937689,CPC015_MCF7_6H_X5,0.10018717604648274,0.0,0.0,validation,filzen_continuous
BRD-K57569181,CPC015_MCF7_6H_X5,0.04202859471389487,0.0,1.0,validation,filzen_continuous
BRD-K68143200,CPC015_MCF7_6H_X5,0.02537976664806092,0.0,0.0,validation,filzen_continuous
BRD-K79131256,CPC015_MCF7_6H_X5,0.061059285207498294,0.0,0.0,validation,filzen_continuous
BRD-K85119730,CPC015_MCF7_6H_X5,0.033011446420637705,0.0,0.0,validation,filzen_continuous
BRD-A64977602,CPC016_MCF7_6H_X1,0.021018108627409292,0.0,0.0,validation,filzen_continuous
BRD-K28307902,CPC016_MCF7_6H_X1,0.12528443870572847,1.0,1.0,validation,filzen_continuous
BRD-K36927236,CPC016_MCF7_6H_X1,0.029990996284745004,0.0,0.0,validation,filzen_continuous
BRD-A64977602,CPC016_MCF7_6H_X2,0.05281113358029099,0.0,0.0,validation,filzen_continuous
BRD-K28307902,CPC016_MCF7_6H_X2,0.07209899857038417,0.0,1.0,validation,filzen_continuous
BRD-K36927236,CPC016_MCF7_6H_X2,0.04390749895095218,0.0,0.0,validation,filzen_continuous
BRD-A64977602,CPC016_MCF7_6H_X5,0.020159652311111997,0.0,0.0,validation,filzen_continuous
BRD-K28307902,CPC016_MCF7_6H_X5,0.03050505166634451,0.0,0.0,validation,filzen_continuous
BRD-K36927236,CPC016_MCF7_6H_X5,0.09760661283091442,0.0,1.0,validation,filzen_continuous
BRD-A29734509,CPC017_MCF7_6H_X1,0.08899389110812914,0.0,1.0,validation,filzen_continuous
BRD-K30240666,CPC017_MCF7_6H_X1,0.0295809247951203,0.0,0.0,validation,filzen_continuous
BRD-K60762818,CPC017_MCF7_6H_X1,0.04194329923118071,0.0,0.0,validation,filzen_continuous
BRD-K68507560,CPC017_MCF7_6H_X1,0.04144314963056974,0.0,0.0,validation,filzen_continuous
BRD-K86301799,CPC017_MCF7_6H_X1,0.12345449764478775,1.0,1.0,validation,filzen_continuous
BRD-A29734509,CPC017_MCF7_6H_X2,0.0725110683747129,0.0,1.0,validation,filzen_continuous
BRD-K30240666,CPC017_MCF7_6H_X2,0.030208901591511652,0.0,0.0,validation,filzen_continuous
BRD-K60762818,CPC017_MCF7_6H_X2,0.04419780770302644,0.0,0.0,validation,filzen_continuous
BRD-K68507560,CPC017_MCF7_6H_X2,0.04507182878299835,0.0,0.0,validation,filzen_continuous
BRD-K86301799,CPC017_MCF7_6H_X2,0.08281213279925373,0.0,1.0,validation,filzen_continuous
BRD-A29734509,CPC017_MCF7_6H_X3,0.02963391334365485,0.0,0.0,validation,filzen_continuous
BRD-K30240666,CPC017_MCF7_6H_X3,0.022145909056002114,0.0,0.0,validation,filzen_continuous
BRD-K60762818,CPC017_MCF7_6H_X3,0.09288543901774118,1.0,1.0,validation,filzen_continuous
BRD-K68507560,CPC017_MCF7_6H_X3,0.04505709223312711,0.0,0.0,validation,filzen_continuous
BRD-K86301799,CPC017_MCF7_6H_X3,0.02759289948524077,0.0,0.0,validation,filzen_continuous
BRD-A29734509,CPC017_MCF7_6H_X5,0.037036019606953755,0.0,0.0,validation,filzen_continuous
BRD-K30240666,CPC017_MCF7_6H_X5,0.02873785525071733,0.0,0.0,validation,filzen_continuous
BRD-K60762818,CPC017_MCF7_6H_X5,0.06520798034074812,0.0,1.0,validation,filzen_continuous
BRD-K68507560,CPC017_MCF7_6H_X5,0.04245515619247629,0.0,0.0,validation,filzen_continuous
BRD-K86301799,CPC017_MCF7_6H_X5,0.04286704693588748,0.0,0.0,validation,filzen_continuous
BRD-A91699651,CPC018_MCF7_6H_X1,0.04178457105229241,0.0,0.0,validation,filzen_continuous
BRD-K01292756,CPC018_MCF7_6H_X1,0.14994395245876502,0.0,1.0,validation,filzen_continuous
BRD-K54233340,CPC018_MCF7_6H_X1,0.38423476170948107,1.0,1.0,validation,filzen_continuous
BRD-K96354014,CPC018_MCF7_6H_X1,0.04777756418074606,0.0,0.0,validation,filzen_continuous
BRD-A91699651,CPC018_MCF7_6H_X2,0.040122409542418316,0.0,0.0,validation,filzen_continuous
BRD-K01292756,CPC018_MCF7_6H_X2,0.046374273581470386,0.0,0.0,validation,filzen_continuous
BRD-K54233340,CPC018_MCF7_6H_X2,0.5878237245311347,1.0,1.0,validation,filzen_continuous
BRD-K96354014,CPC018_MCF7_6H_X2,0.04771236468601608,0.0,0.0,validation,filzen_continuous
BRD-A91699651,CPC018_MCF7_6H_X3,0.05398134981368356,0.0,0.0,validation,filzen_continuous
BRD-K01292756,CPC018_MCF7_6H_X3,0.11046702560655265,1.0,1.0,validation,filzen_continuous
BRD-K54233340,CPC018_MCF7_6H_X3,0.08196659822882868,0.0,0.0,validation,filzen_continuous
BRD-K96354014,CPC018_MCF7_6H_X3,0.03361034750954697,0.0,0.0,validation,filzen_continuous
BRD-A29734509,CPC020_MCF7_6H_X1,0.05690508300495464,0.0,1.0,validation,filzen_continuous
BRD-K11129031,CPC020_MCF7_6H_X1,0.06588029710390857,0.0,0.0,validation,filzen_continuous
BRD-K32821942,CPC020_MCF7_6H_X1,0.03377930967283535,0.0,0.0,validation,filzen_continuous
BRD-K36927236,CPC020_MCF7_6H_X1,0.02847445621474058,0.0,0.0,validation,filzen_continuous
BRD-K60762818,CPC020_MCF7_6H_X1,0.044734977494142035,0.0,0.0,validation,filzen_continuous
BRD-K79131256,CPC020_MCF7_6H_X1,0.03965686332524045,0.0,0.0,validation,filzen_continuous
BRD-K85119730,CPC020_MCF7_6H_X1,0.1037810409196001,1.0,1.0,validation,filzen_continuous
BRD-K86301799,CPC020_MCF7_6H_X1,0.11279941504642872,1.0,1.0,validation,filzen_continuous
BRD-A29734509,CPC020_MCF7_6H_X2,0.03152605983605332,0.0,0.0,validation,filzen_continuous
BRD-K11129031,CPC020_MCF7_6H_X2,0.050071784763034595,0.0,0.0,validation,filzen_continuous
BRD-K32821942,CPC020_MCF7_6H_X2,0.03601312322190508,0.0,0.0,validation,filzen_continuous
BRD-K36927236,CPC020_MCF7_6H_X2,0.060930939133872,0.0,0.0,validation,filzen_continuous
BRD-K60762818,CPC020_MCF7_6H_X2,0.0399005958817284,0.0,1.0,validation,filzen_continuous
BRD-K79131256,CPC020_MCF7_6H_X2,0.061952979120711314,0.0,0.0,validation,filzen_continuous
BRD-K85119730,CPC020_MCF7_6H_X2,0.07206918726882107,0.0,1.0,validation,filzen_continuous
BRD-K86301799,CPC020_MCF7_6H_X2,0.0402314654853344,0.0,0.0,validation,filzen_continuous
BRD-A29734509,CPC020_MCF7_6H_X3,0.04473300290246234,0.0,1.0,validation,filzen_continuous
BRD-K11129031,CPC020_MCF7_6H_X3,0.12499504977012799,1.0,1.0,validation,filzen_continuous
BRD-K32821942,CPC020_MCF7_6H_X3,0.024828758461544434,0.0,0.0,validation,filzen_continuous
BRD-K36927236,CPC020_MCF7_6H_X3,0.048678859802236275,0.0,0.0,validation,filzen_continuous
BRD-K60762818,CPC020_MCF7_6H_X3,0.035605691206620514,0.0,0.0,validation,filzen_continuous
BRD-K79131256,CPC020_MCF7_6H_X3,0.059887154000197784,0.0,0.0,validation,filzen_continuous
BRD-K85119730,CPC020_MCF7_6H_X3,0.033277412370079286,0.0,0.0,validation,filzen_continuous
BRD-K86301799,CPC020_MCF7_6H_X3,0.049167601455065164,0.0,0.0,validation,filzen_continuous
BRD-A29734509,CPC020_MCF7_6H_X5,0.052363782954205164,0.0,0.0,validation,filzen_continuous
BRD-K11129031,CPC020_MCF7_6H_X5,0.04904053988501939,0.0,0.0,validation,filzen_continuous
BRD-K32821942,CPC020_MCF7_6H_X5,0.02560791771152711,0.0,0.0,validation,filzen_continuous
BRD-K36927236,CPC020_MCF7_6H_X5,0.11381149795260133,1.0,1.0,validation,filzen_continuous
BRD-K60762818,CPC020_MCF7_6H_X5,0.045962036829088136,0.0,0.0,validation,filzen_continuous
BRD-K79131256,CPC020_MCF7_6H_X5,0.06611826667303901,0.0,0.0,validation,filzen_continuous
BRD-K85119730,CPC020_MCF7_6H_X5,0.04034897155690151,0.0,0.0,validation,filzen_continuous
BRD-K86301799,CPC020_MCF7_6H_X5,0.02979171759773048,0.0,0.0,validation,filzen_continuous
BRD-A06352418,CPD001_MCF7_6H_X1,0.08814077327531465,0.0,0.0,validation,filzen_continuous
BRD-A09056319,CPD001_MCF7_6H_X1,0.03543434279452512,0.0,0.0,validation,filzen_continuous
BRD-A25234499,CPD001_MCF7_6H_X1,0.1315066372335812,1.0,1.0,validation,filzen_continuous
BRD-A29734509,CPD001_MCF7_6H_X1,0.06708233446276056,0.0,1.0,validation,filzen_continuous
BRD-A42759514,CPD001_MCF7_6H_X1,0.06541014865025309,0.0,1.0,validation,filzen_continuous
BRD-A97701745,CPD001_MCF7_6H_X1,0.06136934656784937,0.0,0.0,validation,filzen_continuous
BRD-K01292756,CPD001_MCF7_6H_X1,0.17597987678651136,1.0,1.0,validation,filzen_continuous
BRD-K11129031,CPD001_MCF7_6H_X1,0.06250039221207909,0.0,0.0,validation,filzen_continuous
BRD-K28307902,CPD001_MCF7_6H_X1,0.052343624583478805,0.0,1.0,validation,filzen_continuous
BRD-K30240666,CPD001_MCF7_6H_X1,0.11760676485224293,1.0,1.0,validation,filzen_continuous
BRD-K32821942,CPD001_MCF7_6H_X1,0.05074274077542335,0.0,0.0,validation,filzen_continuous
BRD-K36927236,CPD001_MCF7_6H_X1,0.08286926563606431,0.0,1.0,validation,filzen_continuous
BRD-K46937689,CPD001_MCF7_6H_X1,0.08902844923863247,0.0,1.0,validation,filzen_continuous
BRD-K55127134,CPD001_MCF7_6H_X1,0.109738218925196,1.0,1.0,validation,filzen_continuous
BRD-K57569181,CPD001_MCF7_6H_X1,0.0332753312170827,0.0,0.0,validation,filzen_continuous
BRD-K60762818,CPD001_MCF7_6H_X1,0.06043498536793039,0.0,1.0,validation,filzen_continuous
BRD-K68507560,CPD001_MCF7_6H_X1,0.06549401861517833,0.0,0.0,validation,filzen_continuous
BRD-K79131256,CPD001_MCF7_6H_X1,0.07618012337410812,0.0,1.0,validation,filzen_continuous
BRD-K85119730,CPD001_MCF7_6H_X1,0.08102216981166778,0.0,1.0,validation,filzen_continuous
BRD-K86301799,CPD001_MCF7_6H_X1,0.05198383425653723,0.0,1.0,validation,filzen_continuous
BRD-K96354014,CPD001_MCF7_6H_X1,0.02666631897099856,0.0,0.0,validation,filzen_continuous
BRD-A06352418,CPD001_MCF7_6H_X1.A2,0.029374485142589835,0.0,0.0,validation,filzen_continuous
BRD-A09056319,CPD001_MCF7_6H_X1.A2,0.05922921491431528,0.0,0.0,validation,filzen_continuous
BRD-A25234499,CPD001_MCF7_6H_X1.A2,0.14751614696827373,0.0,1.0,validation,filzen_continuous
BRD-A29734509,CPD001_MCF7_6H_X1.A2,0.05444195757257148,0.0,0.0,validation,filzen_continuous
BRD-A42759514,CPD001_MCF7_6H_X1.A2,0.04718088722027601,0.0,0.0,validation,filzen_continuous
BRD-A97701745,CPD001_MCF7_6H_X1.A2,0.052953646184848914,0.0,0.0,validation,filzen_continuous
BRD-K01292756,CPD001_MCF7_6H_X1.A2,0.17831731196717507,1.0,1.0,validation,filzen_continuous
BRD-K11129031,CPD001_MCF7_6H_X1.A2,0.07926086013982395,0.0,1.0,validation,filzen_continuous
BRD-K28307902,CPD001_MCF7_6H_X1.A2,0.0412039494763432,0.0,1.0,validation,filzen_continuous
BRD-K30240666,CPD001_MCF7_6H_X1.A2,0.0573408718259918,0.0,1.0,validation,filzen_continuous
BRD-K32821942,CPD001_MCF7_6H_X1.A2,0.03424502643111738,0.0,0.0,validation,filzen_continuous
BRD-K36927236,CPD001_MCF7_6H_X1.A2,0.08126946709488671,0.0,1.0,validation,filzen_continuous
BRD-K46937689,CPD001_MCF7_6H_X1.A2,0.10820363040757153,0.0,1.0,validation,filzen_continuous
BRD-K55127134,CPD001_MCF7_6H_X1.A2,0.10975618533553515,1.0,1.0,validation,filzen_continuous
BRD-K57569181,CPD001_MCF7_6H_X1.A2,0.03098581594239394,0.0,0.0,validation,filzen_continuous
BRD-K60762818,CPD001_MCF7_6H_X1.A2,0.03204134992052775,0.0,0.0,validation,filzen_continuous
BRD-K68507560,CPD001_MCF7_6H_X1.A2,0.04203254215407982,0.0,0.0,validation,filzen_continuous
BRD-K79131256,CPD001_MCF7_6H_X1.A2,0.08209602038584211,0.0,1.0,validation,filzen_continuous
BRD-K85119730,CPD001_MCF7_6H_X1.A2,0.045072189043885665,0.0,0.0,validation,filzen_continuous
BRD-K86301799,CPD001_MCF7_6H_X1.A2,0.030468945812547728,0.0,0.0,validation,filzen_continuous
BRD-K96354014,CPD001_MCF7_6H_X1.A2,0.04476384229725553,0.0,0.0,validation,filzen_continuous
BRD-A06352418,CPD001_MCF7_6H_X2,0.029582115393168767,0.0,0.0,validation,filzen_continuous
BRD-A09056319,CPD001_MCF7_6H_X2,0.03462628449488429,0.0,0.0,validation,filzen_continuous
BRD-A25234499,CPD001_MCF7_6H_X2,0.03901784609498395,0.0,0.0,validation,filzen_continuous
BRD-A29734509,CPD001_MCF7_6H_X2,0.07431827568295245,0.0,1.0,validation,filzen_continuous
BRD-A42759514,CPD001_MCF7_6H_X2,0.023086306206764624,0.0,0.0,validation,filzen_continuous
BRD-A97701745,CPD001_MCF7_6H_X2,0.01989302947984425,0.0,0.0,validation,filzen_continuous
BRD-K01292756,CPD001_MCF7_6H_X2,0.03828300024878457,0.0,0.0,validation,filzen_continuous
BRD-K11129031,CPD001_MCF7_6H_X2,0.07943327117186282,0.0,1.0,validation,filzen_continuous
BRD-K28307902,CPD001_MCF7_6H_X2,0.027333088619402188,0.0,0.0,validation,filzen_continuous
BRD-K30240666,CPD001_MCF7_6H_X2,0.02384511870116216,0.0,0.0,validation,filzen_continuous
BRD-K32821942,CPD001_MCF7_6H_X2,0.020225844652202556,0.0,0.0,validation,filzen_continuous
BRD-K36927236,CPD001_MCF7_6H_X2,0.10726581104681336,1.0,1.0,validation,filzen_continuous
BRD-K46937689,CPD001_MCF7_6H_X2,0.025358015991539373,0.0,0.0,validation,filzen_continuous
BRD-K55127134,CPD001_MCF7_6H_X2,0.061968220236452515,0.0,0.0,validation,filzen_continuous
BRD-K57569181,CPD001_MCF7_6H_X2,0.03407215013485173,0.0,0.0,validation,filzen_continuous
BRD-K60762818,CPD001_MCF7_6H_X2,0.05105039209472347,0.0,0.0,validation,filzen_continuous
BRD-K68507560,CPD001_MCF7_6H_X2,0.04798031834138874,0.0,0.0,validation,filzen_continuous
BRD-K79131256,CPD001_MCF7_6H_X2,0.058794785163001975,0.0,0.0,validation,filzen_continuous
BRD-K85119730,CPD001_MCF7_6H_X2,0.10435106921401584,1.0,1.0,validation,filzen_continuous
BRD-K86301799,CPD001_MCF7_6H_X2,0.06680283667343705,0.0,1.0,validation,filzen_continuous
BRD-K96354014,CPD001_MCF7_6H_X2,0.12256639738526182,1.0,1.0,validation,filzen_continuous
BRD-A06352418,CPD001_MCF7_6H_X3,0.0692662753097775,0.0,0.0,validation,filzen_continuous
BRD-A09056319,CPD001_MCF7_6H_X3,0.027252484189829056,0.0,0.0,validation,filzen_continuous
BRD-A25234499,CPD001_MCF7_6H_X3,0.03365107080670888,0.0,0.0,validation,filzen_continuous
BRD-A29734509,CPD001_MCF7_6H_X3,0.05617019045586682,0.0,1.0,validation,filzen_continuous
BRD-A42759514,CPD001_MCF7_6H_X3,0.039030336930090094,0.0,0.0,validation,filzen_continuous
BRD-A97701745,CPD001_MCF7_6H_X3,0.02339784478881295,0.0,0.0,validation,filzen_continuous
BRD-K01292756,CPD001_MCF7_6H_X3,0.02021672121590755,0.0,0.0,validation,filzen_continuous
BRD-K11129031,CPD001_MCF7_6H_X3,0.06842277475546593,0.0,0.0,validation,filzen_continuous
BRD-K28307902,CPD001_MCF7_6H_X3,0.02554032414532305,0.0,0.0,validation,filzen_continuous
BRD-K30240666,CPD001_MCF7_6H_X3,0.02535758329191683,0.0,0.0,validation,filzen_continuous
BRD-K32821942,CPD001_MCF7_6H_X3,0.03818469963552839,0.0,0.0,validation,filzen_continuous
BRD-K36927236,CPD001_MCF7_6H_X3,0.030316565295883093,0.0,0.0,validation,filzen_continuous
BRD-K46937689,CPD001_MCF7_6H_X3,0.11511131727716566,0.0,1.0,validation,filzen_continuous
BRD-K55127134,CPD001_MCF7_6H_X3,0.021804680468504072,0.0,0.0,validation,filzen_continuous
BRD-K57569181,CPD001_MCF7_6H_X3,0.07446969888093107,0.0,1.0,validation,filzen_continuous
BRD-K60762818,CPD001_MCF7_6H_X3,0.046632680505888605,0.0,1.0,validation,filzen_continuous
BRD-K68507560,CPD001_MCF7_6H_X3,0.03505386785255498,0.0,0.0,validation,filzen_continuous
BRD-K79131256,CPD001_MCF7_6H_X3,0.06331238508098545,0.0,0.0,validation,filzen_continuous
BRD-K85119730,CPD001_MCF7_6H_X3,0.07349134982156859,0.0,0.0,validation,filzen_continuous
BRD-K86301799,CPD001_MCF7_6H_X3,0.03511435989892576,0.0,0.0,validation,filzen_continuous
BRD-K96354014,CPD001_MCF7_6H_X3,0.07593219677077344,0.0,1.0,validation,filzen_continuous
BRD-A47598013,CPD002_MCF7_6H_X1,0.03530120977818175,0.0,0.0,validation,filzen_continuous
BRD-A64977602,CPD002_MCF7_6H_X1,0.03441295905850608,0.0,0.0,validation,filzen_continuous
BRD-A91699651,CPD002_MCF7_6H_X1,0.05420557440523216,0.0,0.0,validation,filzen_continuous
BRD-K25224017,CPD002_MCF7_6H_X1,0.047432069075301404,0.0,0.0,validation,filzen_continuous
BRD-K39987650,CPD002_MCF7_6H_X1,0.38321674854245147,1.0,1.0,validation,filzen_continuous
BRD-A47598013,CPD002_MCF7_6H_X2,0.0465551078743196,0.0,0.0,validation,filzen_continuous
BRD-A64977602,CPD002_MCF7_6H_X2,0.025810010317746903,0.0,0.0,validation,filzen_continuous
BRD-A91699651,CPD002_MCF7_6H_X2,0.05165437012279573,0.0,0.0,validation,filzen_continuous
BRD-K25224017,CPD002_MCF7_6H_X2,0.06402642026761197,0.0,1.0,validation,filzen_continuous
BRD-K39987650,CPD002_MCF7_6H_X2,0.5568318484753413,1.0,1.0,validation,filzen_continuous
BRD-A47598013,CPD002_MCF7_6H_X3,0.036766727948519456,0.0,0.0,validation,filzen_continuous
BRD-A64977602,CPD002_MCF7_6H_X3,0.02991845811360239,0.0,0.0,validation,filzen_continuous
BRD-A91699651,CPD002_MCF7_6H_X3,0.04248924764989773,0.0,0.0,validation,filzen_continuous
BRD-K25224017,CPD002_MCF7_6H_X3,0.04263622052430871,0.0,0.0,validation,filzen_continuous
BRD-K39987650,CPD002_MCF7_6H_X3,0.2376297674189708,0.0,1.0,validation,filzen_continuous
BRD-K37991163,CPD003_MCF7_6H_X1,0.036107103192603976,0.0,0.0,validation,filzen_continuous
BRD-K37991163,CPD003_MCF7_6H_X2,0.027007646912770914,0.0,0.0,validation,filzen_continuous
BRD-K80738081,DEB001_MCF7_6H_X2,0.034634998049504824,0.0,0.0,validation,filzen_continuous
BRD-K88378636,DEB001_MCF7_6H_X2,0.034162203562901214,0.0,0.0,validation,filzen_continuous
BRD-K80738081,DEB001_MCF7_6H_X3,0.049071385922329284,0.0,0.0,validation,filzen_continuous
BRD-K88378636,DEB001_MCF7_6H_X3,0.020380400220964233,0.0,0.0,validation,filzen_continuous
BRD-K80738081,DEB001_MCF7_6H_X5,0.04143405952078689,0.0,0.0,validation,filzen_continuous
BRD-K88378636,DEB001_MCF7_6H_X5,0.01766813586493065,0.0,0.0,validation,filzen_continuous
BRD-K88378636,HOG001_MCF7_6H_X2,0.35407683605799356,1.0,1.0,validation,filzen_continuous
BRD-K88378636,HOG001_MCF7_6H_X3,0.05917280196011981,0.0,1.0,validation,filzen_continuous
BRD-K88378636,HOG001_MCF7_6H_X4,0.07585536635262441,0.0,0.0,validation,filzen_continuous
BRD-K88378636,HOG002_MCF7_6H_X1,0.3522426295057986,1.0,1.0,validation,filzen_continuous
BRD-K88378636,HOG002_MCF7_6H_X2,0.17226749201540087,0.0,1.0,validation,filzen_continuous
BRD-K88378636,HOG002_MCF7_6H_X3,0.044758828627272665,0.0,0.0,validation,filzen_continuous
BRD-A91699651,HOG003_MCF7_6H_X1,0.035269983657048955,0.0,0.0,validation,filzen_continuous
BRD-K88378636,HOG003_MCF7_6H_X1,0.12489455488581153,0.0,0.0,validation,filzen_continuous
BRD-A91699651,HOG003_MCF7_6H_X2,0.06193444117076014,0.0,1.0,validation,filzen_continuous
BRD-K88378636,HOG003_MCF7_6H_X2,0.26214128222703625,1.0,1.0,validation,filzen_continuous
BRD-A91699651,HOG003_MCF7_6H_X3,0.05020526368958708,0.0,0.0,validation,filzen_continuous
BRD-K88378636,HOG003_MCF7_6H_X3,0.35256509878839015,1.0,1.0,validation,filzen_continuous
BRD-A91699651,HOG003_MCF7_6H_X4,0.03188828239859349,0.0,0.0,validation,filzen_continuous
BRD-K88378636,HOG003_MCF7_6H_X4,0.4005935656722341,1.0,1.0,validation,filzen_continuous
BRD-K63068307,LJP001_MCF7_6H_X1,0.12770279231356454,1.0,1.0,validation,filzen_continuous
BRD-K63068307,LJP001_MCF7_6H_X2,0.03657133089631157,0.0,0.0,validation,filzen_continuous
BRD-K63068307,LJP001_MCF7_6H_X3,0.21337312211255843,1.0,1.0,validation,filzen_continuous
BRD-K63068307,LJP001_MCF7_6H_X4,0.052062447528544234,0.0,0.0,validation,filzen_continuous
BRD-A66559694,MUC.CP002_MCF7_6H_X1,0.033318520220304286,0.0,0.0,validation,filzen_continuous
BRD-A66559694,MUC.CP002_MCF7_6H_X2,0.01915738830779789,0.0,0.0,validation,filzen_continuous
BRD-A66559694,MUC.CP002_MCF7_6H_X3,0.17512398097300014,0.0,1.0,validation,filzen_continuous
BRD-K68143200,MUC.CP003_MCF7_6H_X1,0.06678599226294417,0.0,0.0,validation,filzen_continuous
BRD-K68143200,MUC.CP003_MCF7_6H_X2,0.03173181156819111,0.0,0.0,validation,filzen_continuous
BRD-K68143200,MUC.CP003_MCF7_6H_X3,0.027281082238223838,0.0,0.0,validation,filzen_continuous
BRD-A76490030,MUC.CP005_MCF7_6H_X1,0.03157320285809609,0.0,0.0,validation,filzen_continuous
BRD-K79131256,MUC.CP005_MCF7_6H_X1,0.045185671065039325,0.0,0.0,validation,filzen_continuous
BRD-A76490030,MUC.CP005_MCF7_6H_X2,0.022871643229384828,0.0,0.0,validation,filzen_continuous
BRD-K79131256,MUC.CP005_MCF7_6H_X2,0.05398053136239613,0.0,0.0,validation,filzen_continuous
BRD-A76490030,MUC.CP005_MCF7_6H_X3,0.03725709835099127,0.0,0.0,validation,filzen_continuous
BRD-K79131256,MUC.CP005_MCF7_6H_X3,0.05119917438872807,0.0,0.0,validation,filzen_continuous
BRD-K28307902,RAD001_MCF7_6H_X1,0.025308903565876697,0.0,0.0,validation,filzen_continuous
BRD-K57569181,RAD001_MCF7_6H_X1,0.026881927899935033,0.0,0.0,validation,filzen_continuous
BRD-K80738081,RAD001_MCF7_6H_X1,0.04216525052395148,0.0,1.0,validation,filzen_continuous
BRD-K28307902,RAD001_MCF7_6H_X2,0.022850983540304164,0.0,0.0,validation,filzen_continuous
BRD-K57569181,RAD001_MCF7_6H_X2,0.03225164808685261,0.0,0.0,validation,filzen_continuous
BRD-K80738081,RAD001_MCF7_6H_X2,0.025266055090140713,0.0,0.0,validation,filzen_continuous
BRD-K55127134,ASG001_MCF7_6H_X2,0.023145674912387056,0.0,0.0,validation,filzen_binary
BRD-K88378636,ASG001_MCF7_6H_X2,0.14954695906092474,0.0,0.0,validation,filzen_binary
BRD-A06352418,CPC004_MCF7_6H_X1,0.024831770998591157,0.0,0.0,validation,filzen_binary
BRD-A09056319,CPC004_MCF7_6H_X1,0.027262041550195397,0.0,0.0,validation,filzen_binary
BRD-A25234499,CPC004_MCF7_6H_X1,0.028314174739008505,0.0,0.0,validation,filzen_binary
BRD-A29734509,CPC004_MCF7_6H_X1,0.03711762910929946,0.0,0.0,validation,filzen_binary
BRD-A42759514,CPC004_MCF7_6H_X1,0.027569629033539822,0.0,0.0,validation,filzen_binary
BRD-A64977602,CPC004_MCF7_6H_X1,0.027451048099306527,0.0,0.0,validation,filzen_binary
BRD-A66559694,CPC004_MCF7_6H_X1,0.04873563540046574,0.0,0.0,validation,filzen_binary
BRD-A91699651,CPC004_MCF7_6H_X1,0.06435282255189705,0.0,0.0,validation,filzen_binary
BRD-A97701745,CPC004_MCF7_6H_X1,0.025507559804253788,0.0,0.0,validation,filzen_binary
BRD-K25224017,CPC004_MCF7_6H_X1,0.029392333016382596,0.0,0.0,validation,filzen_binary
BRD-K28307902,CPC004_MCF7_6H_X1,0.0861202020911232,0.0,1.0,validation,filzen_binary
BRD-K30240666,CPC004_MCF7_6H_X1,0.026927378069524447,0.0,0.0,validation,filzen_binary
BRD-K37991163,CPC004_MCF7_6H_X1,0.025299466747218752,0.0,0.0,validation,filzen_binary
BRD-K39987650,CPC004_MCF7_6H_X1,0.02810491259437384,0.0,0.0,validation,filzen_binary
BRD-K46937689,CPC004_MCF7_6H_X1,0.026305544265299043,0.0,0.0,validation,filzen_binary
BRD-K54233340,CPC004_MCF7_6H_X1,0.792189208098299,1.0,1.0,validation,filzen_binary
BRD-K60762818,CPC004_MCF7_6H_X1,0.03845866781166631,0.0,0.0,validation,filzen_binary
BRD-K68507560,CPC004_MCF7_6H_X1,0.027759356367730848,0.0,0.0,validation,filzen_binary
BRD-K79131256,CPC004_MCF7_6H_X1,0.08063822049660865,0.0,0.0,validation,filzen_binary
BRD-K86301799,CPC004_MCF7_6H_X1,0.039265071486127776,0.0,0.0,validation,filzen_binary
BRD-A06352418,CPC004_MCF7_6H_X2,0.024831770998591157,0.0,0.0,validation,filzen_binary
BRD-A09056319,CPC004_MCF7_6H_X2,0.027262041550195397,0.0,0.0,validation,filzen_binary
BRD-A25234499,CPC004_MCF7_6H_X2,0.028314174739008505,0.0,0.0,validation,filzen_binary
BRD-A29734509,CPC004_MCF7_6H_X2,0.03711762910929946,0.0,0.0,validation,filzen_binary
BRD-A42759514,CPC004_MCF7_6H_X2,0.027569629033539822,0.0,0.0,validation,filzen_binary
BRD-A64977602,CPC004_MCF7_6H_X2,0.027451048099306527,0.0,0.0,validation,filzen_binary
BRD-A66559694,CPC004_MCF7_6H_X2,0.04873563540046574,0.0,0.0,validation,filzen_binary
BRD-A91699651,CPC004_MCF7_6H_X2,0.06435282255189705,0.0,0.0,validation,filzen_binary
BRD-A97701745,CPC004_MCF7_6H_X2,0.025507559804253788,0.0,0.0,validation,filzen_binary
BRD-K25224017,CPC004_MCF7_6H_X2,0.029392333016382596,0.0,0.0,validation,filzen_binary
BRD-K28307902,CPC004_MCF7_6H_X2,0.0861202020911232,0.0,1.0,validation,filzen_binary
BRD-K30240666,CPC004_MCF7_6H_X2,0.026927378069524447,0.0,0.0,validation,filzen_binary
BRD-K37991163,CPC004_MCF7_6H_X2,0.025299466747218752,0.0,0.0,validation,filzen_binary
BRD-K39987650,CPC004_MCF7_6H_X2,0.02810491259437384,0.0,0.0,validation,filzen_binary
BRD-K46937689,CPC004_MCF7_6H_X2,0.026305544265299043,0.0,0.0,validation,filzen_binary
BRD-K54233340,CPC004_MCF7_6H_X2,0.792189208098299,1.0,1.0,validation,filzen_binary
BRD-K60762818,CPC004_MCF7_6H_X2,0.03845866781166631,0.0,0.0,validation,filzen_binary
BRD-K68507560,CPC004_MCF7_6H_X2,0.027759356367730848,0.0,0.0,validation,filzen_binary
BRD-K79131256,CPC004_MCF7_6H_X2,0.08063822049660865,0.0,0.0,validation,filzen_binary
BRD-K86301799,CPC004_MCF7_6H_X2,0.039265071486127776,0.0,0.0,validation,filzen_binary
BRD-A06352418,CPC004_MCF7_6H_X4,0.024821336455434318,0.0,0.0,validation,filzen_binary
BRD-A09056319,CPC004_MCF7_6H_X4,0.027251489804780014,0.0,0.0,validation,filzen_binary
BRD-A25234499,CPC004_MCF7_6H_X4,0.028303545965672226,0.0,0.0,validation,filzen_binary
BRD-A29734509,CPC004_MCF7_6H_X4,0.037106950275892184,0.0,0.0,validation,filzen_binary
BRD-A42759514,CPC004_MCF7_6H_X4,0.02755892750147499,0.0,0.0,validation,filzen_binary
BRD-A64977602,CPC004_MCF7_6H_X4,0.027440409861795963,0.0,0.0,validation,filzen_binary
BRD-A66559694,CPC004_MCF7_6H_X4,0.04872494671694352,0.0,0.0,validation,filzen_binary
BRD-A91699651,CPC004_MCF7_6H_X4,0.06434187428012406,0.0,0.0,validation,filzen_binary
BRD-A97701745,CPC004_MCF7_6H_X4,0.02549672418833389,0.0,0.0,validation,filzen_binary
BRD-K25224017,CPC004_MCF7_6H_X4,0.0293814074178209,0.0,0.0,validation,filzen_binary
BRD-K28307902,CPC004_MCF7_6H_X4,0.08610926259165692,0.0,1.0,validation,filzen_binary
BRD-K30240666,CPC004_MCF7_6H_X4,0.02691643168854295,0.0,0.0,validation,filzen_binary
BRD-K37991163,CPC004_MCF7_6H_X4,0.025288421862209896,0.0,0.0,validation,filzen_binary
BRD-K39987650,CPC004_MCF7_6H_X4,0.028093860517117916,0.0,0.0,validation,filzen_binary
BRD-K46937689,CPC004_MCF7_6H_X4,0.026294392463638835,0.0,0.0,validation,filzen_binary
BRD-K54233340,CPC004_MCF7_6H_X4,0.792189208098299,1.0,1.0,validation,filzen_binary
BRD-K60762818,CPC004_MCF7_6H_X4,0.038447304655576026,0.0,0.0,validation,filzen_binary
BRD-K68507560,CPC004_MCF7_6H_X4,0.027748088250262162,0.0,0.0,validation,filzen_binary
BRD-K79131256,CPC004_MCF7_6H_X4,0.08062665874085599,0.0,0.0,validation,filzen_binary
BRD-A06352418,CPC004_MCF7_6H_X5,0.024837018623516116,0.0,0.0,validation,filzen_binary
BRD-A09056319,CPC004_MCF7_6H_X5,0.027267466298984324,0.0,0.0,validation,filzen_binary
BRD-A25234499,CPC004_MCF7_6H_X5,0.028319687464924255,0.0,0.0,validation,filzen_binary
BRD-A29734509,CPC004_MCF7_6H_X5,0.03712316974775149,0.0,0.0,validation,filzen_binary
BRD-A42759514,CPC004_MCF7_6H_X5,0.027575136601856613,0.0,0.0,validation,filzen_binary
BRD-A64977602,CPC004_MCF7_6H_X5,0.027456332077931075,0.0,0.0,validation,filzen_binary
BRD-A66559694,CPC004_MCF7_6H_X5,0.048740946338164906,0.0,0.0,validation,filzen_binary
BRD-A91699651,CPC004_MCF7_6H_X5,0.0643586219731148,0.0,0.0,validation,filzen_binary
BRD-A97701745,CPC004_MCF7_6H_X5,0.02551302464347822,0.0,0.0,validation,filzen_binary
BRD-K25224017,CPC004_MCF7_6H_X5,0.029397910459175784,0.0,0.0,validation,filzen_binary
BRD-K28307902,CPC004_MCF7_6H_X5,0.08612572334131091,0.0,1.0,validation,filzen_binary
BRD-K30240666,CPC004_MCF7_6H_X5,0.02693282694814523,0.0,0.0,validation,filzen_binary
BRD-K37991163,CPC004_MCF7_6H_X5,0.025305045286355552,0.0,0.0,validation,filzen_binary
BRD-K39987650,CPC004_MCF7_6H_X5,0.0281104181580518,0.0,0.0,validation,filzen_binary
BRD-K46937689,CPC004_MCF7_6H_X5,0.026311180989685767,0.0,0.0,validation,filzen_binary
BRD-K54233340,CPC004_MCF7_6H_X5,0.792189208098299,1.0,1.0,validation,filzen_binary
BRD-K60762818,CPC004_MCF7_6H_X5,0.03846459146938826,0.0,0.0,validation,filzen_binary
BRD-K68507560,CPC004_MCF7_6H_X5,0.02776497798773182,0.0,0.0,validation,filzen_binary
BRD-K79131256,CPC004_MCF7_6H_X5,0.08064440047203417,0.0,0.0,validation,filzen_binary
BRD-K86301799,CPC004_MCF7_6H_X5,0.03914870915172032,0.0,0.0,validation,filzen_binary
BRD-A47598013,CPC005_MCF7_6H_X1,0.0257361369537796,0.0,0.0,validation,filzen_binary
BRD-K11129031,CPC005_MCF7_6H_X1,0.030048449804168518,0.0,0.0,validation,filzen_binary
BRD-K55127134,CPC005_MCF7_6H_X1,0.022681338825927676,0.0,0.0,validation,filzen_binary
BRD-A47598013,CPC005_MCF7_6H_X2,0.0257361369537796,0.0,0.0,validation,filzen_binary
BRD-K11129031,CPC005_MCF7_6H_X2,0.030048449804168518,0.0,0.0,validation,filzen_binary
BRD-K55127134,CPC005_MCF7_6H_X2,0.022681338825927676,0.0,0.0,validation,filzen_binary
BRD-A47598013,CPC005_MCF7_6H_X3,0.0257361369537796,0.0,0.0,validation,filzen_binary
BRD-K11129031,CPC005_MCF7_6H_X3,0.030048449804168518,0.0,0.0,validation,filzen_binary
BRD-K55127134,CPC005_MCF7_6H_X3,0.022681338825927676,0.0,0.0,validation,filzen_binary
BRD-A47598013,CPC005_MCF7_6H_X5,0.0257361369537796,0.0,0.0,validation,filzen_binary
BRD-K11129031,CPC005_MCF7_6H_X5,0.030048449804168518,0.0,0.0,validation,filzen_binary
BRD-K55127134,CPC005_MCF7_6H_X5,0.022681338825927676,0.0,0.0,validation,filzen_binary
BRD-A91699651,CPC006_MCF7_6H_X1,0.06404091960210999,0.0,0.0,validation,filzen_binary
BRD-K01292756,CPC006_MCF7_6H_X1,0.026990571339446764,0.0,0.0,validation,filzen_binary
BRD-K36927236,CPC006_MCF7_6H_X1,0.0368270441085157,0.0,0.0,validation,filzen_binary
BRD-K54233340,CPC006_MCF7_6H_X1,0.792189208098299,1.0,1.0,validation,filzen_binary
BRD-K68143200,CPC006_MCF7_6H_X1,0.05700685659396978,0.0,0.0,validation,filzen_binary
BRD-K80738081,CPC006_MCF7_6H_X1,0.16547869389133865,1.0,1.0,validation,filzen_binary
BRD-K96354014,CPC006_MCF7_6H_X1,0.028467511133260737,0.0,0.0,validation,filzen_binary
BRD-A91699651,CPC006_MCF7_6H_X2,0.06401359236291276,0.0,0.0,validation,filzen_binary
BRD-K01292756,CPC006_MCF7_6H_X2,0.02698283379689028,0.0,0.0,validation,filzen_binary
BRD-K36927236,CPC006_MCF7_6H_X2,0.03681926333946449,0.0,0.0,validation,filzen_binary
BRD-K54233340,CPC006_MCF7_6H_X2,0.792189208098299,1.0,1.0,validation,filzen_binary
BRD-K80738081,CPC006_MCF7_6H_X2,0.16547869389133865,1.0,1.0,validation,filzen_binary
BRD-K96354014,CPC006_MCF7_6H_X2,0.028467511133260737,0.0,0.0,validation,filzen_binary
BRD-A91699651,CPC006_MCF7_6H_X3,0.06404669913686634,0.0,0.0,validation,filzen_binary
BRD-K01292756,CPC006_MCF7_6H_X3,0.02699788761318075,0.0,0.0,validation,filzen_binary
BRD-K36927236,CPC006_MCF7_6H_X3,0.03683459828273654,0.0,0.0,validation,filzen_binary
BRD-K54233340,CPC006_MCF7_6H_X3,0.792189208098299,1.0,1.0,validation,filzen_binary
BRD-K68143200,CPC006_MCF7_6H_X3,0.056958702500871865,0.0,0.0,validation,filzen_binary
BRD-K80738081,CPC006_MCF7_6H_X3,0.1654866065357444,1.0,1.0,validation,filzen_binary
BRD-K96354014,CPC006_MCF7_6H_X3,0.028475468481872178,0.0,0.0,validation,filzen_binary
BRD-A91699651,CPC006_MCF7_6H_X4,0.06404669913686634,0.0,0.0,validation,filzen_binary
BRD-K01292756,CPC006_MCF7_6H_X4,0.02699788761318075,0.0,0.0,validation,filzen_binary
BRD-K36927236,CPC006_MCF7_6H_X4,0.03683459828273654,0.0,0.0,validation,filzen_binary
BRD-K54233340,CPC006_MCF7_6H_X4,0.829241549696095,1.0,1.0,validation,filzen_binary
BRD-K68143200,CPC006_MCF7_6H_X4,0.056958702500871865,0.0,0.0,validation,filzen_binary
BRD-K80738081,CPC006_MCF7_6H_X4,0.1654866065357444,1.0,1.0,validation,filzen_binary
BRD-K96354014,CPC006_MCF7_6H_X4,0.028475468481872178,0.0,0.0,validation,filzen_binary
BRD-A91699651,CPC006_MCF7_6H_X5,0.06404669913686634,0.0,0.0,validation,filzen_binary
BRD-K01292756,CPC006_MCF7_6H_X5,0.02699788761318075,0.0,0.0,validation,filzen_binary
BRD-K36927236,CPC006_MCF7_6H_X5,0.03683459828273654,0.0,0.0,validation,filzen_binary
BRD-K54233340,CPC006_MCF7_6H_X5,0.829241549696095,1.0,1.0,validation,filzen_binary
BRD-K68143200,CPC006_MCF7_6H_X5,0.056958702500871865,0.0,0.0,validation,filzen_binary
BRD-K80738081,CPC006_MCF7_6H_X5,0.1654866065357444,1.0,1.0,validation,filzen_binary
BRD-K96354014,CPC006_MCF7_6H_X5,0.028475468481872178,0.0,0.0,validation,filzen_binary
BRD-A76490030,CPC007_MCF7_6H_X1.A2,0.06973179280120449,0.0,0.0,validation,filzen_binary
BRD-K32821942,CPC007_MCF7_6H_X1.A2,0.03136306937946218,0.0,0.0,validation,filzen_binary
BRD-A76490030,CPC007_MCF7_6H_X2,0.06973179280120449,0.0,0.0,validation,filzen_binary
BRD-K32821942,CPC007_MCF7_6H_X2,0.03136306937946218,0.0,0.0,validation,filzen_binary
BRD-A76490030,CPC007_MCF7_6H_X3,0.06973179280120449,0.0,0.0,validation,filzen_binary
BRD-K32821942,CPC007_MCF7_6H_X3,0.03136306937946218,0.0,0.0,validation,filzen_binary
BRD-A76490030,CPC007_MCF7_6H_X4,0.06973179280120449,0.0,0.0,validation,filzen_binary
BRD-K32821942,CPC007_MCF7_6H_X4,0.03136306937946218,0.0,0.0,validation,filzen_binary
BRD-A25234499,CPC009_MCF7_6H_X1,0.027604324097075115,0.0,0.0,validation,filzen_binary
BRD-A47598013,CPC009_MCF7_6H_X1,0.025448220982638367,0.0,0.0,validation,filzen_binary
BRD-A25234499,CPC009_MCF7_6H_X2,0.027604324097075115,0.0,0.0,validation,filzen_binary
BRD-A47598013,CPC009_MCF7_6H_X2,0.025448220982638367,0.0,0.0,validation,filzen_binary
BRD-A25234499,CPC009_MCF7_6H_X3.A2,0.027604324097075115,0.0,0.0,validation,filzen_binary
BRD-A47598013,CPC009_MCF7_6H_X3.A2,0.025448220982638367,0.0,0.0,validation,filzen_binary
BRD-K55127134,CPC010_MCF7_6H_X2,0.022402623203960543,0.0,0.0,validation,filzen_binary
BRD-K80738081,CPC010_MCF7_6H_X2,0.16524791684849965,1.0,1.0,validation,filzen_binary
BRD-K55127134,CPC010_MCF7_6H_X3,0.022402623203960543,0.0,0.0,validation,filzen_binary
BRD-K80738081,CPC010_MCF7_6H_X3,0.16524791684849965,1.0,1.0,validation,filzen_binary
BRD-K55127134,CPC010_MCF7_6H_X4,0.022402623203960543,0.0,0.0,validation,filzen_binary
BRD-K80738081,CPC010_MCF7_6H_X4,0.16524791684849965,1.0,1.0,validation,filzen_binary
BRD-A09056319,CPC011_MCF7_6H_X1,0.02656480992874494,0.0,0.0,validation,filzen_binary
BRD-A42759514,CPC011_MCF7_6H_X1,0.026877074215120225,0.0,0.0,validation,filzen_binary
BRD-A47598013,CPC011_MCF7_6H_X1,0.02562304785811854,0.0,0.0,validation,filzen_binary
BRD-A64977602,CPC011_MCF7_6H_X1,0.02678839851136365,0.0,0.0,validation,filzen_binary
BRD-K25224017,CPC011_MCF7_6H_X1,0.028708498936492237,0.0,0.0,validation,filzen_binary
BRD-K37991163,CPC011_MCF7_6H_X1,0.024633760059855524,0.0,0.0,validation,filzen_binary
BRD-K57569181,CPC011_MCF7_6H_X1,0.10871325259449988,0.0,1.0,validation,filzen_binary
BRD-A09056319,CPC011_MCF7_6H_X3,0.02656480992874494,0.0,0.0,validation,filzen_binary
BRD-A42759514,CPC011_MCF7_6H_X3,0.026877074215120225,0.0,0.0,validation,filzen_binary
BRD-A47598013,CPC011_MCF7_6H_X3,0.02562304785811854,0.0,0.0,validation,filzen_binary
BRD-A64977602,CPC011_MCF7_6H_X3,0.02678839851136365,0.0,0.0,validation,filzen_binary
BRD-K25224017,CPC011_MCF7_6H_X3,0.028708498936492237,0.0,0.0,validation,filzen_binary
BRD-K37991163,CPC011_MCF7_6H_X3,0.024633760059855524,0.0,0.0,validation,filzen_binary
BRD-K57569181,CPC011_MCF7_6H_X3,0.10871325259449988,0.0,1.0,validation,filzen_binary
BRD-A76490030,CPC012_MCF7_6H_X1,0.06950523901164418,0.0,0.0,validation,filzen_binary
BRD-A76490030,CPC012_MCF7_6H_X2,0.06950523901164418,0.0,0.0,validation,filzen_binary
BRD-A76490030,CPC012_MCF7_6H_X3,0.06950523901164418,0.0,0.0,validation,filzen_binary
BRD-A76490030,CPC012_MCF7_6H_X4,0.06950523901164418,0.0,0.0,validation,filzen_binary
BRD-A76490030,CPC012_MCF7_6H_X5,0.06950523901164418,0.0,0.0,validation,filzen_binary
BRD-K63068307,CPC013_MCF7_6H_X1,0.06091696113066227,0.0,0.0,validation,filzen_binary
BRD-K63068307,CPC013_MCF7_6H_X2,0.06091696113066227,0.0,0.0,validation,filzen_binary
BRD-K63068307,CPC013_MCF7_6H_X3.A2,0.06091696113066227,0.0,0.0,validation,filzen_binary
BRD-K63068307,CPC013_MCF7_6H_X5,0.06091696113066227,0.0,0.0,validation,filzen_binary
BRD-K63068307,CPC014_MCF7_6H_X1,0.06091696113066227,0.0,0.0,validation,filzen_binary
BRD-K63068307,CPC014_MCF7_6H_X2,0.04451618568601977,0.0,0.0,validation,filzen_binary
BRD-K63068307,CPC014_MCF7_6H_X4,0.06091696113066227,0.0,0.0,validation,filzen_binary
BRD-K63068307,CPC014_MCF7_6H_X5,0.06091696113066227,0.0,0.0,validation,filzen_binary
BRD-A06352418,CPC015_MCF7_6H_X1,0.024069711333574325,0.0,0.0,validation,filzen_binary
BRD-A09056319,CPC015_MCF7_6H_X1,0.0267091793048367,0.0,0.0,validation,filzen_binary
BRD-A25234499,CPC015_MCF7_6H_X1,0.027861201568607004,0.0,0.0,validation,filzen_binary
BRD-A42759514,CPC015_MCF7_6H_X1,0.027015532083489023,0.0,0.0,validation,filzen_binary
BRD-A66559694,CPC015_MCF7_6H_X1,0.047986042642756604,0.0,0.0,validation,filzen_binary
BRD-A97701745,CPC015_MCF7_6H_X1,0.024736750255224718,0.0,0.0,validation,filzen_binary
BRD-K25224017,CPC015_MCF7_6H_X1,0.02884984024653892,0.0,0.0,validation,filzen_binary
BRD-K37991163,CPC015_MCF7_6H_X1,0.024776630422082165,0.0,0.0,validation,filzen_binary
BRD-K39987650,CPC015_MCF7_6H_X1,0.02735122801298616,0.0,0.0,validation,filzen_binary
BRD-K46937689,CPC015_MCF7_6H_X1,0.025525662641775165,0.0,0.0,validation,filzen_binary
BRD-K57569181,CPC015_MCF7_6H_X1,0.10867676071092386,0.0,1.0,validation,filzen_binary
BRD-K68143200,CPC015_MCF7_6H_X1,0.05673605288899748,0.0,0.0,validation,filzen_binary
BRD-K79131256,CPC015_MCF7_6H_X1,0.0797604529684409,0.0,0.0,validation,filzen_binary
BRD-K85119730,CPC015_MCF7_6H_X1,0.03679835489177532,0.0,0.0,validation,filzen_binary
BRD-A06352418,CPC015_MCF7_6H_X2,0.024069711333574325,0.0,0.0,validation,filzen_binary
BRD-A09056319,CPC015_MCF7_6H_X2,0.0267091793048367,0.0,0.0,validation,filzen_binary
BRD-A25234499,CPC015_MCF7_6H_X2,0.027861201568607004,0.0,0.0,validation,filzen_binary
BRD-A42759514,CPC015_MCF7_6H_X2,0.027015532083489023,0.0,0.0,validation,filzen_binary
BRD-A66559694,CPC015_MCF7_6H_X2,0.047986042642756604,0.0,0.0,validation,filzen_binary
BRD-A97701745,CPC015_MCF7_6H_X2,0.024736750255224718,0.0,0.0,validation,filzen_binary
BRD-K25224017,CPC015_MCF7_6H_X2,0.02884984024653892,0.0,0.0,validation,filzen_binary
BRD-K37991163,CPC015_MCF7_6H_X2,0.024776630422082165,0.0,0.0,validation,filzen_binary
BRD-K39987650,CPC015_MCF7_6H_X2,0.02735122801298616,0.0,0.0,validation,filzen_binary
BRD-K46937689,CPC015_MCF7_6H_X2,0.025525662641775165,0.0,0.0,validation,filzen_binary
BRD-K57569181,CPC015_MCF7_6H_X2,0.10867676071092386,0.0,1.0,validation,filzen_binary
BRD-K68143200,CPC015_MCF7_6H_X2,0.05673605288899748,0.0,0.0,validation,filzen_binary
BRD-K79131256,CPC015_MCF7_6H_X2,0.0797604529684409,0.0,0.0,validation,filzen_binary
BRD-K85119730,CPC015_MCF7_6H_X2,0.03679835489177532,0.0,0.0,validation,filzen_binary
BRD-A06352418,CPC015_MCF7_6H_X3,0.024069711333574325,0.0,0.0,validation,filzen_binary
BRD-A09056319,CPC015_MCF7_6H_X3,0.0267091793048367,0.0,0.0,validation,filzen_binary
BRD-A25234499,CPC015_MCF7_6H_X3,0.027861201568607004,0.0,0.0,validation,filzen_binary
BRD-A42759514,CPC015_MCF7_6H_X3,0.027015532083489023,0.0,0.0,validation,filzen_binary
BRD-A66559694,CPC015_MCF7_6H_X3,0.047986042642756604,0.0,0.0,validation,filzen_binary
BRD-A97701745,CPC015_MCF7_6H_X3,0.024736750255224718,0.0,0.0,validation,filzen_binary
BRD-K25224017,CPC015_MCF7_6H_X3,0.02884984024653892,0.0,0.0,validation,filzen_binary
BRD-K37991163,CPC015_MCF7_6H_X3,0.024776630422082165,0.0,0.0,validation,filzen_binary
BRD-K39987650,CPC015_MCF7_6H_X3,0.02735122801298616,0.0,0.0,validation,filzen_binary
BRD-K46937689,CPC015_MCF7_6H_X3,0.025525662641775165,0.0,0.0,validation,filzen_binary
BRD-K57569181,CPC015_MCF7_6H_X3,0.10867676071092386,0.0,1.0,validation,filzen_binary
BRD-K68143200,CPC015_MCF7_6H_X3,0.05673605288899748,0.0,0.0,validation,filzen_binary
BRD-K79131256,CPC015_MCF7_6H_X3,0.0797604529684409,0.0,0.0,validation,filzen_binary
BRD-K85119730,CPC015_MCF7_6H_X3,0.03679835489177532,0.0,0.0,validation,filzen_binary
BRD-A06352418,CPC015_MCF7_6H_X4,0.024069711333574325,0.0,0.0,validation,filzen_binary
BRD-A09056319,CPC015_MCF7_6H_X4,0.0267091793048367,0.0,0.0,validation,filzen_binary
BRD-A25234499,CPC015_MCF7_6H_X4,0.027861201568607004,0.0,0.0,validation,filzen_binary
BRD-A42759514,CPC015_MCF7_6H_X4,0.027015532083489023,0.0,0.0,validation,filzen_binary
BRD-A66559694,CPC015_MCF7_6H_X4,0.047986042642756604,0.0,0.0,validation,filzen_binary
BRD-A97701745,CPC015_MCF7_6H_X4,0.024736750255224718,0.0,0.0,validation,filzen_binary
BRD-K25224017,CPC015_MCF7_6H_X4,0.02884984024653892,0.0,0.0,validation,filzen_binary
BRD-K37991163,CPC015_MCF7_6H_X4,0.024776630422082165,0.0,0.0,validation,filzen_binary
BRD-K39987650,CPC015_MCF7_6H_X4,0.02735122801298616,0.0,0.0,validation,filzen_binary
BRD-K46937689,CPC015_MCF7_6H_X4,0.025525662641775165,0.0,0.0,validation,filzen_binary
BRD-K57569181,CPC015_MCF7_6H_X4,0.10867676071092386,0.0,1.0,validation,filzen_binary
BRD-K68143200,CPC015_MCF7_6H_X4,0.05673605288899748,0.0,0.0,validation,filzen_binary
BRD-K79131256,CPC015_MCF7_6H_X4,0.0797604529684409,0.0,0.0,validation,filzen_binary
BRD-K85119730,CPC015_MCF7_6H_X4,0.03679835489177532,0.0,0.0,validation,filzen_binary
BRD-A06352418,CPC015_MCF7_6H_X5,0.024069711333574325,0.0,0.0,validation,filzen_binary
BRD-A09056319,CPC015_MCF7_6H_X5,0.0267091793048367,0.0,0.0,validation,filzen_binary
BRD-A25234499,CPC015_MCF7_6H_X5,0.027861201568607004,0.0,0.0,validation,filzen_binary
BRD-A42759514,CPC015_MCF7_6H_X5,0.027015532083489023,0.0,0.0,validation,filzen_binary
BRD-A66559694,CPC015_MCF7_6H_X5,0.047986042642756604,0.0,0.0,validation,filzen_binary
BRD-A97701745,CPC015_MCF7_6H_X5,0.024736750255224718,0.0,0.0,validation,filzen_binary
BRD-K25224017,CPC015_MCF7_6H_X5,0.02884984024653892,0.0,0.0,validation,filzen_binary
BRD-K37991163,CPC015_MCF7_6H_X5,0.024776630422082165,0.0,0.0,validation,filzen_binary
BRD-K39987650,CPC015_MCF7_6H_X5,0.02735122801298616,0.0,0.0,validation,filzen_binary
BRD-K46937689,CPC015_MCF7_6H_X5,0.025525662641775165,0.0,0.0,validation,filzen_binary
BRD-K57569181,CPC015_MCF7_6H_X5,0.10867676071092386,0.0,1.0,validation,filzen_binary
BRD-K68143200,CPC015_MCF7_6H_X5,0.05673605288899748,0.0,0.0,validation,filzen_binary
BRD-K79131256,CPC015_MCF7_6H_X5,0.0797604529684409,0.0,0.0,validation,filzen_binary
BRD-K85119730,CPC015_MCF7_6H_X5,0.03679835489177532,0.0,0.0,validation,filzen_binary
BRD-A64977602,CPC016_MCF7_6H_X1,0.025975296060939682,0.0,0.0,validation,filzen_binary
BRD-K28307902,CPC016_MCF7_6H_X1,0.0843110764073944,0.0,1.0,validation,filzen_binary
BRD-K36927236,CPC016_MCF7_6H_X1,0.03547956090155156,0.0,0.0,validation,filzen_binary
BRD-A64977602,CPC016_MCF7_6H_X2,0.025975296060939682,0.0,0.0,validation,filzen_binary
BRD-K28307902,CPC016_MCF7_6H_X2,0.0843110764073944,0.0,1.0,validation,filzen_binary
BRD-K36927236,CPC016_MCF7_6H_X2,0.03547956090155156,0.0,0.0,validation,filzen_binary
BRD-A64977602,CPC016_MCF7_6H_X5,0.025975296060939682,0.0,0.0,validation,filzen_binary
BRD-K28307902,CPC016_MCF7_6H_X5,0.0843110764073944,0.0,1.0,validation,filzen_binary
BRD-K36927236,CPC016_MCF7_6H_X5,0.03547956090155156,0.0,0.0,validation,filzen_binary
BRD-A29734509,CPC017_MCF7_6H_X1,0.03506911786430109,0.0,0.0,validation,filzen_binary
BRD-K30240666,CPC017_MCF7_6H_X1,0.02506350279832054,0.0,0.0,validation,filzen_binary
BRD-K60762818,CPC017_MCF7_6H_X1,0.03642797911220714,0.0,0.0,validation,filzen_binary
BRD-K68507560,CPC017_MCF7_6H_X1,0.02588421396981232,0.0,0.0,validation,filzen_binary
BRD-K86301799,CPC017_MCF7_6H_X1,0.037045236919209294,0.0,0.0,validation,filzen_binary
BRD-A29734509,CPC017_MCF7_6H_X2,0.03506911786430109,0.0,0.0,validation,filzen_binary
BRD-K30240666,CPC017_MCF7_6H_X2,0.02506350279832054,0.0,0.0,validation,filzen_binary
BRD-K60762818,CPC017_MCF7_6H_X2,0.03642797911220714,0.0,0.0,validation,filzen_binary
BRD-K68507560,CPC017_MCF7_6H_X2,0.02588421396981232,0.0,0.0,validation,filzen_binary
BRD-K86301799,CPC017_MCF7_6H_X2,0.037045236919209294,0.0,0.0,validation,filzen_binary
BRD-A29734509,CPC017_MCF7_6H_X3,0.03506911786430109,0.0,0.0,validation,filzen_binary
BRD-K30240666,CPC017_MCF7_6H_X3,0.02506350279832054,0.0,0.0,validation,filzen_binary
BRD-K60762818,CPC017_MCF7_6H_X3,0.03642797911220714,0.0,0.0,validation,filzen_binary
BRD-K68507560,CPC017_MCF7_6H_X3,0.02588421396981232,0.0,0.0,validation,filzen_binary
BRD-K86301799,CPC017_MCF7_6H_X3,0.037045236919209294,0.0,0.0,validation,filzen_binary
BRD-A29734509,CPC017_MCF7_6H_X5,0.03506911786430109,0.0,0.0,validation,filzen_binary
BRD-K30240666,CPC017_MCF7_6H_X5,0.02506350279832054,0.0,0.0,validation,filzen_binary
BRD-K60762818,CPC017_MCF7_6H_X5,0.03642797911220714,0.0,0.0,validation,filzen_binary
BRD-K68507560,CPC017_MCF7_6H_X5,0.02588421396981232,0.0,0.0,validation,filzen_binary
BRD-K86301799,CPC017_MCF7_6H_X5,0.037045236919209294,0.0,0.0,validation,filzen_binary
BRD-A91699651,CPC018_MCF7_6H_X1,0.06259824910154445,0.0,0.0,validation,filzen_binary
BRD-K01292756,CPC018_MCF7_6H_X1,0.025392115476639335,0.0,0.0,validation,filzen_binary
BRD-K54233340,CPC018_MCF7_6H_X1,0.7618861777952688,1.0,1.0,validation,filzen_binary
BRD-K96354014,CPC018_MCF7_6H_X1,0.026858970597843056,0.0,0.0,validation,filzen_binary
BRD-A91699651,CPC018_MCF7_6H_X2,0.06259824910154445,0.0,0.0,validation,filzen_binary
BRD-K01292756,CPC018_MCF7_6H_X2,0.025392115476639335,0.0,0.0,validation,filzen_binary
BRD-K54233340,CPC018_MCF7_6H_X2,0.7618861777952688,1.0,1.0,validation,filzen_binary
BRD-K96354014,CPC018_MCF7_6H_X2,0.026858970597843056,0.0,0.0,validation,filzen_binary
BRD-A91699651,CPC018_MCF7_6H_X3,0.06259824910154445,0.0,0.0,validation,filzen_binary
BRD-K01292756,CPC018_MCF7_6H_X3,0.025392115476639335,0.0,0.0,validation,filzen_binary
BRD-K54233340,CPC018_MCF7_6H_X3,0.01644148256917664,0.0,0.0,validation,filzen_binary
BRD-K96354014,CPC018_MCF7_6H_X3,0.026858970597843056,0.0,0.0,validation,filzen_binary
BRD-A29734509,CPC020_MCF7_6H_X1,0.03513827798194507,0.0,0.0,validation,filzen_binary
BRD-K11129031,CPC020_MCF7_6H_X1,0.027983114942176344,0.0,0.0,validation,filzen_binary
BRD-K32821942,CPC020_MCF7_6H_X1,0.029601021731137166,0.0,0.0,validation,filzen_binary
BRD-K36927236,CPC020_MCF7_6H_X1,0.035373406218379144,0.0,0.0,validation,filzen_binary
BRD-K60762818,CPC020_MCF7_6H_X1,0.03646498164004201,0.0,0.0,validation,filzen_binary
BRD-K79131256,CPC020_MCF7_6H_X1,0.07868103954900275,0.0,0.0,validation,filzen_binary
BRD-K85119730,CPC020_MCF7_6H_X1,0.035682195554803404,0.0,0.0,validation,filzen_binary
BRD-K86301799,CPC020_MCF7_6H_X1,0.037044259496966984,0.0,0.0,validation,filzen_binary
BRD-A29734509,CPC020_MCF7_6H_X2,0.03513827798194507,0.0,0.0,validation,filzen_binary
BRD-K11129031,CPC020_MCF7_6H_X2,0.027983114942176344,0.0,0.0,validation,filzen_binary
BRD-K32821942,CPC020_MCF7_6H_X2,0.029601021731137166,0.0,0.0,validation,filzen_binary
BRD-K36927236,CPC020_MCF7_6H_X2,0.035373406218379144,0.0,0.0,validation,filzen_binary
BRD-K60762818,CPC020_MCF7_6H_X2,0.03646498164004201,0.0,0.0,validation,filzen_binary
BRD-K79131256,CPC020_MCF7_6H_X2,0.07868103954900275,0.0,0.0,validation,filzen_binary
BRD-K85119730,CPC020_MCF7_6H_X2,0.035682195554803404,0.0,0.0,validation,filzen_binary
BRD-K86301799,CPC020_MCF7_6H_X2,0.037044259496966984,0.0,0.0,validation,filzen_binary
BRD-A29734509,CPC020_MCF7_6H_X3,0.03513827798194507,0.0,0.0,validation,filzen_binary
BRD-K11129031,CPC020_MCF7_6H_X3,0.027983114942176344,0.0,0.0,validation,filzen_binary
BRD-K32821942,CPC020_MCF7_6H_X3,0.029601021731137166,0.0,0.0,validation,filzen_binary
BRD-K36927236,CPC020_MCF7_6H_X3,0.035373406218379144,0.0,0.0,validation,filzen_binary
BRD-K60762818,CPC020_MCF7_6H_X3,0.03646498164004201,0.0,0.0,validation,filzen_binary
BRD-K79131256,CPC020_MCF7_6H_X3,0.07868103954900275,0.0,0.0,validation,filzen_binary
BRD-K85119730,CPC020_MCF7_6H_X3,0.035682195554803404,0.0,0.0,validation,filzen_binary
BRD-K86301799,CPC020_MCF7_6H_X3,0.037044259496966984,0.0,0.0,validation,filzen_binary
BRD-A29734509,CPC020_MCF7_6H_X5,0.03513827798194507,0.0,0.0,validation,filzen_binary
BRD-K11129031,CPC020_MCF7_6H_X5,0.027983114942176344,0.0,0.0,validation,filzen_binary
BRD-K32821942,CPC020_MCF7_6H_X5,0.029601021731137166,0.0,0.0,validation,filzen_binary
BRD-K36927236,CPC020_MCF7_6H_X5,0.035373406218379144,0.0,0.0,validation,filzen_binary
BRD-K60762818,CPC020_MCF7_6H_X5,0.03646498164004201,0.0,0.0,validation,filzen_binary
BRD-K79131256,CPC020_MCF7_6H_X5,0.07868103954900275,0.0,0.0,validation,filzen_binary
BRD-K85119730,CPC020_MCF7_6H_X5,0.035682195554803404,0.0,0.0,validation,filzen_binary
BRD-K86301799,CPC020_MCF7_6H_X5,0.037044259496966984,0.0,0.0,validation,filzen_binary
BRD-A06352418,CPD001_MCF7_6H_X1,0.02372360814463426,0.0,0.0,validation,filzen_binary
BRD-A09056319,CPD001_MCF7_6H_X1,0.0265427164812616,0.0,0.0,validation,filzen_binary
BRD-A25234499,CPD001_MCF7_6H_X1,0.027758268817481672,0.0,0.0,validation,filzen_binary
BRD-A29734509,CPD001_MCF7_6H_X1,0.03718925100246474,0.0,0.0,validation,filzen_binary
BRD-A42759514,CPD001_MCF7_6H_X1,0.02682544220699986,0.0,0.0,validation,filzen_binary
BRD-A97701745,CPD001_MCF7_6H_X1,0.02436133818709293,0.0,0.0,validation,filzen_binary
BRD-K01292756,CPD001_MCF7_6H_X1,0.02623015561848737,0.0,0.0,validation,filzen_binary
BRD-K11129031,CPD001_MCF7_6H_X1,0.02939887935698687,0.0,0.0,validation,filzen_binary
BRD-K28307902,CPD001_MCF7_6H_X1,0.08420261194728164,0.0,1.0,validation,filzen_binary
BRD-K30240666,CPD001_MCF7_6H_X1,0.025564626087777063,0.0,0.0,validation,filzen_binary
BRD-K32821942,CPD001_MCF7_6H_X1,0.031096468932066423,0.0,0.0,validation,filzen_binary
BRD-K36927236,CPD001_MCF7_6H_X1,0.037247557120451844,0.0,0.0,validation,filzen_binary
BRD-K46937689,CPD001_MCF7_6H_X1,0.025067119167788435,0.0,0.0,validation,filzen_binary
BRD-K55127134,CPD001_MCF7_6H_X1,0.021589071215902908,0.0,0.0,validation,filzen_binary
BRD-K57569181,CPD001_MCF7_6H_X1,0.10782744978319897,0.0,1.0,validation,filzen_binary
BRD-K60762818,CPD001_MCF7_6H_X1,0.038478632631794164,0.0,0.0,validation,filzen_binary
BRD-K68507560,CPD001_MCF7_6H_X1,0.02628746720874757,0.0,0.0,validation,filzen_binary
BRD-K79131256,CPD001_MCF7_6H_X1,0.08069321670361652,0.0,0.0,validation,filzen_binary
BRD-K85119730,CPD001_MCF7_6H_X1,0.037626393811696836,0.0,0.0,validation,filzen_binary
BRD-K86301799,CPD001_MCF7_6H_X1,0.039152250820247925,0.0,0.0,validation,filzen_binary
BRD-K96354014,CPD001_MCF7_6H_X1,0.027455710164611756,0.0,0.0,validation,filzen_binary
BRD-A06352418,CPD001_MCF7_6H_X1.A2,0.02372360814463426,0.0,0.0,validation,filzen_binary
BRD-A09056319,CPD001_MCF7_6H_X1.A2,0.0265427164812616,0.0,0.0,validation,filzen_binary
BRD-A25234499,CPD001_MCF7_6H_X1.A2,0.027758268817481672,0.0,0.0,validation,filzen_binary
BRD-A29734509,CPD001_MCF7_6H_X1.A2,0.03718925100246474,0.0,0.0,validation,filzen_binary
BRD-A42759514,CPD001_MCF7_6H_X1.A2,0.02682544220699986,0.0,0.0,validation,filzen_binary
BRD-A97701745,CPD001_MCF7_6H_X1.A2,0.02436133818709293,0.0,0.0,validation,filzen_binary
BRD-K01292756,CPD001_MCF7_6H_X1.A2,0.02623015561848737,0.0,0.0,validation,filzen_binary
BRD-K11129031,CPD001_MCF7_6H_X1.A2,0.02939887935698687,0.0,0.0,validation,filzen_binary
BRD-K28307902,CPD001_MCF7_6H_X1.A2,0.08420261194728164,0.0,1.0,validation,filzen_binary
BRD-K30240666,CPD001_MCF7_6H_X1.A2,0.025564626087777063,0.0,0.0,validation,filzen_binary
BRD-K32821942,CPD001_MCF7_6H_X1.A2,0.031096468932066423,0.0,0.0,validation,filzen_binary
BRD-K36927236,CPD001_MCF7_6H_X1.A2,0.037247557120451844,0.0,0.0,validation,filzen_binary
BRD-K46937689,CPD001_MCF7_6H_X1.A2,0.025067119167788435,0.0,0.0,validation,filzen_binary
BRD-K55127134,CPD001_MCF7_6H_X1.A2,0.021589071215902908,0.0,0.0,validation,filzen_binary
BRD-K57569181,CPD001_MCF7_6H_X1.A2,0.10782744978319897,0.0,1.0,validation,filzen_binary
BRD-K60762818,CPD001_MCF7_6H_X1.A2,0.038478632631794164,0.0,0.0,validation,filzen_binary
BRD-K68507560,CPD001_MCF7_6H_X1.A2,0.02628746720874757,0.0,0.0,validation,filzen_binary
BRD-K79131256,CPD001_MCF7_6H_X1.A2,0.08069321670361652,0.0,0.0,validation,filzen_binary
BRD-K85119730,CPD001_MCF7_6H_X1.A2,0.037626393811696836,0.0,0.0,validation,filzen_binary
BRD-K86301799,CPD001_MCF7_6H_X1.A2,0.039152250820247925,0.0,0.0,validation,filzen_binary
BRD-K96354014,CPD001_MCF7_6H_X1.A2,0.027455710164611756,0.0,0.0,validation,filzen_binary
BRD-A06352418,CPD001_MCF7_6H_X2,0.02372360814463426,0.0,0.0,validation,filzen_binary
BRD-A09056319,CPD001_MCF7_6H_X2,0.0265427164812616,0.0,0.0,validation,filzen_binary
BRD-A25234499,CPD001_MCF7_6H_X2,0.027758268817481672,0.0,0.0,validation,filzen_binary
BRD-A29734509,CPD001_MCF7_6H_X2,0.03718925100246474,0.0,0.0,validation,filzen_binary
BRD-A42759514,CPD001_MCF7_6H_X2,0.02682544220699986,0.0,0.0,validation,filzen_binary
BRD-A97701745,CPD001_MCF7_6H_X2,0.02436133818709293,0.0,0.0,validation,filzen_binary
BRD-K01292756,CPD001_MCF7_6H_X2,0.02623015561848737,0.0,0.0,validation,filzen_binary
BRD-K11129031,CPD001_MCF7_6H_X2,0.02939887935698687,0.0,0.0,validation,filzen_binary
BRD-K28307902,CPD001_MCF7_6H_X2,0.08420261194728164,0.0,1.0,validation,filzen_binary
BRD-K30240666,CPD001_MCF7_6H_X2,0.025564626087777063,0.0,0.0,validation,filzen_binary
BRD-K32821942,CPD001_MCF7_6H_X2,0.031096468932066423,0.0,0.0,validation,filzen_binary
BRD-K36927236,CPD001_MCF7_6H_X2,0.037247557120451844,0.0,0.0,validation,filzen_binary
BRD-K46937689,CPD001_MCF7_6H_X2,0.025067119167788435,0.0,0.0,validation,filzen_binary
BRD-K55127134,CPD001_MCF7_6H_X2,0.021589071215902908,0.0,0.0,validation,filzen_binary
BRD-K57569181,CPD001_MCF7_6H_X2,0.10782744978319897,0.0,1.0,validation,filzen_binary
BRD-K60762818,CPD001_MCF7_6H_X2,0.038478632631794164,0.0,0.0,validation,filzen_binary
BRD-K68507560,CPD001_MCF7_6H_X2,0.02628746720874757,0.0,0.0,validation,filzen_binary
BRD-K79131256,CPD001_MCF7_6H_X2,0.08069321670361652,0.0,0.0,validation,filzen_binary
BRD-K85119730,CPD001_MCF7_6H_X2,0.037626393811696836,0.0,0.0,validation,filzen_binary
BRD-K86301799,CPD001_MCF7_6H_X2,0.039152250820247925,0.0,0.0,validation,filzen_binary
BRD-K96354014,CPD001_MCF7_6H_X2,0.027455710164611756,0.0,0.0,validation,filzen_binary
BRD-A06352418,CPD001_MCF7_6H_X3,0.02372360814463426,0.0,0.0,validation,filzen_binary
BRD-A09056319,CPD001_MCF7_6H_X3,0.0265427164812616,0.0,0.0,validation,filzen_binary
BRD-A25234499,CPD001_MCF7_6H_X3,0.027758268817481672,0.0,0.0,validation,filzen_binary
BRD-A29734509,CPD001_MCF7_6H_X3,0.03718925100246474,0.0,0.0,validation,filzen_binary
BRD-A42759514,CPD001_MCF7_6H_X3,0.02682544220699986,0.0,0.0,validation,filzen_binary
BRD-A97701745,CPD001_MCF7_6H_X3,0.02436133818709293,0.0,0.0,validation,filzen_binary
BRD-K01292756,CPD001_MCF7_6H_X3,0.02623015561848737,0.0,0.0,validation,filzen_binary
BRD-K11129031,CPD001_MCF7_6H_X3,0.02939887935698687,0.0,0.0,validation,filzen_binary
BRD-K28307902,CPD001_MCF7_6H_X3,0.08420261194728164,0.0,1.0,validation,filzen_binary
BRD-K30240666,CPD001_MCF7_6H_X3,0.025564626087777063,0.0,0.0,validation,filzen_binary
BRD-K32821942,CPD001_MCF7_6H_X3,0.031096468932066423,0.0,0.0,validation,filzen_binary
BRD-K36927236,CPD001_MCF7_6H_X3,0.037247557120451844,0.0,0.0,validation,filzen_binary
BRD-K46937689,CPD001_MCF7_6H_X3,0.025067119167788435,0.0,0.0,validation,filzen_binary
BRD-K55127134,CPD001_MCF7_6H_X3,0.021589071215902908,0.0,0.0,validation,filzen_binary
BRD-K57569181,CPD001_MCF7_6H_X3,0.10782744978319897,0.0,1.0,validation,filzen_binary
BRD-K60762818,CPD001_MCF7_6H_X3,0.038478632631794164,0.0,0.0,validation,filzen_binary
BRD-K68507560,CPD001_MCF7_6H_X3,0.02628746720874757,0.0,0.0,validation,filzen_binary
BRD-K79131256,CPD001_MCF7_6H_X3,0.08069321670361652,0.0,0.0,validation,filzen_binary
BRD-K85119730,CPD001_MCF7_6H_X3,0.037626393811696836,0.0,0.0,validation,filzen_binary
BRD-K86301799,CPD001_MCF7_6H_X3,0.039152250820247925,0.0,0.0,validation,filzen_binary
BRD-K96354014,CPD001_MCF7_6H_X3,0.027455710164611756,0.0,0.0,validation,filzen_binary
BRD-A47598013,CPD002_MCF7_6H_X1,0.0218213497673344,0.0,0.0,validation,filzen_binary
BRD-A64977602,CPD002_MCF7_6H_X1,0.02270529653865416,0.0,0.0,validation,filzen_binary
BRD-A91699651,CPD002_MCF7_6H_X1,0.05808796567098472,0.0,0.0,validation,filzen_binary
BRD-K25224017,CPD002_MCF7_6H_X1,0.025217769224147202,0.0,0.0,validation,filzen_binary
BRD-K39987650,CPD002_MCF7_6H_X1,0.02317138504916627,0.0,0.0,validation,filzen_binary
BRD-A47598013,CPD002_MCF7_6H_X2,0.0218213497673344,0.0,0.0,validation,filzen_binary
BRD-A64977602,CPD002_MCF7_6H_X2,0.02270529653865416,0.0,0.0,validation,filzen_binary
BRD-A91699651,CPD002_MCF7_6H_X2,0.05808796567098472,0.0,0.0,validation,filzen_binary
BRD-K25224017,CPD002_MCF7_6H_X2,0.025217769224147202,0.0,0.0,validation,filzen_binary
BRD-K39987650,CPD002_MCF7_6H_X2,0.02317138504916627,0.0,0.0,validation,filzen_binary
BRD-A47598013,CPD002_MCF7_6H_X3,0.0218213497673344,0.0,0.0,validation,filzen_binary
BRD-A64977602,CPD002_MCF7_6H_X3,0.02270529653865416,0.0,0.0,validation,filzen_binary
BRD-A91699651,CPD002_MCF7_6H_X3,0.05808796567098472,0.0,0.0,validation,filzen_binary
BRD-K25224017,CPD002_MCF7_6H_X3,0.025217769224147202,0.0,0.0,validation,filzen_binary
BRD-K39987650,CPD002_MCF7_6H_X3,0.02317138504916627,0.0,0.0,validation,filzen_binary
BRD-K37991163,CPD003_MCF7_6H_X1,0.02097890380447026,0.0,0.0,validation,filzen_binary
BRD-K37991163,CPD003_MCF7_6H_X2,0.02097890380447026,0.0,0.0,validation,filzen_binary
BRD-K80738081,DEB001_MCF7_6H_X2,0.15666275201333482,1.0,1.0,validation,filzen_binary
BRD-K88378636,DEB001_MCF7_6H_X2,0.17977559140148525,0.0,0.0,validation,filzen_binary
BRD-K80738081,DEB001_MCF7_6H_X3,0.15666275201333482,1.0,1.0,validation,filzen_binary
BRD-K88378636,DEB001_MCF7_6H_X3,0.17977559140148525,0.0,0.0,validation,filzen_binary
BRD-K80738081,DEB001_MCF7_6H_X5,0.15666275201333482,1.0,1.0,validation,filzen_binary
BRD-K88378636,DEB001_MCF7_6H_X5,0.17977559140148525,0.0,0.0,validation,filzen_binary
BRD-K88378636,HOG001_MCF7_6H_X2,0.17857728133996112,0.0,0.0,validation,filzen_binary
BRD-K88378636,HOG001_MCF7_6H_X3,0.17857728133996112,0.0,0.0,validation,filzen_binary
BRD-K88378636,HOG001_MCF7_6H_X4,0.17857728133996112,0.0,0.0,validation,filzen_binary
BRD-K88378636,HOG002_MCF7_6H_X1,0.17857728133996112,0.0,0.0,validation,filzen_binary
BRD-K88378636,HOG002_MCF7_6H_X2,0.17857728133996112,0.0,0.0,validation,filzen_binary
BRD-K88378636,HOG002_MCF7_6H_X3,0.17857728133996112,0.0,0.0,validation,filzen_binary
BRD-A91699651,HOG003_MCF7_6H_X1,0.0546464007644917,0.0,0.0,validation,filzen_binary
BRD-K88378636,HOG003_MCF7_6H_X1,0.1829050665542052,0.0,0.0,validation,filzen_binary
BRD-A91699651,HOG003_MCF7_6H_X2,0.0546464007644917,0.0,0.0,validation,filzen_binary
BRD-K88378636,HOG003_MCF7_6H_X2,0.1829050665542052,0.0,0.0,validation,filzen_binary
BRD-A91699651,HOG003_MCF7_6H_X3,0.0546464007644917,0.0,0.0,validation,filzen_binary
BRD-K88378636,HOG003_MCF7_6H_X3,0.1829050665542052,0.0,0.0,validation,filzen_binary
BRD-A91699651,HOG003_MCF7_6H_X4,0.0546464007644917,0.0,0.0,validation,filzen_binary
BRD-K88378636,HOG003_MCF7_6H_X4,0.1829050665542052,0.0,0.0,validation,filzen_binary
BRD-K63068307,LJP001_MCF7_6H_X1,0.04565949132773792,0.0,0.0,validation,filzen_binary
BRD-K63068307,LJP001_MCF7_6H_X2,0.04565949132773792,0.0,0.0,validation,filzen_binary
BRD-K63068307,LJP001_MCF7_6H_X3,0.04565949132773792,0.0,0.0,validation,filzen_binary
BRD-K63068307,LJP001_MCF7_6H_X4,0.04565949132773792,0.0,0.0,validation,filzen_binary
BRD-A66559694,MUC.CP002_MCF7_6H_X1,0.033387332305122704,0.0,0.0,validation,filzen_binary
BRD-A66559694,MUC.CP002_MCF7_6H_X2,0.033387332305122704,0.0,0.0,validation,filzen_binary
BRD-A66559694,MUC.CP002_MCF7_6H_X3,0.033387332305122704,0.0,0.0,validation,filzen_binary
BRD-K68143200,MUC.CP003_MCF7_6H_X1,0.03899718731944945,0.0,0.0,validation,filzen_binary
BRD-K68143200,MUC.CP003_MCF7_6H_X2,0.03899718731944945,0.0,0.0,validation,filzen_binary
BRD-K68143200,MUC.CP003_MCF7_6H_X3,0.03899718731944945,0.0,0.0,validation,filzen_binary
BRD-A76490030,MUC.CP005_MCF7_6H_X1,0.04776353472549773,0.0,0.0,validation,filzen_binary
BRD-K79131256,MUC.CP005_MCF7_6H_X1,0.06390251272147038,0.0,0.0,validation,filzen_binary
BRD-A76490030,MUC.CP005_MCF7_6H_X2,0.04776353472549773,0.0,0.0,validation,filzen_binary
BRD-K79131256,MUC.CP005_MCF7_6H_X2,0.06390251272147038,0.0,0.0,validation,filzen_binary
BRD-A76490030,MUC.CP005_MCF7_6H_X3,0.04776353472549773,0.0,0.0,validation,filzen_binary
BRD-K79131256,MUC.CP005_MCF7_6H_X3,0.06390251272147038,0.0,0.0,validation,filzen_binary
BRD-K28307902,RAD001_MCF7_6H_X1,0.0558981623933397,0.0,1.0,validation,filzen_binary
BRD-K57569181,RAD001_MCF7_6H_X1,0.07364447908145862,0.0,1.0,validation,filzen_binary
BRD-K80738081,RAD001_MCF7_6H_X1,0.1201992676371807,1.0,1.0,validation,filzen_binary
BRD-K28307902,RAD001_MCF7_6H_X2,0.0558981623933397,0.0,1.0,validation,filzen_binary
BRD-K57569181,RAD001_MCF7_6H_X2,0.07364447908145862,0.0,1.0,validation,filzen_binary
BRD-K80738081,RAD001_MCF7_6H_X2,0.1201992676371807,1.0,1.0,validation,filzen_binary
BRD-K27305650,ASG001_MCF7_6H_X2,0.25382606065763447,1.0,1.0,test,filzen_continuous
BRD-K89732114,ASG001_MCF7_6H_X2,0.03780097767904418,0.0,0.0,test,filzen_continuous
BRD-A54880345,CPC004_MCF7_6H_X1,0.0445179379893423,0.0,0.0,test,filzen_continuous
BRD-A55913614,CPC004_MCF7_6H_X1,0.025740742233312398,0.0,0.0,test,filzen_continuous
BRD-A75552914,CPC004_MCF7_6H_X1,0.02396787689990373,0.0,0.0,test,filzen_continuous
BRD-A79981887,CPC004_MCF7_6H_X1,0.05721295878164985,0.0,0.0,test,filzen_continuous
BRD-K02265150,CPC004_MCF7_6H_X1,0.0692830683917293,0.0,1.0,test,filzen_continuous
BRD-K22031190,CPC004_MCF7_6H_X1,0.04983283088578086,0.0,0.0,test,filzen_continuous
BRD-K25394294,CPC004_MCF7_6H_X1,0.06346946033030211,0.0,1.0,test,filzen_continuous
BRD-K28936863,CPC004_MCF7_6H_X1,0.04446846448807888,0.0,1.0,test,filzen_continuous
BRD-K29458283,CPC004_MCF7_6H_X1,0.14681942782913632,0.0,1.0,test,filzen_continuous
BRD-K32247306,CPC004_MCF7_6H_X1,0.032126869545498156,0.0,0.0,test,filzen_continuous
BRD-K38055836,CPC004_MCF7_6H_X1,0.03476734986460475,0.0,0.0,test,filzen_continuous
BRD-K60770992,CPC004_MCF7_6H_X1,0.024172668649670197,0.0,0.0,test,filzen_continuous
BRD-K66353228,CPC004_MCF7_6H_X1,0.09021178717531891,0.0,1.0,test,filzen_continuous
BRD-K67043667,CPC004_MCF7_6H_X1,0.02840483595884312,0.0,0.0,test,filzen_continuous
BRD-K70301876,CPC004_MCF7_6H_X1,0.0285561770331891,0.0,0.0,test,filzen_continuous
BRD-K71103788,CPC004_MCF7_6H_X1,0.03157939249269029,0.0,0.0,test,filzen_continuous
BRD-K75958195,CPC004_MCF7_6H_X1,0.05917997796848148,0.0,0.0,test,filzen_continuous
BRD-K78126613,CPC004_MCF7_6H_X1,0.13837000976494485,0.0,0.0,test,filzen_continuous
BRD-K79759585,CPC004_MCF7_6H_X1,0.033783867150498935,0.0,0.0,test,filzen_continuous
BRD-A54880345,CPC004_MCF7_6H_X2,0.021073506133709712,0.0,0.0,test,filzen_continuous
BRD-A55913614,CPC004_MCF7_6H_X2,0.03549578668230601,0.0,0.0,test,filzen_continuous
BRD-A75552914,CPC004_MCF7_6H_X2,0.04321978483761024,0.0,0.0,test,filzen_continuous
BRD-A79981887,CPC004_MCF7_6H_X2,0.043795332232197635,0.0,0.0,test,filzen_continuous
BRD-K02265150,CPC004_MCF7_6H_X2,0.051903820998474674,0.0,0.0,test,filzen_continuous
BRD-K22031190,CPC004_MCF7_6H_X2,0.027933447536566326,0.0,0.0,test,filzen_continuous
BRD-K25394294,CPC004_MCF7_6H_X2,0.02817812918334524,0.0,0.0,test,filzen_continuous
BRD-K28936863,CPC004_MCF7_6H_X2,0.0503398716971487,0.0,0.0,test,filzen_continuous
BRD-K29458283,CPC004_MCF7_6H_X2,0.17355501116657424,0.0,1.0,test,filzen_continuous
BRD-K32247306,CPC004_MCF7_6H_X2,0.050348390969331684,0.0,0.0,test,filzen_continuous
BRD-K38055836,CPC004_MCF7_6H_X2,0.05039225468266275,0.0,0.0,test,filzen_continuous
BRD-K60770992,CPC004_MCF7_6H_X2,0.04792717489334703,0.0,0.0,test,filzen_continuous
BRD-K66353228,CPC004_MCF7_6H_X2,0.21080647495810326,1.0,1.0,test,filzen_continuous
BRD-K67043667,CPC004_MCF7_6H_X2,0.027595999779289403,0.0,0.0,test,filzen_continuous
BRD-K70301876,CPC004_MCF7_6H_X2,0.03226448491683249,0.0,0.0,test,filzen_continuous
BRD-K71103788,CPC004_MCF7_6H_X2,0.0374161449819245,0.0,0.0,test,filzen_continuous
BRD-K75958195,CPC004_MCF7_6H_X2,0.043823973029008055,0.0,1.0,test,filzen_continuous
BRD-K78126613,CPC004_MCF7_6H_X2,0.09994584316074413,0.0,0.0,test,filzen_continuous
BRD-K79759585,CPC004_MCF7_6H_X2,0.04033587597456485,0.0,0.0,test,filzen_continuous
BRD-A54880345,CPC004_MCF7_6H_X4,0.034321567537983357,0.0,0.0,test,filzen_continuous
BRD-A55913614,CPC004_MCF7_6H_X4,0.02894833194472376,0.0,0.0,test,filzen_continuous
BRD-A75552914,CPC004_MCF7_6H_X4,0.027359476675654974,0.0,0.0,test,filzen_continuous
BRD-A79981887,CPC004_MCF7_6H_X4,0.0354163081456227,0.0,0.0,test,filzen_continuous
BRD-K02265150,CPC004_MCF7_6H_X4,0.017853416746605847,0.0,0.0,test,filzen_continuous
BRD-K22031190,CPC004_MCF7_6H_X4,0.09338764141197346,1.0,1.0,test,filzen_continuous
BRD-K25394294,CPC004_MCF7_6H_X4,0.02808629748973938,0.0,0.0,test,filzen_continuous
BRD-K28936863,CPC004_MCF7_6H_X4,0.040687171606138384,0.0,0.0,test,filzen_continuous
BRD-K29458283,CPC004_MCF7_6H_X4,0.030349294519791497,0.0,0.0,test,filzen_continuous
BRD-K32247306,CPC004_MCF7_6H_X4,0.03832241771145564,0.0,0.0,test,filzen_continuous
BRD-K38055836,CPC004_MCF7_6H_X4,0.04475350100387904,0.0,0.0,test,filzen_continuous
BRD-K60770992,CPC004_MCF7_6H_X4,0.04559348195741527,0.0,0.0,test,filzen_continuous
BRD-K66353228,CPC004_MCF7_6H_X4,0.04970169716423181,0.0,1.0,test,filzen_continuous
BRD-K67043667,CPC004_MCF7_6H_X4,0.05082290568025166,0.0,1.0,test,filzen_continuous
BRD-K70301876,CPC004_MCF7_6H_X4,0.04063623185874174,0.0,0.0,test,filzen_continuous
BRD-K71103788,CPC004_MCF7_6H_X4,0.04585752167050861,0.0,0.0,test,filzen_continuous
BRD-K75958195,CPC004_MCF7_6H_X4,0.06237041834805621,0.0,0.0,test,filzen_continuous
BRD-K78126613,CPC004_MCF7_6H_X4,0.04027414722191915,0.0,0.0,test,filzen_continuous
BRD-K79759585,CPC004_MCF7_6H_X4,0.0466573003184535,0.0,0.0,test,filzen_continuous
BRD-A54880345,CPC004_MCF7_6H_X5,0.05639087035149149,0.0,0.0,test,filzen_continuous
BRD-A55913614,CPC004_MCF7_6H_X5,0.02357292289627623,0.0,0.0,test,filzen_continuous
BRD-A75552914,CPC004_MCF7_6H_X5,0.046469713800621086,0.0,0.0,test,filzen_continuous
BRD-A79981887,CPC004_MCF7_6H_X5,0.04171768388808229,0.0,0.0,test,filzen_continuous
BRD-K02265150,CPC004_MCF7_6H_X5,0.03642961087755504,0.0,0.0,test,filzen_continuous
BRD-K22031190,CPC004_MCF7_6H_X5,0.031204775767947182,0.0,0.0,test,filzen_continuous
BRD-K25394294,CPC004_MCF7_6H_X5,0.0251868903402586,0.0,0.0,test,filzen_continuous
BRD-K28936863,CPC004_MCF7_6H_X5,0.03216697058847208,0.0,0.0,test,filzen_continuous
BRD-K29458283,CPC004_MCF7_6H_X5,0.02795859075056345,0.0,0.0,test,filzen_continuous
BRD-K38055836,CPC004_MCF7_6H_X5,0.03123722489500662,0.0,0.0,test,filzen_continuous
BRD-K60770992,CPC004_MCF7_6H_X5,0.023899699786603532,0.0,0.0,test,filzen_continuous
BRD-K66353228,CPC004_MCF7_6H_X5,0.034426389219285466,0.0,0.0,test,filzen_continuous
BRD-K67043667,CPC004_MCF7_6H_X5,0.03126182393032192,0.0,0.0,test,filzen_continuous
BRD-K70301876,CPC004_MCF7_6H_X5,0.028576003135844606,0.0,0.0,test,filzen_continuous
BRD-K71103788,CPC004_MCF7_6H_X5,0.14733420863642818,1.0,1.0,test,filzen_continuous
BRD-K75958195,CPC004_MCF7_6H_X5,0.05441901095815751,0.0,0.0,test,filzen_continuous
BRD-K78126613,CPC004_MCF7_6H_X5,0.02156844040089003,0.0,0.0,test,filzen_continuous
BRD-K79759585,CPC004_MCF7_6H_X5,0.03265257047929919,0.0,0.0,test,filzen_continuous
BRD-A26711594,CPC005_MCF7_6H_X1,0.025114496745443814,0.0,0.0,test,filzen_continuous
BRD-A36217750,CPC005_MCF7_6H_X1,0.04157285296388433,0.0,0.0,test,filzen_continuous
BRD-K27305650,CPC005_MCF7_6H_X1,0.07673952844755459,0.0,1.0,test,filzen_continuous
BRD-K46211610,CPC005_MCF7_6H_X1,0.08061841191895991,0.0,1.0,test,filzen_continuous
BRD-K67511046,CPC005_MCF7_6H_X1,0.07447656701214274,0.0,1.0,test,filzen_continuous
BRD-K89732114,CPC005_MCF7_6H_X1,0.12467098764828818,1.0,1.0,test,filzen_continuous
BRD-A26711594,CPC005_MCF7_6H_X2,0.021623409419559453,0.0,0.0,test,filzen_continuous
BRD-A36217750,CPC005_MCF7_6H_X2,0.032064375084048254,0.0,0.0,test,filzen_continuous
BRD-K27305650,CPC005_MCF7_6H_X2,0.24072873229473912,1.0,1.0,test,filzen_continuous
BRD-K46211610,CPC005_MCF7_6H_X2,0.08301717613326608,0.0,0.0,test,filzen_continuous
BRD-K67511046,CPC005_MCF7_6H_X2,0.03478548012081892,0.0,0.0,test,filzen_continuous
BRD-K89732114,CPC005_MCF7_6H_X2,0.029206546337807757,0.0,0.0,test,filzen_continuous
BRD-A26711594,CPC005_MCF7_6H_X3,0.029093171250788804,0.0,0.0,test,filzen_continuous
BRD-A36217750,CPC005_MCF7_6H_X3,0.02956873848319277,0.0,0.0,test,filzen_continuous
BRD-K27305650,CPC005_MCF7_6H_X3,0.07547766649660531,0.0,1.0,test,filzen_continuous
BRD-K46211610,CPC005_MCF7_6H_X3,0.052634667611935824,0.0,0.0,test,filzen_continuous
BRD-K67511046,CPC005_MCF7_6H_X3,0.03702543385456167,0.0,0.0,test,filzen_continuous
BRD-K89732114,CPC005_MCF7_6H_X3,0.1449215837517933,1.0,1.0,test,filzen_continuous
BRD-A26711594,CPC005_MCF7_6H_X5,0.03207412370677803,0.0,0.0,test,filzen_continuous
BRD-A36217750,CPC005_MCF7_6H_X5,0.027829392270276268,0.0,0.0,test,filzen_continuous
BRD-K27305650,CPC005_MCF7_6H_X5,0.03647584716922394,0.0,0.0,test,filzen_continuous
BRD-K46211610,CPC005_MCF7_6H_X5,0.16569367351161698,1.0,1.0,test,filzen_continuous
BRD-K67511046,CPC005_MCF7_6H_X5,0.02953963719906174,0.0,0.0,test,filzen_continuous
BRD-K89732114,CPC005_MCF7_6H_X5,0.024570919779830853,0.0,0.0,test,filzen_continuous
BRD-A26711594,CPC006_MCF7_6H_X1,0.03411293044485773,0.0,0.0,test,filzen_continuous
BRD-K56343971,CPC006_MCF7_6H_X1,0.08052933140665301,0.0,1.0,test,filzen_continuous
BRD-K78126613,CPC006_MCF7_6H_X1,0.07707498640794512,0.0,0.0,test,filzen_continuous
BRD-K89732114,CPC006_MCF7_6H_X1,0.07301752850273063,0.0,1.0,test,filzen_continuous
BRD-A26711594,CPC006_MCF7_6H_X2,0.03106057831221987,0.0,0.0,test,filzen_continuous
BRD-K56343971,CPC006_MCF7_6H_X2,0.19507304350167146,1.0,1.0,test,filzen_continuous
BRD-K78126613,CPC006_MCF7_6H_X2,0.0663396303842846,0.0,0.0,test,filzen_continuous
BRD-A26711594,CPC006_MCF7_6H_X3,0.021606887444881515,0.0,0.0,test,filzen_continuous
BRD-K56343971,CPC006_MCF7_6H_X3,0.0893076614606194,0.0,1.0,test,filzen_continuous
BRD-K78126613,CPC006_MCF7_6H_X3,0.21971883808556877,0.0,1.0,test,filzen_continuous
BRD-A26711594,CPC006_MCF7_6H_X4,0.03473754676960263,0.0,0.0,test,filzen_continuous
BRD-K56343971,CPC006_MCF7_6H_X4,0.045786352672122214,0.0,0.0,test,filzen_continuous
BRD-K78126613,CPC006_MCF7_6H_X4,0.3412103804790793,1.0,1.0,test,filzen_continuous
BRD-K89732114,CPC006_MCF7_6H_X4,0.09797785488924167,0.0,1.0,test,filzen_continuous
BRD-A26711594,CPC006_MCF7_6H_X5,0.02570633299894845,0.0,0.0,test,filzen_continuous
BRD-K56343971,CPC006_MCF7_6H_X5,0.054841771241372246,0.0,1.0,test,filzen_continuous
BRD-K78126613,CPC006_MCF7_6H_X5,0.33185316187370856,1.0,1.0,test,filzen_continuous
BRD-K89732114,CPC006_MCF7_6H_X5,0.13784325827507066,1.0,1.0,test,filzen_continuous
BRD-K97181089,CPC007_MCF7_6H_X1.A2,0.021067863221265304,0.0,0.0,test,filzen_continuous
BRD-K97181089,CPC007_MCF7_6H_X2,0.0479635854202862,0.0,1.0,test,filzen_continuous
BRD-K97181089,CPC007_MCF7_6H_X3,0.024499836226201752,0.0,0.0,test,filzen_continuous
BRD-K97181089,CPC007_MCF7_6H_X4,0.02236478761297084,0.0,0.0,test,filzen_continuous
BRD-K28936863,CPC010_MCF7_6H_X2,0.03560429601055294,0.0,0.0,test,filzen_continuous
BRD-K71103788,CPC010_MCF7_6H_X2,0.04441750979385118,0.0,0.0,test,filzen_continuous
BRD-K28936863,CPC010_MCF7_6H_X3,0.03407126426137556,0.0,0.0,test,filzen_continuous
BRD-K71103788,CPC010_MCF7_6H_X3,0.06347939862704978,0.0,1.0,test,filzen_continuous
BRD-K28936863,CPC010_MCF7_6H_X4,0.03244285752668349,0.0,0.0,test,filzen_continuous
BRD-K71103788,CPC010_MCF7_6H_X4,0.03803335430623975,0.0,0.0,test,filzen_continuous
BRD-K25394294,CPC011_MCF7_6H_X1,0.029199008844365756,0.0,0.0,test,filzen_continuous
BRD-K60770992,CPC011_MCF7_6H_X1,0.02592918348677879,0.0,0.0,test,filzen_continuous
BRD-K70301876,CPC011_MCF7_6H_X1,0.03046987673170112,0.0,0.0,test,filzen_continuous
BRD-K71103788,CPC011_MCF7_6H_X1,0.04172226532809787,0.0,0.0,test,filzen_continuous
BRD-K75958195,CPC011_MCF7_6H_X1,0.06533127629230752,0.0,0.0,test,filzen_continuous
BRD-K89732114,CPC011_MCF7_6H_X1,0.025966569479807133,0.0,0.0,test,filzen_continuous
BRD-K92093830,CPC011_MCF7_6H_X1,0.02597092472357419,0.0,0.0,test,filzen_continuous
BRD-K97181089,CPC011_MCF7_6H_X1,0.024758228651741414,0.0,0.0,test,filzen_continuous
BRD-K25394294,CPC011_MCF7_6H_X3,0.035981361626903484,0.0,0.0,test,filzen_continuous
BRD-K60770992,CPC011_MCF7_6H_X3,0.07196691410446479,0.0,1.0,test,filzen_continuous
BRD-K70301876,CPC011_MCF7_6H_X3,0.048701841560172175,0.0,0.0,test,filzen_continuous
BRD-K71103788,CPC011_MCF7_6H_X3,0.1058209859039735,1.0,1.0,test,filzen_continuous
BRD-K75958195,CPC011_MCF7_6H_X3,0.02057125812249641,0.0,0.0,test,filzen_continuous
BRD-K89732114,CPC011_MCF7_6H_X3,0.020033031341592768,0.0,0.0,test,filzen_continuous
BRD-K92093830,CPC011_MCF7_6H_X3,0.17767073938941658,1.0,1.0,test,filzen_continuous
BRD-K97181089,CPC011_MCF7_6H_X3,0.0486592111674849,0.0,1.0,test,filzen_continuous
BRD-K16478699,CPC013_MCF7_6H_X1,0.05373548789722437,0.0,0.0,test,filzen_continuous
BRD-K63923597,CPC013_MCF7_6H_X1,0.05311979094387725,0.0,0.0,test,filzen_continuous
BRD-K16478699,CPC013_MCF7_6H_X2,0.10430039772058054,0.0,1.0,test,filzen_continuous
BRD-K63923597,CPC013_MCF7_6H_X2,0.02526193065386457,0.0,0.0,test,filzen_continuous
BRD-K16478699,CPC013_MCF7_6H_X3.A2,0.02023796277547567,0.0,0.0,test,filzen_continuous
BRD-K63923597,CPC013_MCF7_6H_X3.A2,0.04546880332320874,0.0,0.0,test,filzen_continuous
BRD-K16478699,CPC013_MCF7_6H_X5,0.06301573468946858,0.0,0.0,test,filzen_continuous
BRD-K63923597,CPC013_MCF7_6H_X5,0.055927893347496434,0.0,0.0,test,filzen_continuous
BRD-K16478699,CPC014_MCF7_6H_X1,0.23296606503758235,1.0,1.0,test,filzen_continuous
BRD-K56343971,CPC014_MCF7_6H_X1,0.21368349780432372,1.0,1.0,test,filzen_continuous
BRD-K63923597,CPC014_MCF7_6H_X1,0.05088769820924342,0.0,0.0,test,filzen_continuous
BRD-K16478699,CPC014_MCF7_6H_X2,0.07704441635200028,0.0,1.0,test,filzen_continuous
BRD-K56343971,CPC014_MCF7_6H_X2,0.3087869974358445,1.0,1.0,test,filzen_continuous
BRD-K63923597,CPC014_MCF7_6H_X2,0.04296267609512281,0.0,0.0,test,filzen_continuous
BRD-K16478699,CPC014_MCF7_6H_X3,0.02145415730418276,0.0,0.0,test,filzen_continuous
BRD-K56343971,CPC014_MCF7_6H_X3,0.03733562344229405,0.0,0.0,test,filzen_continuous
BRD-K16478699,CPC014_MCF7_6H_X4,0.0960468867922355,0.0,0.0,test,filzen_continuous
BRD-K56343971,CPC014_MCF7_6H_X4,0.18216829436125076,1.0,1.0,test,filzen_continuous
BRD-K63923597,CPC014_MCF7_6H_X4,0.045445735492576064,0.0,0.0,test,filzen_continuous
BRD-K16478699,CPC014_MCF7_6H_X5,0.08387820772845411,0.0,1.0,test,filzen_continuous
BRD-K56343971,CPC014_MCF7_6H_X5,0.031944994007769706,0.0,0.0,test,filzen_continuous
BRD-K63923597,CPC014_MCF7_6H_X5,0.028862553987840104,0.0,0.0,test,filzen_continuous
BRD-A54880345,CPC015_MCF7_6H_X1,0.06839470693636017,0.0,1.0,test,filzen_continuous
BRD-A55913614,CPC015_MCF7_6H_X1,0.05943058535136461,0.0,1.0,test,filzen_continuous
BRD-A75552914,CPC015_MCF7_6H_X1,0.02943694897828897,0.0,0.0,test,filzen_continuous
BRD-A79981887,CPC015_MCF7_6H_X1,0.03993522896825906,0.0,0.0,test,filzen_continuous
BRD-K25394294,CPC015_MCF7_6H_X1,0.023555101149212138,0.0,0.0,test,filzen_continuous
BRD-K28936863,CPC015_MCF7_6H_X1,0.03347502660152325,0.0,0.0,test,filzen_continuous
BRD-K29458283,CPC015_MCF7_6H_X1,0.20282557861681555,1.0,1.0,test,filzen_continuous
BRD-K32247306,CPC015_MCF7_6H_X1,0.03922713368409028,0.0,0.0,test,filzen_continuous
BRD-K38055836,CPC015_MCF7_6H_X1,0.025211901713068283,0.0,0.0,test,filzen_continuous
BRD-K38197229,CPC015_MCF7_6H_X1,0.03411512686217349,0.0,0.0,test,filzen_continuous
BRD-K60770992,CPC015_MCF7_6H_X1,0.056557100655487656,0.0,0.0,test,filzen_continuous
BRD-K66353228,CPC015_MCF7_6H_X1,0.026086497092681075,0.0,0.0,test,filzen_continuous
BRD-K70301876,CPC015_MCF7_6H_X1,0.04410190795553614,0.0,1.0,test,filzen_continuous
BRD-K71103788,CPC015_MCF7_6H_X1,0.028205730095396345,0.0,0.0,test,filzen_continuous
BRD-K75958195,CPC015_MCF7_6H_X1,0.12642308344639394,1.0,1.0,test,filzen_continuous
BRD-K77695569,CPC015_MCF7_6H_X1,0.06955312016770882,0.0,1.0,test,filzen_continuous
BRD-K79759585,CPC015_MCF7_6H_X1,0.03887740414790112,0.0,0.0,test,filzen_continuous
BRD-K92049597,CPC015_MCF7_6H_X1,0.04261523743691036,0.0,0.0,test,filzen_continuous
BRD-K92093830,CPC015_MCF7_6H_X1,0.7196725794978391,1.0,1.0,test,filzen_continuous
BRD-K95237249,CPC015_MCF7_6H_X1,0.029622304143986564,0.0,0.0,test,filzen_continuous
BRD-A54880345,CPC015_MCF7_6H_X2,0.0588468970131431,0.0,0.0,test,filzen_continuous
BRD-A55913614,CPC015_MCF7_6H_X2,0.04963101256839322,0.0,0.0,test,filzen_continuous
BRD-A75552914,CPC015_MCF7_6H_X2,0.03568353950292107,0.0,0.0,test,filzen_continuous
BRD-A79981887,CPC015_MCF7_6H_X2,0.050801910992555634,0.0,0.0,test,filzen_continuous
BRD-K25394294,CPC015_MCF7_6H_X2,0.03397344375214619,0.0,0.0,test,filzen_continuous
BRD-K28936863,CPC015_MCF7_6H_X2,0.04115420177543394,0.0,0.0,test,filzen_continuous
BRD-K29458283,CPC015_MCF7_6H_X2,0.05323678229025186,0.0,0.0,test,filzen_continuous
BRD-K32247306,CPC015_MCF7_6H_X2,0.041569412529921815,0.0,0.0,test,filzen_continuous
BRD-K38055836,CPC015_MCF7_6H_X2,0.04787486549405054,0.0,1.0,test,filzen_continuous
BRD-K38197229,CPC015_MCF7_6H_X2,0.08392345132030503,0.0,1.0,test,filzen_continuous
BRD-K60770992,CPC015_MCF7_6H_X2,0.055015440754454255,0.0,0.0,test,filzen_continuous
BRD-K66353228,CPC015_MCF7_6H_X2,0.03229050147985685,0.0,0.0,test,filzen_continuous
BRD-K70301876,CPC015_MCF7_6H_X2,0.040640919394867775,0.0,0.0,test,filzen_continuous
BRD-K71103788,CPC015_MCF7_6H_X2,0.053947160456982925,0.0,0.0,test,filzen_continuous
BRD-K75958195,CPC015_MCF7_6H_X2,0.12541835038273955,1.0,1.0,test,filzen_continuous
BRD-K77695569,CPC015_MCF7_6H_X2,0.02619439948840129,0.0,0.0,test,filzen_continuous
BRD-K79759585,CPC015_MCF7_6H_X2,0.03785760487630954,0.0,0.0,test,filzen_continuous
BRD-K92049597,CPC015_MCF7_6H_X2,0.03464217847808599,0.0,0.0,test,filzen_continuous
BRD-K92093830,CPC015_MCF7_6H_X2,0.08657659532102811,0.0,1.0,test,filzen_continuous
BRD-K95237249,CPC015_MCF7_6H_X2,0.024161624729876555,0.0,0.0,test,filzen_continuous
BRD-A54880345,CPC015_MCF7_6H_X3,0.03432397654406382,0.0,0.0,test,filzen_continuous
BRD-A55913614,CPC015_MCF7_6H_X3,0.029462260334862576,0.0,0.0,test,filzen_continuous
BRD-A75552914,CPC015_MCF7_6H_X3,0.04554113585118908,0.0,0.0,test,filzen_continuous
BRD-A79981887,CPC015_MCF7_6H_X3,0.047153646490417866,0.0,0.0,test,filzen_continuous
BRD-K25394294,CPC015_MCF7_6H_X3,0.03855213680057107,0.0,0.0,test,filzen_continuous
BRD-K28936863,CPC015_MCF7_6H_X3,0.05061019312913612,0.0,0.0,test,filzen_continuous
BRD-K29458283,CPC015_MCF7_6H_X3,0.03405279559996743,0.0,0.0,test,filzen_continuous
BRD-K32247306,CPC015_MCF7_6H_X3,0.048187933610293346,0.0,0.0,test,filzen_continuous
BRD-K38055836,CPC015_MCF7_6H_X3,0.03746359101086996,0.0,0.0,test,filzen_continuous
BRD-K38197229,CPC015_MCF7_6H_X3,0.03531469788960603,0.0,0.0,test,filzen_continuous
BRD-K60770992,CPC015_MCF7_6H_X3,0.0646330399709332,0.0,0.0,test,filzen_continuous
BRD-K66353228,CPC015_MCF7_6H_X3,0.13995037028340215,1.0,1.0,test,filzen_continuous
BRD-K70301876,CPC015_MCF7_6H_X3,0.03824444874599106,0.0,0.0,test,filzen_continuous
BRD-K71103788,CPC015_MCF7_6H_X3,0.03923538501560418,0.0,1.0,test,filzen_continuous
BRD-K75958195,CPC015_MCF7_6H_X3,0.060748027980002554,0.0,1.0,test,filzen_continuous
BRD-K77695569,CPC015_MCF7_6H_X3,0.0358936859593528,0.0,0.0,test,filzen_continuous
BRD-K79759585,CPC015_MCF7_6H_X3,0.04233285585214094,0.0,0.0,test,filzen_continuous
BRD-K92049597,CPC015_MCF7_6H_X3,0.032364443437427934,0.0,0.0,test,filzen_continuous
BRD-K92093830,CPC015_MCF7_6H_X3,0.7025795147118675,1.0,1.0,test,filzen_continuous
BRD-K95237249,CPC015_MCF7_6H_X3,0.033904357676667156,0.0,0.0,test,filzen_continuous
BRD-A54880345,CPC015_MCF7_6H_X4,0.027805635696603524,0.0,0.0,test,filzen_continuous
BRD-A55913614,CPC015_MCF7_6H_X4,0.11630361819944275,1.0,1.0,test,filzen_continuous
BRD-A75552914,CPC015_MCF7_6H_X4,0.04868420081231547,0.0,0.0,test,filzen_continuous
BRD-A79981887,CPC015_MCF7_6H_X4,0.07060700088986155,0.0,1.0,test,filzen_continuous
BRD-K25394294,CPC015_MCF7_6H_X4,0.1096391893792024,1.0,1.0,test,filzen_continuous
BRD-K28936863,CPC015_MCF7_6H_X4,0.04408723879675313,0.0,0.0,test,filzen_continuous
BRD-K29458283,CPC015_MCF7_6H_X4,0.08669884848755853,0.0,0.0,test,filzen_continuous
BRD-K32247306,CPC015_MCF7_6H_X4,0.046872785789816254,0.0,1.0,test,filzen_continuous
BRD-K38055836,CPC015_MCF7_6H_X4,0.03416226666861515,0.0,0.0,test,filzen_continuous
BRD-K38197229,CPC015_MCF7_6H_X4,0.02481064221496108,0.0,0.0,test,filzen_continuous
BRD-K60770992,CPC015_MCF7_6H_X4,0.04804236229154664,0.0,0.0,test,filzen_continuous
BRD-K66353228,CPC015_MCF7_6H_X4,0.02541387688052216,0.0,0.0,test,filzen_continuous
BRD-K70301876,CPC015_MCF7_6H_X4,0.030023127342467395,0.0,0.0,test,filzen_continuous
BRD-K71103788,CPC015_MCF7_6H_X4,0.02075361148463387,0.0,0.0,test,filzen_continuous
BRD-K75958195,CPC015_MCF7_6H_X4,0.06621744471628865,0.0,1.0,test,filzen_continuous
BRD-K77695569,CPC015_MCF7_6H_X4,0.030512089859673283,0.0,0.0,test,filzen_continuous
BRD-K79759585,CPC015_MCF7_6H_X4,0.040171688442874,0.0,0.0,test,filzen_continuous
BRD-K92049597,CPC015_MCF7_6H_X4,0.07185180740611981,0.0,0.0,test,filzen_continuous
BRD-K92093830,CPC015_MCF7_6H_X4,0.015320512027710023,0.0,0.0,test,filzen_continuous
BRD-K95237249,CPC015_MCF7_6H_X4,0.05090632498624161,0.0,0.0,test,filzen_continuous
BRD-A54880345,CPC015_MCF7_6H_X5,0.02736658536924841,0.0,0.0,test,filzen_continuous
BRD-A55913614,CPC015_MCF7_6H_X5,0.035742187559594046,0.0,0.0,test,filzen_continuous
BRD-A75552914,CPC015_MCF7_6H_X5,0.03076944845387818,0.0,0.0,test,filzen_continuous
BRD-A79981887,CPC015_MCF7_6H_X5,0.048674465574167505,0.0,0.0,test,filzen_continuous
BRD-K25394294,CPC015_MCF7_6H_X5,0.06154231152133966,0.0,1.0,test,filzen_continuous
BRD-K28936863,CPC015_MCF7_6H_X5,0.04407111165515206,0.0,0.0,test,filzen_continuous
BRD-K29458283,CPC015_MCF7_6H_X5,0.058740580665545376,0.0,0.0,test,filzen_continuous
BRD-K32247306,CPC015_MCF7_6H_X5,0.04064480035224428,0.0,0.0,test,filzen_continuous
BRD-K38055836,CPC015_MCF7_6H_X5,0.031340114268557775,0.0,0.0,test,filzen_continuous
BRD-K38197229,CPC015_MCF7_6H_X5,0.030115971930271643,0.0,0.0,test,filzen_continuous
BRD-K60770992,CPC015_MCF7_6H_X5,0.038158372795279547,0.0,0.0,test,filzen_continuous
BRD-K66353228,CPC015_MCF7_6H_X5,0.03311196086473017,0.0,0.0,test,filzen_continuous
BRD-K70301876,CPC015_MCF7_6H_X5,0.030308984138709465,0.0,0.0,test,filzen_continuous
BRD-K71103788,CPC015_MCF7_6H_X5,0.0853583779104809,0.0,1.0,test,filzen_continuous
BRD-K75958195,CPC015_MCF7_6H_X5,0.045667287395595245,0.0,0.0,test,filzen_continuous
BRD-K77695569,CPC015_MCF7_6H_X5,0.04095269285199049,0.0,0.0,test,filzen_continuous
BRD-K79759585,CPC015_MCF7_6H_X5,0.03789353168729793,0.0,0.0,test,filzen_continuous
BRD-K92049597,CPC015_MCF7_6H_X5,0.03316273307178181,0.0,0.0,test,filzen_continuous
BRD-K92093830,CPC015_MCF7_6H_X5,0.014806819252108824,0.0,0.0,test,filzen_continuous
BRD-K95237249,CPC015_MCF7_6H_X5,0.02967533569673804,0.0,0.0,test,filzen_continuous
BRD-K67043667,CPC016_MCF7_6H_X1,0.03336661493953245,0.0,0.0,test,filzen_continuous
BRD-K67043667,CPC016_MCF7_6H_X2,0.025749848547810927,0.0,0.0,test,filzen_continuous
BRD-K67043667,CPC016_MCF7_6H_X5,0.023209071027337564,0.0,0.0,test,filzen_continuous
BRD-K02265150,CPC017_MCF7_6H_X1,0.02791091236658144,0.0,0.0,test,filzen_continuous
BRD-K22031190,CPC017_MCF7_6H_X1,0.04085832577216183,0.0,0.0,test,filzen_continuous
BRD-K02265150,CPC017_MCF7_6H_X2,0.048413911818310826,0.0,0.0,test,filzen_continuous
BRD-K22031190,CPC017_MCF7_6H_X2,0.049602336370278305,0.0,0.0,test,filzen_continuous
BRD-K02265150,CPC017_MCF7_6H_X3,0.058360736590263425,0.0,0.0,test,filzen_continuous
BRD-K22031190,CPC017_MCF7_6H_X3,0.06569273989285893,0.0,1.0,test,filzen_continuous
BRD-K02265150,CPC017_MCF7_6H_X5,0.03467226260082006,0.0,0.0,test,filzen_continuous
BRD-K22031190,CPC017_MCF7_6H_X5,0.03454117006421186,0.0,0.0,test,filzen_continuous
BRD-K78126613,CPC018_MCF7_6H_X1,0.31436502347824685,0.0,1.0,test,filzen_continuous
BRD-K97181089,CPC018_MCF7_6H_X1,0.06351084566672872,0.0,1.0,test,filzen_continuous
BRD-K78126613,CPC018_MCF7_6H_X2,0.2906194481763297,1.0,1.0,test,filzen_continuous
BRD-K97181089,CPC018_MCF7_6H_X2,0.03428708430703908,0.0,0.0,test,filzen_continuous
BRD-K78126613,CPC018_MCF7_6H_X3,0.30752715494227095,1.0,1.0,test,filzen_continuous
BRD-K97181089,CPC018_MCF7_6H_X3,0.04286645820325722,0.0,0.0,test,filzen_continuous
BRD-A36217750,CPC020_MCF7_6H_X1,0.11537224174759199,1.0,1.0,test,filzen_continuous
BRD-A54880345,CPC020_MCF7_6H_X1,0.03763484905866494,0.0,0.0,test,filzen_continuous
BRD-A79981887,CPC020_MCF7_6H_X1,0.04237234240511702,0.0,0.0,test,filzen_continuous
BRD-K02265150,CPC020_MCF7_6H_X1,0.049237789810366195,0.0,0.0,test,filzen_continuous
BRD-K22031190,CPC020_MCF7_6H_X1,0.0596479978644587,0.0,0.0,test,filzen_continuous
BRD-K29458283,CPC020_MCF7_6H_X1,0.0501965140350415,0.0,0.0,test,filzen_continuous
BRD-K32247306,CPC020_MCF7_6H_X1,0.024007722934827468,0.0,0.0,test,filzen_continuous
BRD-K38197229,CPC020_MCF7_6H_X1,0.09220567791533445,0.0,1.0,test,filzen_continuous
BRD-K46211610,CPC020_MCF7_6H_X1,0.038230891863975665,0.0,0.0,test,filzen_continuous
BRD-K67043667,CPC020_MCF7_6H_X1,0.03966575915126851,0.0,0.0,test,filzen_continuous
BRD-K67511046,CPC020_MCF7_6H_X1,0.10212344654674238,0.0,1.0,test,filzen_continuous
BRD-K77695569,CPC020_MCF7_6H_X1,0.029607303761346234,0.0,0.0,test,filzen_continuous
BRD-K92049597,CPC020_MCF7_6H_X1,0.022263948079659115,0.0,0.0,test,filzen_continuous
BRD-K95237249,CPC020_MCF7_6H_X1,0.026212487853421704,0.0,0.0,test,filzen_continuous
BRD-A36217750,CPC020_MCF7_6H_X2,0.06837975088361072,0.0,1.0,test,filzen_continuous
BRD-A54880345,CPC020_MCF7_6H_X2,0.023607494416316707,0.0,0.0,test,filzen_continuous
BRD-A79981887,CPC020_MCF7_6H_X2,0.03971982259680615,0.0,0.0,test,filzen_continuous
BRD-K02265150,CPC020_MCF7_6H_X2,0.0664120219464783,0.0,1.0,test,filzen_continuous
BRD-K22031190,CPC020_MCF7_6H_X2,0.04130788797304337,0.0,0.0,test,filzen_continuous
BRD-K29458283,CPC020_MCF7_6H_X2,0.04057712345106996,0.0,0.0,test,filzen_continuous
BRD-K32247306,CPC020_MCF7_6H_X2,0.03340634948579427,0.0,0.0,test,filzen_continuous
BRD-K38197229,CPC020_MCF7_6H_X2,0.025368488737903414,0.0,0.0,test,filzen_continuous
BRD-K46211610,CPC020_MCF7_6H_X2,0.02044035484644495,0.0,0.0,test,filzen_continuous
BRD-K67043667,CPC020_MCF7_6H_X2,0.05084838866878246,0.0,0.0,test,filzen_continuous
BRD-K67511046,CPC020_MCF7_6H_X2,0.028758738799316477,0.0,0.0,test,filzen_continuous
BRD-K77695569,CPC020_MCF7_6H_X2,0.032802280830792375,0.0,0.0,test,filzen_continuous
BRD-K92049597,CPC020_MCF7_6H_X2,0.023453768072861526,0.0,0.0,test,filzen_continuous
BRD-K95237249,CPC020_MCF7_6H_X2,0.031289815473190326,0.0,0.0,test,filzen_continuous
BRD-A36217750,CPC020_MCF7_6H_X3,0.035611496366049884,0.0,0.0,test,filzen_continuous
BRD-A54880345,CPC020_MCF7_6H_X3,0.08037607620370939,0.0,0.0,test,filzen_continuous
BRD-A79981887,CPC020_MCF7_6H_X3,0.03205388997683248,0.0,0.0,test,filzen_continuous
BRD-K02265150,CPC020_MCF7_6H_X3,0.04907480390202259,0.0,0.0,test,filzen_continuous
BRD-K22031190,CPC020_MCF7_6H_X3,0.11514272842765695,1.0,1.0,test,filzen_continuous
BRD-K29458283,CPC020_MCF7_6H_X3,0.03897436894194869,0.0,0.0,test,filzen_continuous
BRD-K32247306,CPC020_MCF7_6H_X3,0.06032486844753165,0.0,0.0,test,filzen_continuous
BRD-K38197229,CPC020_MCF7_6H_X3,0.07248245748002474,0.0,1.0,test,filzen_continuous
BRD-K46211610,CPC020_MCF7_6H_X3,0.019469173137404625,0.0,0.0,test,filzen_continuous
BRD-K67043667,CPC020_MCF7_6H_X3,0.03155018257792721,0.0,0.0,test,filzen_continuous
BRD-K67511046,CPC020_MCF7_6H_X3,0.037804489294795546,0.0,0.0,test,filzen_continuous
BRD-K77695569,CPC020_MCF7_6H_X3,0.025367169908492013,0.0,0.0,test,filzen_continuous
BRD-K92049597,CPC020_MCF7_6H_X3,0.03605498660929894,0.0,0.0,test,filzen_continuous
BRD-K95237249,CPC020_MCF7_6H_X3,0.017111729714487572,0.0,0.0,test,filzen_continuous
BRD-A36217750,CPC020_MCF7_6H_X5,0.02519702670937762,0.0,0.0,test,filzen_continuous
BRD-A54880345,CPC020_MCF7_6H_X5,0.026398182911770957,0.0,0.0,test,filzen_continuous
BRD-A79981887,CPC020_MCF7_6H_X5,0.0576664269180559,0.0,0.0,test,filzen_continuous
BRD-K02265150,CPC020_MCF7_6H_X5,0.022401723408934034,0.0,0.0,test,filzen_continuous
BRD-K22031190,CPC020_MCF7_6H_X5,0.0384747911774289,0.0,0.0,test,filzen_continuous
BRD-K29458283,CPC020_MCF7_6H_X5,0.16420376102786355,1.0,1.0,test,filzen_continuous
BRD-K32247306,CPC020_MCF7_6H_X5,0.043330218076574493,0.0,1.0,test,filzen_continuous
BRD-K38197229,CPC020_MCF7_6H_X5,0.030631649134140664,0.0,0.0,test,filzen_continuous
BRD-K46211610,CPC020_MCF7_6H_X5,0.0526849635936572,0.0,0.0,test,filzen_continuous
BRD-K67043667,CPC020_MCF7_6H_X5,0.02871157582940932,0.0,0.0,test,filzen_continuous
BRD-K67511046,CPC020_MCF7_6H_X5,0.022398443046520812,0.0,0.0,test,filzen_continuous
BRD-K77695569,CPC020_MCF7_6H_X5,0.02947774700131176,0.0,0.0,test,filzen_continuous
BRD-K92049597,CPC020_MCF7_6H_X5,0.06720494826555094,0.0,0.0,test,filzen_continuous
BRD-K95237249,CPC020_MCF7_6H_X5,0.029809976997075337,0.0,0.0,test,filzen_continuous
BRD-A26711594,CPD001_MCF7_6H_X1,0.02610260298958489,0.0,0.0,test,filzen_continuous
BRD-A36217750,CPD001_MCF7_6H_X1,0.11644193972834614,1.0,1.0,test,filzen_continuous
BRD-A75552914,CPD001_MCF7_6H_X1,0.046230743642061874,0.0,0.0,test,filzen_continuous
BRD-A79981887,CPD001_MCF7_6H_X1,0.10076248503039018,1.0,1.0,test,filzen_continuous
BRD-K22031190,CPD001_MCF7_6H_X1,0.033234053986528955,0.0,0.0,test,filzen_continuous
BRD-K28936863,CPD001_MCF7_6H_X1,0.10169859665758778,1.0,1.0,test,filzen_continuous
BRD-K38197229,CPD001_MCF7_6H_X1,0.03906899435792641,0.0,0.0,test,filzen_continuous
BRD-K46211610,CPD001_MCF7_6H_X1,0.17038936595163048,1.0,1.0,test,filzen_continuous
BRD-K60770992,CPD001_MCF7_6H_X1,0.06721020067482839,0.0,0.0,test,filzen_continuous
BRD-K66353228,CPD001_MCF7_6H_X1,0.05470673339273016,0.0,1.0,test,filzen_continuous
BRD-K67511046,CPD001_MCF7_6H_X1,0.07875151249585667,0.0,1.0,test,filzen_continuous
BRD-K89732114,CPD001_MCF7_6H_X1,0.058992883088822994,0.0,1.0,test,filzen_continuous
BRD-K92049597,CPD001_MCF7_6H_X1,0.1438875904910604,1.0,1.0,test,filzen_continuous
BRD-K97181089,CPD001_MCF7_6H_X1,0.028325153728170727,0.0,0.0,test,filzen_continuous
BRD-A26711594,CPD001_MCF7_6H_X1.A2,0.028637375997228872,0.0,0.0,test,filzen_continuous
BRD-A36217750,CPD001_MCF7_6H_X1.A2,0.11656290932871691,1.0,1.0,test,filzen_continuous
BRD-A75552914,CPD001_MCF7_6H_X1.A2,0.04708037464856183,0.0,0.0,test,filzen_continuous
BRD-A79981887,CPD001_MCF7_6H_X1.A2,0.051260427340850664,0.0,0.0,test,filzen_continuous
BRD-K22031190,CPD001_MCF7_6H_X1.A2,0.09413707862596563,1.0,1.0,test,filzen_continuous
BRD-K28936863,CPD001_MCF7_6H_X1.A2,0.05663693405551501,0.0,0.0,test,filzen_continuous
BRD-K38197229,CPD001_MCF7_6H_X1.A2,0.05167311184817406,0.0,0.0,test,filzen_continuous
BRD-K46211610,CPD001_MCF7_6H_X1.A2,0.15534003969504243,1.0,1.0,test,filzen_continuous
BRD-K60770992,CPD001_MCF7_6H_X1.A2,0.05212907480627527,0.0,0.0,test,filzen_continuous
BRD-K66353228,CPD001_MCF7_6H_X1.A2,0.037121969905013166,0.0,0.0,test,filzen_continuous
BRD-K67511046,CPD001_MCF7_6H_X1.A2,0.04442081835444838,0.0,0.0,test,filzen_continuous
BRD-K89732114,CPD001_MCF7_6H_X1.A2,0.038516160831245344,0.0,0.0,test,filzen_continuous
BRD-K92049597,CPD001_MCF7_6H_X1.A2,0.07829635044592627,0.0,0.0,test,filzen_continuous
BRD-K97181089,CPD001_MCF7_6H_X1.A2,0.029211485723181083,0.0,0.0,test,filzen_continuous
BRD-A26711594,CPD001_MCF7_6H_X2,0.030356383561357097,0.0,0.0,test,filzen_continuous
BRD-A36217750,CPD001_MCF7_6H_X2,0.025428381194374752,0.0,0.0,test,filzen_continuous
BRD-A75552914,CPD001_MCF7_6H_X2,0.028479512390940726,0.0,0.0,test,filzen_continuous
BRD-A79981887,CPD001_MCF7_6H_X2,0.03880953644684281,0.0,0.0,test,filzen_continuous
BRD-K22031190,CPD001_MCF7_6H_X2,0.05211121230565022,0.0,0.0,test,filzen_continuous
BRD-K38197229,CPD001_MCF7_6H_X2,0.026523621367001083,0.0,0.0,test,filzen_continuous
BRD-K46211610,CPD001_MCF7_6H_X2,0.24600965084319662,1.0,1.0,test,filzen_continuous
BRD-K60770992,CPD001_MCF7_6H_X2,0.05780951628149476,0.0,0.0,test,filzen_continuous
BRD-K67511046,CPD001_MCF7_6H_X2,0.017260294685186736,0.0,0.0,test,filzen_continuous
BRD-K89732114,CPD001_MCF7_6H_X2,0.03389159114742366,0.0,0.0,test,filzen_continuous
BRD-K92049597,CPD001_MCF7_6H_X2,0.03676924354387435,0.0,0.0,test,filzen_continuous
BRD-K97181089,CPD001_MCF7_6H_X2,0.07648877661599678,0.0,1.0,test,filzen_continuous
BRD-A26711594,CPD001_MCF7_6H_X3,0.03283503777779472,0.0,0.0,test,filzen_continuous
BRD-A36217750,CPD001_MCF7_6H_X3,0.024198889666154532,0.0,0.0,test,filzen_continuous
BRD-A75552914,CPD001_MCF7_6H_X3,0.05029345780253122,0.0,0.0,test,filzen_continuous
BRD-A79981887,CPD001_MCF7_6H_X3,0.043035724198603506,0.0,0.0,test,filzen_continuous
BRD-K22031190,CPD001_MCF7_6H_X3,0.10017043485668681,1.0,1.0,test,filzen_continuous
BRD-K28936863,CPD001_MCF7_6H_X3,0.03522728014917087,0.0,0.0,test,filzen_continuous
BRD-K38197229,CPD001_MCF7_6H_X3,0.0374449270391495,0.0,0.0,test,filzen_continuous
BRD-K46211610,CPD001_MCF7_6H_X3,0.03445216334260677,0.0,0.0,test,filzen_continuous
BRD-K60770992,CPD001_MCF7_6H_X3,0.037944664866680564,0.0,0.0,test,filzen_continuous
BRD-K66353228,CPD001_MCF7_6H_X3,0.03177150552916397,0.0,0.0,test,filzen_continuous
BRD-K67511046,CPD001_MCF7_6H_X3,0.1428815775318921,1.0,1.0,test,filzen_continuous
BRD-K89732114,CPD001_MCF7_6H_X3,0.08952080485572002,0.0,1.0,test,filzen_continuous
BRD-K92049597,CPD001_MCF7_6H_X3,0.05972748443214798,0.0,0.0,test,filzen_continuous
BRD-K97181089,CPD001_MCF7_6H_X3,0.02968372364405114,0.0,0.0,test,filzen_continuous
BRD-A55913614,CPD002_MCF7_6H_X1,0.03997490093820535,0.0,0.0,test,filzen_continuous
BRD-K38055836,CPD002_MCF7_6H_X1,0.029064996760834197,0.0,0.0,test,filzen_continuous
BRD-K70301876,CPD002_MCF7_6H_X1,0.040839738215151605,0.0,0.0,test,filzen_continuous
BRD-K77695569,CPD002_MCF7_6H_X1,0.028635694923246434,0.0,0.0,test,filzen_continuous
BRD-K92093830,CPD002_MCF7_6H_X1,0.7768385629377007,1.0,1.0,test,filzen_continuous
BRD-K95237249,CPD002_MCF7_6H_X1,0.03843058334121376,0.0,0.0,test,filzen_continuous
BRD-A55913614,CPD002_MCF7_6H_X2,0.029489489355703776,0.0,0.0,test,filzen_continuous
BRD-K38055836,CPD002_MCF7_6H_X2,0.04462272314110032,0.0,1.0,test,filzen_continuous
BRD-K70301876,CPD002_MCF7_6H_X2,0.04312252581298781,0.0,1.0,test,filzen_continuous
BRD-K77695569,CPD002_MCF7_6H_X2,0.07030756517575341,0.0,0.0,test,filzen_continuous
BRD-K92093830,CPD002_MCF7_6H_X2,0.7233343330398131,1.0,1.0,test,filzen_continuous
BRD-K95237249,CPD002_MCF7_6H_X2,0.03087872960225233,0.0,0.0,test,filzen_continuous
BRD-A55913614,CPD002_MCF7_6H_X3,0.020607994752284756,0.0,0.0,test,filzen_continuous
BRD-K38055836,CPD002_MCF7_6H_X3,0.02224714868036072,0.0,0.0,test,filzen_continuous
BRD-K70301876,CPD002_MCF7_6H_X3,0.029393649443734123,0.0,0.0,test,filzen_continuous
BRD-K77695569,CPD002_MCF7_6H_X3,0.12924721816586057,1.0,1.0,test,filzen_continuous
BRD-K92093830,CPD002_MCF7_6H_X3,0.7363237414030758,1.0,1.0,test,filzen_continuous
BRD-K95237249,CPD002_MCF7_6H_X3,0.03872688321915044,0.0,0.0,test,filzen_continuous
BRD-K25394294,CPD003_MCF7_6H_X1,0.01990928545574313,0.0,0.0,test,filzen_continuous
BRD-K29458283,CPD003_MCF7_6H_X1,0.03992872841379661,0.0,0.0,test,filzen_continuous
BRD-K32247306,CPD003_MCF7_6H_X1,0.031092301771231155,0.0,0.0,test,filzen_continuous
BRD-K67043667,CPD003_MCF7_6H_X1,0.03692280288013946,0.0,0.0,test,filzen_continuous
BRD-K75958195,CPD003_MCF7_6H_X1,0.035385165022522265,0.0,0.0,test,filzen_continuous
BRD-K79759585,CPD003_MCF7_6H_X1,0.04372938963803157,0.0,1.0,test,filzen_continuous
BRD-K25394294,CPD003_MCF7_6H_X2,0.030517314651714672,0.0,0.0,test,filzen_continuous
BRD-K29458283,CPD003_MCF7_6H_X2,0.05424068513857355,0.0,0.0,test,filzen_continuous
BRD-K32247306,CPD003_MCF7_6H_X2,0.07168788943924959,0.0,1.0,test,filzen_continuous
BRD-K67043667,CPD003_MCF7_6H_X2,0.04239287436989131,0.0,0.0,test,filzen_continuous
BRD-K75958195,CPD003_MCF7_6H_X2,0.03165396531290073,0.0,0.0,test,filzen_continuous
BRD-K79759585,CPD003_MCF7_6H_X2,0.04670753579235233,0.0,1.0,test,filzen_continuous
BRD-K63923597,HOG001_MCF7_6H_X2,0.07345239428331614,0.0,0.0,test,filzen_continuous
BRD-K63923597,HOG001_MCF7_6H_X3,0.031114360150318966,0.0,0.0,test,filzen_continuous
BRD-K63923597,HOG001_MCF7_6H_X4,0.03782359210806881,0.0,0.0,test,filzen_continuous
BRD-K27305650,HOG002_MCF7_6H_X1,0.09339558539445585,0.0,0.0,test,filzen_continuous
BRD-K92093830,HOG002_MCF7_6H_X1,0.75796783625731,1.0,1.0,test,filzen_continuous
BRD-K27305650,HOG002_MCF7_6H_X2,0.2193462649796535,0.0,1.0,test,filzen_continuous
BRD-K92093830,HOG002_MCF7_6H_X2,0.7066429933978227,1.0,1.0,test,filzen_continuous
BRD-K27305650,HOG002_MCF7_6H_X3,0.1782175450448084,0.0,1.0,test,filzen_continuous
BRD-K92093830,HOG002_MCF7_6H_X3,0.742896236582837,1.0,1.0,test,filzen_continuous
BRD-K78126613,HOG003_MCF7_6H_X1,0.022614736917403976,0.0,0.0,test,filzen_continuous
BRD-K78126613,HOG003_MCF7_6H_X2,0.02397124207822602,0.0,0.0,test,filzen_continuous
BRD-K78126613,HOG003_MCF7_6H_X3,0.029272833729581827,0.0,0.0,test,filzen_continuous
BRD-K78126613,HOG003_MCF7_6H_X4,0.22022218375678523,0.0,1.0,test,filzen_continuous
BRD-K16478699,LJP001_MCF7_6H_X1,0.03817800676020385,0.0,0.0,test,filzen_continuous
BRD-K56343971,LJP001_MCF7_6H_X1,0.0330323259241806,0.0,0.0,test,filzen_continuous
BRD-K63923597,LJP001_MCF7_6H_X1,0.03702489979936373,0.0,0.0,test,filzen_continuous
BRD-K16478699,LJP001_MCF7_6H_X2,0.018708908070228323,0.0,0.0,test,filzen_continuous
BRD-K56343971,LJP001_MCF7_6H_X2,0.03404041588783609,0.0,0.0,test,filzen_continuous
BRD-K63923597,LJP001_MCF7_6H_X2,0.045960452950647,0.0,0.0,test,filzen_continuous
BRD-K16478699,LJP001_MCF7_6H_X3,0.08246137225959584,0.0,0.0,test,filzen_continuous
BRD-K56343971,LJP001_MCF7_6H_X3,0.03390367209225706,0.0,0.0,test,filzen_continuous
BRD-K63923597,LJP001_MCF7_6H_X3,0.04001996902144295,0.0,0.0,test,filzen_continuous
BRD-K16478699,LJP001_MCF7_6H_X4,0.09208653066868984,0.0,1.0,test,filzen_continuous
BRD-K56343971,LJP001_MCF7_6H_X4,0.032269319043743167,0.0,0.0,test,filzen_continuous
BRD-K63923597,LJP001_MCF7_6H_X4,0.02569725570431844,0.0,0.0,test,filzen_continuous
BRD-K27305650,MUC.CP001_MCF7_6H_X1,0.18962876590350697,1.0,1.0,test,filzen_continuous
BRD-K27305650,MUC.CP001_MCF7_6H_X2,0.041154895687179345,0.0,0.0,test,filzen_continuous
BRD-K27305650,MUC.CP001_MCF7_6H_X3,0.23318586226872087,1.0,1.0,test,filzen_continuous
BRD-K27305650,MUC.CP002_MCF7_6H_X1,0.2577488204384392,1.0,1.0,test,filzen_continuous
BRD-K28936863,MUC.CP002_MCF7_6H_X1,0.056599463681994804,0.0,0.0,test,filzen_continuous
BRD-K79759585,MUC.CP002_MCF7_6H_X1,0.03839197579071573,0.0,0.0,test,filzen_continuous
BRD-K27305650,MUC.CP002_MCF7_6H_X2,0.26207139229537274,1.0,1.0,test,filzen_continuous
BRD-K28936863,MUC.CP002_MCF7_6H_X2,0.046283571677480984,0.0,0.0,test,filzen_continuous
BRD-K79759585,MUC.CP002_MCF7_6H_X2,0.04651666590605488,0.0,0.0,test,filzen_continuous
BRD-K27305650,MUC.CP002_MCF7_6H_X3,0.0869761808935904,1.0,1.0,test,filzen_continuous
BRD-K28936863,MUC.CP002_MCF7_6H_X3,0.05813441226397829,0.0,0.0,test,filzen_continuous
BRD-K79759585,MUC.CP002_MCF7_6H_X3,0.028614121449523286,0.0,0.0,test,filzen_continuous
BRD-K27305650,MUC.CP003_MCF7_6H_X1,0.21783365326404547,1.0,1.0,test,filzen_continuous
BRD-K27305650,MUC.CP003_MCF7_6H_X2,0.047350428571006145,0.0,0.0,test,filzen_continuous
BRD-K27305650,MUC.CP003_MCF7_6H_X3,0.10629442670595608,0.0,1.0,test,filzen_continuous
BRD-K27305650,MUC.CP004_MCF7_6H_X1,0.07555579722125959,0.0,1.0,test,filzen_continuous
BRD-K27305650,MUC.CP004_MCF7_6H_X2,0.12676137768332874,0.0,1.0,test,filzen_continuous
BRD-K27305650,MUC.CP004_MCF7_6H_X3,0.14683564415948924,1.0,1.0,test,filzen_continuous
BRD-K27305650,MUC.CP005_MCF7_6H_X1,0.2523388211033993,0.0,1.0,test,filzen_continuous
BRD-K27305650,MUC.CP005_MCF7_6H_X2,0.2710930755182614,1.0,1.0,test,filzen_continuous
BRD-K27305650,MUC.CP005_MCF7_6H_X3,0.1863606594620177,0.0,1.0,test,filzen_continuous
BRD-K27305650,MUC.CP006_MCF7_6H_X1,0.18171519983684592,1.0,1.0,test,filzen_continuous
BRD-K27305650,MUC.CP006_MCF7_6H_X2,0.11488733487946023,0.0,0.0,test,filzen_continuous
BRD-K27305650,MUC.CP006_MCF7_6H_X3,0.20456559637688101,1.0,1.0,test,filzen_continuous
BRD-K27305650,RAD001_MCF7_6H_X1,0.191010569097992,1.0,1.0,test,filzen_continuous
BRD-K27305650,RAD001_MCF7_6H_X2,0.13927705586905154,1.0,1.0,test,filzen_continuous
BRD-K27305650,ASG001_MCF7_6H_X2,0.7555133008778397,1.0,1.0,test,filzen_binary
BRD-K89732114,ASG001_MCF7_6H_X2,0.02385430754190273,0.0,0.0,test,filzen_binary
BRD-A54880345,CPC004_MCF7_6H_X1,0.021849949228967575,0.0,0.0,test,filzen_binary
BRD-A55913614,CPC004_MCF7_6H_X1,0.023453825996950242,0.0,0.0,test,filzen_binary
BRD-A75552914,CPC004_MCF7_6H_X1,0.024283893172064655,0.0,0.0,test,filzen_binary
BRD-A79981887,CPC004_MCF7_6H_X1,0.03441169014132937,0.0,0.0,test,filzen_binary
BRD-K02265150,CPC004_MCF7_6H_X1,0.023258343107689292,0.0,0.0,test,filzen_binary
BRD-K22031190,CPC004_MCF7_6H_X1,0.03655820334896089,0.0,0.0,test,filzen_binary
BRD-K25394294,CPC004_MCF7_6H_X1,0.022388820419107117,0.0,0.0,test,filzen_binary
BRD-K28936863,CPC004_MCF7_6H_X1,0.04891105807249562,0.0,0.0,test,filzen_binary
BRD-K29458283,CPC004_MCF7_6H_X1,0.029976075303128208,0.0,0.0,test,filzen_binary
BRD-K32247306,CPC004_MCF7_6H_X1,0.029843396444677,0.0,0.0,test,filzen_binary
BRD-K38055836,CPC004_MCF7_6H_X1,0.023946259935564748,0.0,0.0,test,filzen_binary
BRD-K60770992,CPC004_MCF7_6H_X1,0.02694088148649595,0.0,0.0,test,filzen_binary
BRD-K66353228,CPC004_MCF7_6H_X1,0.02173887730272202,0.0,0.0,test,filzen_binary
BRD-K67043667,CPC004_MCF7_6H_X1,0.02965918779868545,0.0,0.0,test,filzen_binary
BRD-K70301876,CPC004_MCF7_6H_X1,0.025925300507299617,0.0,0.0,test,filzen_binary
BRD-K71103788,CPC004_MCF7_6H_X1,0.01981691101152462,0.0,0.0,test,filzen_binary
BRD-K75958195,CPC004_MCF7_6H_X1,0.023177258033697978,0.0,0.0,test,filzen_binary
BRD-K78126613,CPC004_MCF7_6H_X1,0.038222097073009415,0.0,0.0,test,filzen_binary
BRD-K79759585,CPC004_MCF7_6H_X1,0.055960188581722435,0.0,0.0,test,filzen_binary
BRD-A54880345,CPC004_MCF7_6H_X2,0.021849949228967575,0.0,0.0,test,filzen_binary
BRD-A55913614,CPC004_MCF7_6H_X2,0.023453825996950242,0.0,0.0,test,filzen_binary
BRD-A75552914,CPC004_MCF7_6H_X2,0.024283893172064655,0.0,0.0,test,filzen_binary
BRD-A79981887,CPC004_MCF7_6H_X2,0.03441169014132937,0.0,0.0,test,filzen_binary
BRD-K02265150,CPC004_MCF7_6H_X2,0.023258343107689292,0.0,0.0,test,filzen_binary
BRD-K22031190,CPC004_MCF7_6H_X2,0.03655820334896089,0.0,0.0,test,filzen_binary
BRD-K25394294,CPC004_MCF7_6H_X2,0.022388820419107117,0.0,0.0,test,filzen_binary
BRD-K28936863,CPC004_MCF7_6H_X2,0.04891105807249562,0.0,0.0,test,filzen_binary
BRD-K29458283,CPC004_MCF7_6H_X2,0.029976075303128208,0.0,0.0,test,filzen_binary
BRD-K32247306,CPC004_MCF7_6H_X2,0.029843396444677,0.0,0.0,test,filzen_binary
BRD-K38055836,CPC004_MCF7_6H_X2,0.023946259935564748,0.0,0.0,test,filzen_binary
BRD-K60770992,CPC004_MCF7_6H_X2,0.02694088148649595,0.0,0.0,test,filzen_binary
BRD-K66353228,CPC004_MCF7_6H_X2,0.02173887730272202,0.0,0.0,test,filzen_binary
BRD-K67043667,CPC004_MCF7_6H_X2,0.02965918779868545,0.0,0.0,test,filzen_binary
BRD-K70301876,CPC004_MCF7_6H_X2,0.025925300507299617,0.0,0.0,test,filzen_binary
BRD-K71103788,CPC004_MCF7_6H_X2,0.01981691101152462,0.0,0.0,test,filzen_binary
BRD-K75958195,CPC004_MCF7_6H_X2,0.023177258033697978,0.0,0.0,test,filzen_binary
BRD-K78126613,CPC004_MCF7_6H_X2,0.038222097073009415,0.0,0.0,test,filzen_binary
BRD-K79759585,CPC004_MCF7_6H_X2,0.055960188581722435,0.0,0.0,test,filzen_binary
BRD-A54880345,CPC004_MCF7_6H_X4,0.021849949228967575,0.0,0.0,test,filzen_binary
BRD-A55913614,CPC004_MCF7_6H_X4,0.023453825996950242,0.0,0.0,test,filzen_binary
BRD-A75552914,CPC004_MCF7_6H_X4,0.024283893172064655,0.0,0.0,test,filzen_binary
BRD-A79981887,CPC004_MCF7_6H_X4,0.03441169014132937,0.0,0.0,test,filzen_binary
BRD-K02265150,CPC004_MCF7_6H_X4,0.023258343107689292,0.0,0.0,test,filzen_binary
BRD-K22031190,CPC004_MCF7_6H_X4,0.03655820334896089,0.0,0.0,test,filzen_binary
BRD-K25394294,CPC004_MCF7_6H_X4,0.022388820419107117,0.0,0.0,test,filzen_binary
BRD-K28936863,CPC004_MCF7_6H_X4,0.04891105807249562,0.0,0.0,test,filzen_binary
BRD-K29458283,CPC004_MCF7_6H_X4,0.029976075303128208,0.0,0.0,test,filzen_binary
BRD-K32247306,CPC004_MCF7_6H_X4,0.029843396444677,0.0,0.0,test,filzen_binary
BRD-K38055836,CPC004_MCF7_6H_X4,0.023946259935564748,0.0,0.0,test,filzen_binary
BRD-K60770992,CPC004_MCF7_6H_X4,0.02694088148649595,0.0,0.0,test,filzen_binary
BRD-K66353228,CPC004_MCF7_6H_X4,0.02173887730272202,0.0,0.0,test,filzen_binary
BRD-K67043667,CPC004_MCF7_6H_X4,0.02965918779868545,0.0,0.0,test,filzen_binary
BRD-K70301876,CPC004_MCF7_6H_X4,0.025925300507299617,0.0,0.0,test,filzen_binary
BRD-K71103788,CPC004_MCF7_6H_X4,0.01981691101152462,0.0,0.0,test,filzen_binary
BRD-K75958195,CPC004_MCF7_6H_X4,0.023177258033697978,0.0,0.0,test,filzen_binary
BRD-K78126613,CPC004_MCF7_6H_X4,0.038222097073009415,0.0,0.0,test,filzen_binary
BRD-K79759585,CPC004_MCF7_6H_X4,0.055960188581722435,0.0,0.0,test,filzen_binary
BRD-A54880345,CPC004_MCF7_6H_X5,0.021835471195429137,0.0,0.0,test,filzen_binary
BRD-A55913614,CPC004_MCF7_6H_X5,0.02343940905812099,0.0,0.0,test,filzen_binary
BRD-A75552914,CPC004_MCF7_6H_X5,0.024269281080807795,0.0,0.0,test,filzen_binary
BRD-A79981887,CPC004_MCF7_6H_X5,0.03439665525578664,0.0,0.0,test,filzen_binary
BRD-K02265150,CPC004_MCF7_6H_X5,0.023243724818412522,0.0,0.0,test,filzen_binary
BRD-K22031190,CPC004_MCF7_6H_X5,0.03654309986664193,0.0,0.0,test,filzen_binary
BRD-K25394294,CPC004_MCF7_6H_X5,0.02237393455822596,0.0,0.0,test,filzen_binary
BRD-K28936863,CPC004_MCF7_6H_X5,0.04889567675570736,0.0,0.0,test,filzen_binary
BRD-K29458283,CPC004_MCF7_6H_X5,0.02996084183775329,0.0,0.0,test,filzen_binary
BRD-K38055836,CPC004_MCF7_6H_X5,0.02393617747991663,0.0,0.0,test,filzen_binary
BRD-K60770992,CPC004_MCF7_6H_X5,0.02693064439103501,0.0,0.0,test,filzen_binary
BRD-K66353228,CPC004_MCF7_6H_X5,0.021728701454363397,0.0,0.0,test,filzen_binary
BRD-K67043667,CPC004_MCF7_6H_X5,0.02964892232657829,0.0,0.0,test,filzen_binary
BRD-K70301876,CPC004_MCF7_6H_X5,0.02591495123933115,0.0,0.0,test,filzen_binary
BRD-K71103788,CPC004_MCF7_6H_X5,0.019806513523459794,0.0,0.0,test,filzen_binary
BRD-K75958195,CPC004_MCF7_6H_X5,0.023166848413628493,0.0,0.0,test,filzen_binary
BRD-K78126613,CPC004_MCF7_6H_X5,0.03821154356716668,0.0,0.0,test,filzen_binary
BRD-K79759585,CPC004_MCF7_6H_X5,0.055949644392908456,0.0,0.0,test,filzen_binary
BRD-A26711594,CPC005_MCF7_6H_X1,0.02201651116094007,0.0,0.0,test,filzen_binary
BRD-A36217750,CPC005_MCF7_6H_X1,0.02854639919102175,0.0,0.0,test,filzen_binary
BRD-K27305650,CPC005_MCF7_6H_X1,0.7551202445146342,1.0,1.0,test,filzen_binary
BRD-K46211610,CPC005_MCF7_6H_X1,0.02966345602556113,0.0,0.0,test,filzen_binary
BRD-K67511046,CPC005_MCF7_6H_X1,0.030069129204334123,0.0,0.0,test,filzen_binary
BRD-K89732114,CPC005_MCF7_6H_X1,0.023446530416568353,0.0,0.0,test,filzen_binary
BRD-A26711594,CPC005_MCF7_6H_X2,0.02201651116094007,0.0,0.0,test,filzen_binary
BRD-A36217750,CPC005_MCF7_6H_X2,0.02854639919102175,0.0,0.0,test,filzen_binary
BRD-K27305650,CPC005_MCF7_6H_X2,0.7551202445146342,1.0,1.0,test,filzen_binary
BRD-K46211610,CPC005_MCF7_6H_X2,0.02966345602556113,0.0,0.0,test,filzen_binary
BRD-K67511046,CPC005_MCF7_6H_X2,0.030069129204334123,0.0,0.0,test,filzen_binary
BRD-K89732114,CPC005_MCF7_6H_X2,0.023446530416568353,0.0,0.0,test,filzen_binary
BRD-A26711594,CPC005_MCF7_6H_X3,0.02201651116094007,0.0,0.0,test,filzen_binary
BRD-A36217750,CPC005_MCF7_6H_X3,0.02854639919102175,0.0,0.0,test,filzen_binary
BRD-K27305650,CPC005_MCF7_6H_X3,0.7551202445146342,1.0,1.0,test,filzen_binary
BRD-K46211610,CPC005_MCF7_6H_X3,0.02966345602556113,0.0,0.0,test,filzen_binary
BRD-K67511046,CPC005_MCF7_6H_X3,0.030069129204334123,0.0,0.0,test,filzen_binary
BRD-K89732114,CPC005_MCF7_6H_X3,0.023446530416568353,0.0,0.0,test,filzen_binary
BRD-A26711594,CPC005_MCF7_6H_X5,0.02201651116094007,0.0,0.0,test,filzen_binary
BRD-A36217750,CPC005_MCF7_6H_X5,0.02854639919102175,0.0,0.0,test,filzen_binary
BRD-K27305650,CPC005_MCF7_6H_X5,0.7551202445146342,1.0,1.0,test,filzen_binary
BRD-K46211610,CPC005_MCF7_6H_X5,0.02966345602556113,0.0,0.0,test,filzen_binary
BRD-K67511046,CPC005_MCF7_6H_X5,0.030069129204334123,0.0,0.0,test,filzen_binary
BRD-K89732114,CPC005_MCF7_6H_X5,0.023446530416568353,0.0,0.0,test,filzen_binary
BRD-A26711594,CPC006_MCF7_6H_X1,0.02196917233749865,0.0,0.0,test,filzen_binary
BRD-K56343971,CPC006_MCF7_6H_X1,0.04103572595875679,0.0,0.0,test,filzen_binary
BRD-K78126613,CPC006_MCF7_6H_X1,0.03786520176838037,0.0,0.0,test,filzen_binary
BRD-K89732114,CPC006_MCF7_6H_X1,0.023402695157278327,0.0,0.0,test,filzen_binary
BRD-A26711594,CPC006_MCF7_6H_X2,0.0219408301019203,0.0,0.0,test,filzen_binary
BRD-K56343971,CPC006_MCF7_6H_X2,0.04102840156118849,0.0,0.0,test,filzen_binary
BRD-K78126613,CPC006_MCF7_6H_X2,0.037839817888679496,0.0,0.0,test,filzen_binary
BRD-A26711594,CPC006_MCF7_6H_X3,0.0219408301019203,0.0,0.0,test,filzen_binary
BRD-K56343971,CPC006_MCF7_6H_X3,0.04102840156118849,0.0,0.0,test,filzen_binary
BRD-K78126613,CPC006_MCF7_6H_X3,0.037839817888679496,0.0,0.0,test,filzen_binary
BRD-A26711594,CPC006_MCF7_6H_X4,0.021977299230343538,0.0,0.0,test,filzen_binary
BRD-K56343971,CPC006_MCF7_6H_X4,0.041049074967320395,0.0,0.0,test,filzen_binary
BRD-K78126613,CPC006_MCF7_6H_X4,0.037874810879577295,0.0,0.0,test,filzen_binary
BRD-K89732114,CPC006_MCF7_6H_X4,0.023374825949791497,0.0,0.0,test,filzen_binary
BRD-A26711594,CPC006_MCF7_6H_X5,0.021977299230343538,0.0,0.0,test,filzen_binary
BRD-K56343971,CPC006_MCF7_6H_X5,0.041049074967320395,0.0,0.0,test,filzen_binary
BRD-K78126613,CPC006_MCF7_6H_X5,0.037874810879577295,0.0,0.0,test,filzen_binary
BRD-K89732114,CPC006_MCF7_6H_X5,0.023374825949791497,0.0,0.0,test,filzen_binary
BRD-K97181089,CPC007_MCF7_6H_X1.A2,0.027516636477020167,0.0,0.0,test,filzen_binary
BRD-K97181089,CPC007_MCF7_6H_X2,0.027516636477020167,0.0,0.0,test,filzen_binary
BRD-K97181089,CPC007_MCF7_6H_X3,0.027516636477020167,0.0,0.0,test,filzen_binary
BRD-K97181089,CPC007_MCF7_6H_X4,0.027516636477020167,0.0,0.0,test,filzen_binary
BRD-K28936863,CPC010_MCF7_6H_X2,0.04834283735712351,0.0,0.0,test,filzen_binary
BRD-K71103788,CPC010_MCF7_6H_X2,0.019297458567803263,0.0,0.0,test,filzen_binary
BRD-K28936863,CPC010_MCF7_6H_X3,0.04834283735712351,0.0,0.0,test,filzen_binary
BRD-K71103788,CPC010_MCF7_6H_X3,0.019297458567803263,0.0,0.0,test,filzen_binary
BRD-K28936863,CPC010_MCF7_6H_X4,0.04834283735712351,0.0,0.0,test,filzen_binary
BRD-K71103788,CPC010_MCF7_6H_X4,0.019297458567803263,0.0,0.0,test,filzen_binary
BRD-K25394294,CPC011_MCF7_6H_X1,0.021926843348230893,0.0,0.0,test,filzen_binary
BRD-K60770992,CPC011_MCF7_6H_X1,0.026476782364928533,0.0,0.0,test,filzen_binary
BRD-K70301876,CPC011_MCF7_6H_X1,0.025474483541989165,0.0,0.0,test,filzen_binary
BRD-K71103788,CPC011_MCF7_6H_X1,0.019499297156718182,0.0,0.0,test,filzen_binary
BRD-K75958195,CPC011_MCF7_6H_X1,0.022730210363349778,0.0,0.0,test,filzen_binary
BRD-K89732114,CPC011_MCF7_6H_X1,0.023487822360718023,0.0,0.0,test,filzen_binary
BRD-K92093830,CPC011_MCF7_6H_X1,0.046386809347151385,0.0,0.0,test,filzen_binary
BRD-K97181089,CPC011_MCF7_6H_X1,0.02763481895513953,0.0,0.0,test,filzen_binary
BRD-K25394294,CPC011_MCF7_6H_X3,0.021926843348230893,0.0,0.0,test,filzen_binary
BRD-K60770992,CPC011_MCF7_6H_X3,0.026476782364928533,0.0,0.0,test,filzen_binary
BRD-K70301876,CPC011_MCF7_6H_X3,0.025474483541989165,0.0,0.0,test,filzen_binary
BRD-K71103788,CPC011_MCF7_6H_X3,0.019499297156718182,0.0,0.0,test,filzen_binary
BRD-K75958195,CPC011_MCF7_6H_X3,0.022730210363349778,0.0,0.0,test,filzen_binary
BRD-K89732114,CPC011_MCF7_6H_X3,0.023487822360718023,0.0,0.0,test,filzen_binary
BRD-K92093830,CPC011_MCF7_6H_X3,0.046386809347151385,0.0,0.0,test,filzen_binary
BRD-K97181089,CPC011_MCF7_6H_X3,0.02763481895513953,0.0,0.0,test,filzen_binary
BRD-K16478699,CPC013_MCF7_6H_X1,0.041626510564541794,0.0,0.0,test,filzen_binary
BRD-K63923597,CPC013_MCF7_6H_X1,0.06468868894740759,0.0,0.0,test,filzen_binary
BRD-K16478699,CPC013_MCF7_6H_X2,0.041626510564541794,0.0,0.0,test,filzen_binary
BRD-K63923597,CPC013_MCF7_6H_X2,0.06468868894740759,0.0,0.0,test,filzen_binary
BRD-K16478699,CPC013_MCF7_6H_X3.A2,0.041626510564541794,0.0,0.0,test,filzen_binary
BRD-K63923597,CPC013_MCF7_6H_X3.A2,0.06468868894740759,0.0,0.0,test,filzen_binary
BRD-K16478699,CPC013_MCF7_6H_X5,0.041626510564541794,0.0,0.0,test,filzen_binary
BRD-K63923597,CPC013_MCF7_6H_X5,0.06468868894740759,0.0,0.0,test,filzen_binary
BRD-K16478699,CPC014_MCF7_6H_X1,0.041659704882896366,0.0,0.0,test,filzen_binary
BRD-K56343971,CPC014_MCF7_6H_X1,0.04081041235144,0.0,0.0,test,filzen_binary
BRD-K63923597,CPC014_MCF7_6H_X1,0.06471512925938391,0.0,0.0,test,filzen_binary
BRD-K16478699,CPC014_MCF7_6H_X2,0.041659704882896366,0.0,0.0,test,filzen_binary
BRD-K56343971,CPC014_MCF7_6H_X2,0.04081041235144,0.0,0.0,test,filzen_binary
BRD-K63923597,CPC014_MCF7_6H_X2,0.06471512925938391,0.0,0.0,test,filzen_binary
BRD-K16478699,CPC014_MCF7_6H_X3,0.04161415642181775,0.0,0.0,test,filzen_binary
BRD-K56343971,CPC014_MCF7_6H_X3,0.04076700932100567,0.0,0.0,test,filzen_binary
BRD-K16478699,CPC014_MCF7_6H_X4,0.04166479228445515,0.0,0.0,test,filzen_binary
BRD-K56343971,CPC014_MCF7_6H_X4,0.040815138517385136,0.0,0.0,test,filzen_binary
BRD-K63923597,CPC014_MCF7_6H_X4,0.06470200544052761,0.0,0.0,test,filzen_binary
BRD-K16478699,CPC014_MCF7_6H_X5,0.04166479228445515,0.0,0.0,test,filzen_binary
BRD-K56343971,CPC014_MCF7_6H_X5,0.040815138517385136,0.0,0.0,test,filzen_binary
BRD-K63923597,CPC014_MCF7_6H_X5,0.06470200544052761,0.0,0.0,test,filzen_binary
BRD-A54880345,CPC015_MCF7_6H_X1,0.02132336851827331,0.0,0.0,test,filzen_binary
BRD-A55913614,CPC015_MCF7_6H_X1,0.022940539826835585,0.0,0.0,test,filzen_binary
BRD-A75552914,CPC015_MCF7_6H_X1,0.023751145899727186,0.0,0.0,test,filzen_binary
BRD-A79981887,CPC015_MCF7_6H_X1,0.03383029052754825,0.0,0.0,test,filzen_binary
BRD-K25394294,CPC015_MCF7_6H_X1,0.022147347880964053,0.0,0.0,test,filzen_binary
BRD-K28936863,CPC015_MCF7_6H_X1,0.04877031111715736,0.0,0.0,test,filzen_binary
BRD-K29458283,CPC015_MCF7_6H_X1,0.029414714293435756,0.0,0.0,test,filzen_binary
BRD-K32247306,CPC015_MCF7_6H_X1,0.02912653657753287,0.0,0.0,test,filzen_binary
BRD-K38055836,CPC015_MCF7_6H_X1,0.023421331477657428,0.0,0.0,test,filzen_binary
BRD-K38197229,CPC015_MCF7_6H_X1,0.03455706116103375,0.0,0.0,test,filzen_binary
BRD-K60770992,CPC015_MCF7_6H_X1,0.026668675706799715,0.0,0.0,test,filzen_binary
BRD-K66353228,CPC015_MCF7_6H_X1,0.0211994165008955,0.0,0.0,test,filzen_binary
BRD-K70301876,CPC015_MCF7_6H_X1,0.02566319964000857,0.0,0.0,test,filzen_binary
BRD-K71103788,CPC015_MCF7_6H_X1,0.019910153251272107,0.0,0.0,test,filzen_binary
BRD-K75958195,CPC015_MCF7_6H_X1,0.022921662467097217,0.0,0.0,test,filzen_binary
BRD-K77695569,CPC015_MCF7_6H_X1,0.03402805177837908,0.0,0.0,test,filzen_binary
BRD-K79759585,CPC015_MCF7_6H_X1,0.0553767466070372,0.0,0.0,test,filzen_binary
BRD-K92049597,CPC015_MCF7_6H_X1,0.035842304644834594,0.0,0.0,test,filzen_binary
BRD-K92093830,CPC015_MCF7_6H_X1,0.5988890981831345,1.0,1.0,test,filzen_binary
BRD-K95237249,CPC015_MCF7_6H_X1,0.03463255247778911,0.0,0.0,test,filzen_binary
BRD-A54880345,CPC015_MCF7_6H_X2,0.02132336851827331,0.0,0.0,test,filzen_binary
BRD-A55913614,CPC015_MCF7_6H_X2,0.022940539826835585,0.0,0.0,test,filzen_binary
BRD-A75552914,CPC015_MCF7_6H_X2,0.023751145899727186,0.0,0.0,test,filzen_binary
BRD-A79981887,CPC015_MCF7_6H_X2,0.03383029052754825,0.0,0.0,test,filzen_binary
BRD-K25394294,CPC015_MCF7_6H_X2,0.022147347880964053,0.0,0.0,test,filzen_binary
BRD-K28936863,CPC015_MCF7_6H_X2,0.04877031111715736,0.0,0.0,test,filzen_binary
BRD-K29458283,CPC015_MCF7_6H_X2,0.029414714293435756,0.0,0.0,test,filzen_binary
BRD-K32247306,CPC015_MCF7_6H_X2,0.02912653657753287,0.0,0.0,test,filzen_binary
BRD-K38055836,CPC015_MCF7_6H_X2,0.023421331477657428,0.0,0.0,test,filzen_binary
BRD-K38197229,CPC015_MCF7_6H_X2,0.03455706116103375,0.0,0.0,test,filzen_binary
BRD-K60770992,CPC015_MCF7_6H_X2,0.026668675706799715,0.0,0.0,test,filzen_binary
BRD-K66353228,CPC015_MCF7_6H_X2,0.0211994165008955,0.0,0.0,test,filzen_binary
BRD-K70301876,CPC015_MCF7_6H_X2,0.02566319964000857,0.0,0.0,test,filzen_binary
BRD-K71103788,CPC015_MCF7_6H_X2,0.019910153251272107,0.0,0.0,test,filzen_binary
BRD-K75958195,CPC015_MCF7_6H_X2,0.022921662467097217,0.0,0.0,test,filzen_binary
BRD-K77695569,CPC015_MCF7_6H_X2,0.03402805177837908,0.0,0.0,test,filzen_binary
BRD-K79759585,CPC015_MCF7_6H_X2,0.0553767466070372,0.0,0.0,test,filzen_binary
BRD-K92049597,CPC015_MCF7_6H_X2,0.035842304644834594,0.0,0.0,test,filzen_binary
BRD-K92093830,CPC015_MCF7_6H_X2,0.0462768758021846,0.0,0.0,test,filzen_binary
BRD-K95237249,CPC015_MCF7_6H_X2,0.03463255247778911,0.0,0.0,test,filzen_binary
BRD-A54880345,CPC015_MCF7_6H_X3,0.02132336851827331,0.0,0.0,test,filzen_binary
BRD-A55913614,CPC015_MCF7_6H_X3,0.022940539826835585,0.0,0.0,test,filzen_binary
BRD-A75552914,CPC015_MCF7_6H_X3,0.023751145899727186,0.0,0.0,test,filzen_binary
BRD-A79981887,CPC015_MCF7_6H_X3,0.03383029052754825,0.0,0.0,test,filzen_binary
BRD-K25394294,CPC015_MCF7_6H_X3,0.022147347880964053,0.0,0.0,test,filzen_binary
BRD-K28936863,CPC015_MCF7_6H_X3,0.04877031111715736,0.0,0.0,test,filzen_binary
BRD-K29458283,CPC015_MCF7_6H_X3,0.029414714293435756,0.0,0.0,test,filzen_binary
BRD-K32247306,CPC015_MCF7_6H_X3,0.02912653657753287,0.0,0.0,test,filzen_binary
BRD-K38055836,CPC015_MCF7_6H_X3,0.023421331477657428,0.0,0.0,test,filzen_binary
BRD-K38197229,CPC015_MCF7_6H_X3,0.03455706116103375,0.0,0.0,test,filzen_binary
BRD-K60770992,CPC015_MCF7_6H_X3,0.026668675706799715,0.0,0.0,test,filzen_binary
BRD-K66353228,CPC015_MCF7_6H_X3,0.0211994165008955,0.0,0.0,test,filzen_binary
BRD-K70301876,CPC015_MCF7_6H_X3,0.02566319964000857,0.0,0.0,test,filzen_binary
BRD-K71103788,CPC015_MCF7_6H_X3,0.019910153251272107,0.0,0.0,test,filzen_binary
BRD-K75958195,CPC015_MCF7_6H_X3,0.022921662467097217,0.0,0.0,test,filzen_binary
BRD-K77695569,CPC015_MCF7_6H_X3,0.03402805177837908,0.0,0.0,test,filzen_binary
BRD-K79759585,CPC015_MCF7_6H_X3,0.0553767466070372,0.0,0.0,test,filzen_binary
BRD-K92049597,CPC015_MCF7_6H_X3,0.035842304644834594,0.0,0.0,test,filzen_binary
BRD-K92093830,CPC015_MCF7_6H_X3,0.599122731550898,1.0,1.0,test,filzen_binary
BRD-K95237249,CPC015_MCF7_6H_X3,0.03463255247778911,0.0,0.0,test,filzen_binary
BRD-A54880345,CPC015_MCF7_6H_X4,0.02132336851827331,0.0,0.0,test,filzen_binary
BRD-A55913614,CPC015_MCF7_6H_X4,0.022940539826835585,0.0,0.0,test,filzen_binary
BRD-A75552914,CPC015_MCF7_6H_X4,0.023751145899727186,0.0,0.0,test,filzen_binary
BRD-A79981887,CPC015_MCF7_6H_X4,0.03383029052754825,0.0,0.0,test,filzen_binary
BRD-K25394294,CPC015_MCF7_6H_X4,0.022147347880964053,0.0,0.0,test,filzen_binary
BRD-K28936863,CPC015_MCF7_6H_X4,0.04877031111715736,0.0,0.0,test,filzen_binary
BRD-K29458283,CPC015_MCF7_6H_X4,0.029414714293435756,0.0,0.0,test,filzen_binary
BRD-K32247306,CPC015_MCF7_6H_X4,0.02912653657753287,0.0,0.0,test,filzen_binary
BRD-K38055836,CPC015_MCF7_6H_X4,0.023421331477657428,0.0,0.0,test,filzen_binary
BRD-K38197229,CPC015_MCF7_6H_X4,0.03455706116103375,0.0,0.0,test,filzen_binary
BRD-K60770992,CPC015_MCF7_6H_X4,0.026668675706799715,0.0,0.0,test,filzen_binary
BRD-K66353228,CPC015_MCF7_6H_X4,0.0211994165008955,0.0,0.0,test,filzen_binary
BRD-K70301876,CPC015_MCF7_6H_X4,0.02566319964000857,0.0,0.0,test,filzen_binary
BRD-K71103788,CPC015_MCF7_6H_X4,0.019910153251272107,0.0,0.0,test,filzen_binary
BRD-K75958195,CPC015_MCF7_6H_X4,0.022921662467097217,0.0,0.0,test,filzen_binary
BRD-K77695569,CPC015_MCF7_6H_X4,0.03402805177837908,0.0,0.0,test,filzen_binary
BRD-K79759585,CPC015_MCF7_6H_X4,0.0553767466070372,0.0,0.0,test,filzen_binary
BRD-K92049597,CPC015_MCF7_6H_X4,0.035842304644834594,0.0,0.0,test,filzen_binary
BRD-K92093830,CPC015_MCF7_6H_X4,0.0462768758021846,0.0,0.0,test,filzen_binary
BRD-K95237249,CPC015_MCF7_6H_X4,0.03463255247778911,0.0,0.0,test,filzen_binary
BRD-A54880345,CPC015_MCF7_6H_X5,0.02132336851827331,0.0,0.0,test,filzen_binary
BRD-A55913614,CPC015_MCF7_6H_X5,0.022940539826835585,0.0,0.0,test,filzen_binary
BRD-A75552914,CPC015_MCF7_6H_X5,0.023751145899727186,0.0,0.0,test,filzen_binary
BRD-A79981887,CPC015_MCF7_6H_X5,0.03383029052754825,0.0,0.0,test,filzen_binary
BRD-K25394294,CPC015_MCF7_6H_X5,0.022147347880964053,0.0,0.0,test,filzen_binary
BRD-K28936863,CPC015_MCF7_6H_X5,0.04877031111715736,0.0,0.0,test,filzen_binary
BRD-K29458283,CPC015_MCF7_6H_X5,0.029414714293435756,0.0,0.0,test,filzen_binary
BRD-K32247306,CPC015_MCF7_6H_X5,0.02912653657753287,0.0,0.0,test,filzen_binary
BRD-K38055836,CPC015_MCF7_6H_X5,0.023421331477657428,0.0,0.0,test,filzen_binary
BRD-K38197229,CPC015_MCF7_6H_X5,0.03455706116103375,0.0,0.0,test,filzen_binary
BRD-K60770992,CPC015_MCF7_6H_X5,0.026668675706799715,0.0,0.0,test,filzen_binary
BRD-K66353228,CPC015_MCF7_6H_X5,0.0211994165008955,0.0,0.0,test,filzen_binary
BRD-K70301876,CPC015_MCF7_6H_X5,0.02566319964000857,0.0,0.0,test,filzen_binary
BRD-K71103788,CPC015_MCF7_6H_X5,0.019910153251272107,0.0,0.0,test,filzen_binary
BRD-K75958195,CPC015_MCF7_6H_X5,0.022921662467097217,0.0,0.0,test,filzen_binary
BRD-K77695569,CPC015_MCF7_6H_X5,0.03402805177837908,0.0,0.0,test,filzen_binary
BRD-K79759585,CPC015_MCF7_6H_X5,0.0553767466070372,0.0,0.0,test,filzen_binary
BRD-K92049597,CPC015_MCF7_6H_X5,0.035842304644834594,0.0,0.0,test,filzen_binary
BRD-K92093830,CPC015_MCF7_6H_X5,0.0462768758021846,0.0,0.0,test,filzen_binary
BRD-K95237249,CPC015_MCF7_6H_X5,0.03463255247778911,0.0,0.0,test,filzen_binary
BRD-K67043667,CPC016_MCF7_6H_X1,0.02765338155642627,0.0,0.0,test,filzen_binary
BRD-K67043667,CPC016_MCF7_6H_X2,0.02765338155642627,0.0,0.0,test,filzen_binary
BRD-K67043667,CPC016_MCF7_6H_X5,0.02765338155642627,0.0,0.0,test,filzen_binary
BRD-K02265150,CPC017_MCF7_6H_X1,0.02124487924366902,0.0,0.0,test,filzen_binary
BRD-K22031190,CPC017_MCF7_6H_X1,0.034345071692072154,0.0,0.0,test,filzen_binary
BRD-K02265150,CPC017_MCF7_6H_X2,0.02124487924366902,0.0,0.0,test,filzen_binary
BRD-K22031190,CPC017_MCF7_6H_X2,0.034345071692072154,0.0,0.0,test,filzen_binary
BRD-K02265150,CPC017_MCF7_6H_X3,0.02124487924366902,0.0,0.0,test,filzen_binary
BRD-K22031190,CPC017_MCF7_6H_X3,0.034345071692072154,0.0,0.0,test,filzen_binary
BRD-K02265150,CPC017_MCF7_6H_X5,0.02124487924366902,0.0,0.0,test,filzen_binary
BRD-K22031190,CPC017_MCF7_6H_X5,0.034345071692072154,0.0,0.0,test,filzen_binary
BRD-K78126613,CPC018_MCF7_6H_X1,0.03673871964003208,0.0,0.0,test,filzen_binary
BRD-K97181089,CPC018_MCF7_6H_X1,0.02622399857478067,0.0,0.0,test,filzen_binary
BRD-K78126613,CPC018_MCF7_6H_X2,0.03673871964003208,0.0,0.0,test,filzen_binary
BRD-K97181089,CPC018_MCF7_6H_X2,0.02622399857478067,0.0,0.0,test,filzen_binary
BRD-K78126613,CPC018_MCF7_6H_X3,0.03673871964003208,0.0,0.0,test,filzen_binary
BRD-K97181089,CPC018_MCF7_6H_X3,0.02622399857478067,0.0,0.0,test,filzen_binary
BRD-A36217750,CPC020_MCF7_6H_X1,0.026881295281526885,0.0,0.0,test,filzen_binary
BRD-A54880345,CPC020_MCF7_6H_X1,0.020822683082728447,0.0,0.0,test,filzen_binary
BRD-A79981887,CPC020_MCF7_6H_X1,0.033196162881459726,0.0,0.0,test,filzen_binary
BRD-K02265150,CPC020_MCF7_6H_X1,0.022012760967133282,0.0,0.0,test,filzen_binary
BRD-K22031190,CPC020_MCF7_6H_X1,0.03526098257658088,0.0,0.0,test,filzen_binary
BRD-K29458283,CPC020_MCF7_6H_X1,0.0288253029544001,0.0,0.0,test,filzen_binary
BRD-K32247306,CPC020_MCF7_6H_X1,0.02852750686546162,0.0,0.0,test,filzen_binary
BRD-K38197229,CPC020_MCF7_6H_X1,0.033853599766936616,0.0,0.0,test,filzen_binary
BRD-K46211610,CPC020_MCF7_6H_X1,0.027844460349456913,0.0,0.0,test,filzen_binary
BRD-K67043667,CPC020_MCF7_6H_X1,0.02816888151557613,0.0,0.0,test,filzen_binary
BRD-K67511046,CPC020_MCF7_6H_X1,0.02821255778732701,0.0,0.0,test,filzen_binary
BRD-K77695569,CPC020_MCF7_6H_X1,0.033346789020733465,0.0,0.0,test,filzen_binary
BRD-K92049597,CPC020_MCF7_6H_X1,0.035147203575173556,0.0,0.0,test,filzen_binary
BRD-K95237249,CPC020_MCF7_6H_X1,0.03396553395570742,0.0,0.0,test,filzen_binary
BRD-A36217750,CPC020_MCF7_6H_X2,0.026881295281526885,0.0,0.0,test,filzen_binary
BRD-A54880345,CPC020_MCF7_6H_X2,0.020822683082728447,0.0,0.0,test,filzen_binary
BRD-A79981887,CPC020_MCF7_6H_X2,0.033196162881459726,0.0,0.0,test,filzen_binary
BRD-K02265150,CPC020_MCF7_6H_X2,0.022012760967133282,0.0,0.0,test,filzen_binary
BRD-K22031190,CPC020_MCF7_6H_X2,0.03526098257658088,0.0,0.0,test,filzen_binary
BRD-K29458283,CPC020_MCF7_6H_X2,0.0288253029544001,0.0,0.0,test,filzen_binary
BRD-K32247306,CPC020_MCF7_6H_X2,0.02852750686546162,0.0,0.0,test,filzen_binary
BRD-K38197229,CPC020_MCF7_6H_X2,0.033853599766936616,0.0,0.0,test,filzen_binary
BRD-K46211610,CPC020_MCF7_6H_X2,0.027844460349456913,0.0,0.0,test,filzen_binary
BRD-K67043667,CPC020_MCF7_6H_X2,0.02816888151557613,0.0,0.0,test,filzen_binary
BRD-K67511046,CPC020_MCF7_6H_X2,0.02821255778732701,0.0,0.0,test,filzen_binary
BRD-K77695569,CPC020_MCF7_6H_X2,0.033346789020733465,0.0,0.0,test,filzen_binary
BRD-K92049597,CPC020_MCF7_6H_X2,0.035147203575173556,0.0,0.0,test,filzen_binary
BRD-K95237249,CPC020_MCF7_6H_X2,0.03396553395570742,0.0,0.0,test,filzen_binary
BRD-A36217750,CPC020_MCF7_6H_X3,0.026881295281526885,0.0,0.0,test,filzen_binary
BRD-A54880345,CPC020_MCF7_6H_X3,0.020822683082728447,0.0,0.0,test,filzen_binary
BRD-A79981887,CPC020_MCF7_6H_X3,0.033196162881459726,0.0,0.0,test,filzen_binary
BRD-K02265150,CPC020_MCF7_6H_X3,0.022012760967133282,0.0,0.0,test,filzen_binary
BRD-K22031190,CPC020_MCF7_6H_X3,0.03526098257658088,0.0,0.0,test,filzen_binary
BRD-K29458283,CPC020_MCF7_6H_X3,0.0288253029544001,0.0,0.0,test,filzen_binary
BRD-K32247306,CPC020_MCF7_6H_X3,0.02852750686546162,0.0,0.0,test,filzen_binary
BRD-K38197229,CPC020_MCF7_6H_X3,0.033853599766936616,0.0,0.0,test,filzen_binary
BRD-K46211610,CPC020_MCF7_6H_X3,0.027844460349456913,0.0,0.0,test,filzen_binary
BRD-K67043667,CPC020_MCF7_6H_X3,0.02816888151557613,0.0,0.0,test,filzen_binary
BRD-K67511046,CPC020_MCF7_6H_X3,0.02821255778732701,0.0,0.0,test,filzen_binary
BRD-K77695569,CPC020_MCF7_6H_X3,0.033346789020733465,0.0,0.0,test,filzen_binary
BRD-K92049597,CPC020_MCF7_6H_X3,0.035147203575173556,0.0,0.0,test,filzen_binary
BRD-K95237249,CPC020_MCF7_6H_X3,0.03396553395570742,0.0,0.0,test,filzen_binary
BRD-A36217750,CPC020_MCF7_6H_X5,0.026881295281526885,0.0,0.0,test,filzen_binary
BRD-A54880345,CPC020_MCF7_6H_X5,0.020822683082728447,0.0,0.0,test,filzen_binary
BRD-A79981887,CPC020_MCF7_6H_X5,0.033196162881459726,0.0,0.0,test,filzen_binary
BRD-K02265150,CPC020_MCF7_6H_X5,0.022012760967133282,0.0,0.0,test,filzen_binary
BRD-K22031190,CPC020_MCF7_6H_X5,0.03526098257658088,0.0,0.0,test,filzen_binary
BRD-K29458283,CPC020_MCF7_6H_X5,0.0288253029544001,0.0,0.0,test,filzen_binary
BRD-K32247306,CPC020_MCF7_6H_X5,0.02852750686546162,0.0,0.0,test,filzen_binary
BRD-K38197229,CPC020_MCF7_6H_X5,0.033853599766936616,0.0,0.0,test,filzen_binary
BRD-K46211610,CPC020_MCF7_6H_X5,0.027844460349456913,0.0,0.0,test,filzen_binary
BRD-K67043667,CPC020_MCF7_6H_X5,0.02816888151557613,0.0,0.0,test,filzen_binary
BRD-K67511046,CPC020_MCF7_6H_X5,0.02821255778732701,0.0,0.0,test,filzen_binary
BRD-K77695569,CPC020_MCF7_6H_X5,0.033346789020733465,0.0,0.0,test,filzen_binary
BRD-K92049597,CPC020_MCF7_6H_X5,0.035147203575173556,0.0,0.0,test,filzen_binary
BRD-K95237249,CPC020_MCF7_6H_X5,0.03396553395570742,0.0,0.0,test,filzen_binary
BRD-A26711594,CPD001_MCF7_6H_X1,0.020880202092167927,0.0,0.0,test,filzen_binary
BRD-A36217750,CPD001_MCF7_6H_X1,0.026861193768888056,0.0,0.0,test,filzen_binary
BRD-A75552914,CPD001_MCF7_6H_X1,0.022509235625813223,0.0,0.0,test,filzen_binary
BRD-A79981887,CPD001_MCF7_6H_X1,0.033181922735640634,0.0,0.0,test,filzen_binary
BRD-K22031190,CPD001_MCF7_6H_X1,0.03526098257658088,0.0,0.0,test,filzen_binary
BRD-K28936863,CPD001_MCF7_6H_X1,0.04732266731527542,0.0,0.0,test,filzen_binary
BRD-K38197229,CPD001_MCF7_6H_X1,0.03387378710543791,0.0,0.0,test,filzen_binary
BRD-K46211610,CPD001_MCF7_6H_X1,0.02786682971237746,0.0,0.0,test,filzen_binary
BRD-K60770992,CPD001_MCF7_6H_X1,0.025443166543626945,0.0,0.0,test,filzen_binary
BRD-K66353228,CPD001_MCF7_6H_X1,0.020069421095636388,0.0,0.0,test,filzen_binary
BRD-K67511046,CPD001_MCF7_6H_X1,0.02821255778732701,0.0,0.0,test,filzen_binary
BRD-K89732114,CPD001_MCF7_6H_X1,0.022237107887243566,0.0,0.0,test,filzen_binary
BRD-K92049597,CPD001_MCF7_6H_X1,0.035147203575173556,0.0,0.0,test,filzen_binary
BRD-K97181089,CPD001_MCF7_6H_X1,0.02616888154574658,0.0,0.0,test,filzen_binary
BRD-A26711594,CPD001_MCF7_6H_X1.A2,0.020880202092167927,0.0,0.0,test,filzen_binary
BRD-A36217750,CPD001_MCF7_6H_X1.A2,0.026861193768888056,0.0,0.0,test,filzen_binary
BRD-A75552914,CPD001_MCF7_6H_X1.A2,0.022509235625813223,0.0,0.0,test,filzen_binary
BRD-A79981887,CPD001_MCF7_6H_X1.A2,0.033181922735640634,0.0,0.0,test,filzen_binary
BRD-K22031190,CPD001_MCF7_6H_X1.A2,0.03526098257658088,0.0,0.0,test,filzen_binary
BRD-K28936863,CPD001_MCF7_6H_X1.A2,0.04732266731527542,0.0,0.0,test,filzen_binary
BRD-K38197229,CPD001_MCF7_6H_X1.A2,0.03387378710543791,0.0,0.0,test,filzen_binary
BRD-K46211610,CPD001_MCF7_6H_X1.A2,0.02786682971237746,0.0,0.0,test,filzen_binary
BRD-K60770992,CPD001_MCF7_6H_X1.A2,0.025443166543626945,0.0,0.0,test,filzen_binary
BRD-K66353228,CPD001_MCF7_6H_X1.A2,0.020069421095636388,0.0,0.0,test,filzen_binary
BRD-K67511046,CPD001_MCF7_6H_X1.A2,0.02821255778732701,0.0,0.0,test,filzen_binary
BRD-K89732114,CPD001_MCF7_6H_X1.A2,0.022237107887243566,0.0,0.0,test,filzen_binary
BRD-K92049597,CPD001_MCF7_6H_X1.A2,0.035147203575173556,0.0,0.0,test,filzen_binary
BRD-K97181089,CPD001_MCF7_6H_X1.A2,0.02616888154574658,0.0,0.0,test,filzen_binary
BRD-A26711594,CPD001_MCF7_6H_X2,0.020728987619968588,0.0,0.0,test,filzen_binary
BRD-A36217750,CPD001_MCF7_6H_X2,0.026582739028115854,0.0,0.0,test,filzen_binary
BRD-A75552914,CPD001_MCF7_6H_X2,0.022330164338752182,0.0,0.0,test,filzen_binary
BRD-A79981887,CPD001_MCF7_6H_X2,0.032881063242104075,0.0,0.0,test,filzen_binary
BRD-K22031190,CPD001_MCF7_6H_X2,0.03490106290057778,0.0,0.0,test,filzen_binary
BRD-K38197229,CPD001_MCF7_6H_X2,0.03352078049912259,0.0,0.0,test,filzen_binary
BRD-K46211610,CPD001_MCF7_6H_X2,0.027580087481040235,0.0,0.0,test,filzen_binary
BRD-K60770992,CPD001_MCF7_6H_X2,0.025260248401396283,0.0,0.0,test,filzen_binary
BRD-K67511046,CPD001_MCF7_6H_X2,0.027936013892249482,0.0,0.0,test,filzen_binary
BRD-K89732114,CPD001_MCF7_6H_X2,0.02210396803323683,0.0,0.0,test,filzen_binary
BRD-K92049597,CPD001_MCF7_6H_X2,0.03478471235327542,0.0,0.0,test,filzen_binary
BRD-K97181089,CPD001_MCF7_6H_X2,0.02596662109255121,0.0,0.0,test,filzen_binary
BRD-A26711594,CPD001_MCF7_6H_X3,0.020899066457382043,0.0,0.0,test,filzen_binary
BRD-A36217750,CPD001_MCF7_6H_X3,0.02688221807298359,0.0,0.0,test,filzen_binary
BRD-A75552914,CPD001_MCF7_6H_X3,0.02252892919389389,0.0,0.0,test,filzen_binary
BRD-A79981887,CPD001_MCF7_6H_X3,0.033197019353998124,0.0,0.0,test,filzen_binary
BRD-K22031190,CPD001_MCF7_6H_X3,0.03527744551439214,0.0,0.0,test,filzen_binary
BRD-K28936863,CPD001_MCF7_6H_X3,0.04701509330527927,0.0,0.0,test,filzen_binary
BRD-K38197229,CPD001_MCF7_6H_X3,0.0339006053027897,0.0,0.0,test,filzen_binary
BRD-K46211610,CPD001_MCF7_6H_X3,0.027896705740732643,0.0,0.0,test,filzen_binary
BRD-K60770992,CPD001_MCF7_6H_X3,0.025467143279712747,0.0,0.0,test,filzen_binary
BRD-K66353228,CPD001_MCF7_6H_X3,0.019939982427991738,0.0,0.0,test,filzen_binary
BRD-K67511046,CPD001_MCF7_6H_X3,0.028250424741782524,0.0,0.0,test,filzen_binary
BRD-K89732114,CPD001_MCF7_6H_X3,0.022269813277091804,0.0,0.0,test,filzen_binary
BRD-K92049597,CPD001_MCF7_6H_X3,0.03518337648166659,0.0,0.0,test,filzen_binary
BRD-K97181089,CPD001_MCF7_6H_X3,0.026205820080025543,0.0,0.0,test,filzen_binary
BRD-A55913614,CPD002_MCF7_6H_X1,0.020151023726512677,0.0,0.0,test,filzen_binary
BRD-K38055836,CPD002_MCF7_6H_X1,0.02059717289669068,0.0,0.0,test,filzen_binary
BRD-K70301876,CPD002_MCF7_6H_X1,0.02302090236754034,0.0,0.0,test,filzen_binary
BRD-K77695569,CPD002_MCF7_6H_X1,0.030914841548860518,0.0,0.0,test,filzen_binary
BRD-K92093830,CPD002_MCF7_6H_X1,0.5988386903636159,1.0,1.0,test,filzen_binary
BRD-K95237249,CPD002_MCF7_6H_X1,0.031442429703178926,0.0,0.0,test,filzen_binary
BRD-A55913614,CPD002_MCF7_6H_X2,0.020151023726512677,0.0,0.0,test,filzen_binary
BRD-K38055836,CPD002_MCF7_6H_X2,0.02059717289669068,0.0,0.0,test,filzen_binary
BRD-K70301876,CPD002_MCF7_6H_X2,0.02302090236754034,0.0,0.0,test,filzen_binary
BRD-K77695569,CPD002_MCF7_6H_X2,0.030914841548860518,0.0,0.0,test,filzen_binary
BRD-K92093830,CPD002_MCF7_6H_X2,0.5988386903636159,1.0,1.0,test,filzen_binary
BRD-K95237249,CPD002_MCF7_6H_X2,0.031442429703178926,0.0,0.0,test,filzen_binary
BRD-A55913614,CPD002_MCF7_6H_X3,0.020151023726512677,0.0,0.0,test,filzen_binary
BRD-K38055836,CPD002_MCF7_6H_X3,0.02059717289669068,0.0,0.0,test,filzen_binary
BRD-K70301876,CPD002_MCF7_6H_X3,0.02302090236754034,0.0,0.0,test,filzen_binary
BRD-K77695569,CPD002_MCF7_6H_X3,0.030914841548860518,0.0,0.0,test,filzen_binary
BRD-K92093830,CPD002_MCF7_6H_X3,0.5988386903636159,1.0,1.0,test,filzen_binary
BRD-K95237249,CPD002_MCF7_6H_X3,0.031442429703178926,0.0,0.0,test,filzen_binary
BRD-K25394294,CPD003_MCF7_6H_X1,0.01953298455227166,0.0,0.0,test,filzen_binary
BRD-K29458283,CPD003_MCF7_6H_X1,0.026782533354533736,0.0,0.0,test,filzen_binary
BRD-K32247306,CPD003_MCF7_6H_X1,0.02634040295030767,0.0,0.0,test,filzen_binary
BRD-K67043667,CPD003_MCF7_6H_X1,0.025801253595692752,0.0,0.0,test,filzen_binary
BRD-K75958195,CPD003_MCF7_6H_X1,0.020123305005561132,0.0,0.0,test,filzen_binary
BRD-K79759585,CPD003_MCF7_6H_X1,0.04980361598517077,0.0,0.0,test,filzen_binary
BRD-K25394294,CPD003_MCF7_6H_X2,0.01953298455227166,0.0,0.0,test,filzen_binary
BRD-K29458283,CPD003_MCF7_6H_X2,0.026782533354533736,0.0,0.0,test,filzen_binary
BRD-K32247306,CPD003_MCF7_6H_X2,0.02634040295030767,0.0,0.0,test,filzen_binary
BRD-K67043667,CPD003_MCF7_6H_X2,0.025801253595692752,0.0,0.0,test,filzen_binary
BRD-K75958195,CPD003_MCF7_6H_X2,0.020123305005561132,0.0,0.0,test,filzen_binary
BRD-K79759585,CPD003_MCF7_6H_X2,0.04980361598517077,0.0,0.0,test,filzen_binary
BRD-K63923597,HOG001_MCF7_6H_X2,0.05641451411787319,0.0,0.0,test,filzen_binary
BRD-K63923597,HOG001_MCF7_6H_X3,0.05641451411787319,0.0,0.0,test,filzen_binary
BRD-K63923597,HOG001_MCF7_6H_X4,0.05641451411787319,0.0,0.0,test,filzen_binary
BRD-K27305650,HOG002_MCF7_6H_X1,0.7395463136949033,1.0,1.0,test,filzen_binary
BRD-K92093830,HOG002_MCF7_6H_X1,0.5986030571650544,1.0,1.0,test,filzen_binary
BRD-K27305650,HOG002_MCF7_6H_X2,0.7395463136949033,1.0,1.0,test,filzen_binary
BRD-K92093830,HOG002_MCF7_6H_X2,0.5986030571650544,1.0,1.0,test,filzen_binary
BRD-K27305650,HOG002_MCF7_6H_X3,0.7395463136949033,1.0,1.0,test,filzen_binary
BRD-K92093830,HOG002_MCF7_6H_X3,0.5986030571650544,1.0,1.0,test,filzen_binary
BRD-K78126613,HOG003_MCF7_6H_X1,0.03171661592407433,0.0,0.0,test,filzen_binary
BRD-K78126613,HOG003_MCF7_6H_X2,0.03171661592407433,0.0,0.0,test,filzen_binary
BRD-K78126613,HOG003_MCF7_6H_X3,0.03171661592407433,0.0,0.0,test,filzen_binary
BRD-K78126613,HOG003_MCF7_6H_X4,0.03171661592407433,0.0,0.0,test,filzen_binary
BRD-K16478699,LJP001_MCF7_6H_X1,0.03397511354214483,0.0,0.0,test,filzen_binary
BRD-K56343971,LJP001_MCF7_6H_X1,0.03350138527529313,0.0,0.0,test,filzen_binary
BRD-K63923597,LJP001_MCF7_6H_X1,0.0554740403017828,0.0,0.0,test,filzen_binary
BRD-K16478699,LJP001_MCF7_6H_X2,0.03397511354214483,0.0,0.0,test,filzen_binary
BRD-K56343971,LJP001_MCF7_6H_X2,0.03350138527529313,0.0,0.0,test,filzen_binary
BRD-K63923597,LJP001_MCF7_6H_X2,0.0554740403017828,0.0,0.0,test,filzen_binary
BRD-K16478699,LJP001_MCF7_6H_X3,0.03397511354214483,0.0,0.0,test,filzen_binary
BRD-K56343971,LJP001_MCF7_6H_X3,0.03350138527529313,0.0,0.0,test,filzen_binary
BRD-K63923597,LJP001_MCF7_6H_X3,0.0554740403017828,0.0,0.0,test,filzen_binary
BRD-K16478699,LJP001_MCF7_6H_X4,0.03397511354214483,0.0,0.0,test,filzen_binary
BRD-K56343971,LJP001_MCF7_6H_X4,0.03350138527529313,0.0,0.0,test,filzen_binary
BRD-K63923597,LJP001_MCF7_6H_X4,0.0554740403017828,0.0,0.0,test,filzen_binary
BRD-K27305650,MUC.CP001_MCF7_6H_X1,0.7274842493825346,1.0,1.0,test,filzen_binary
BRD-K27305650,MUC.CP001_MCF7_6H_X2,0.7274842493825346,1.0,1.0,test,filzen_binary
BRD-K27305650,MUC.CP001_MCF7_6H_X3,0.7274842493825346,1.0,1.0,test,filzen_binary
BRD-K27305650,MUC.CP002_MCF7_6H_X1,0.7375369436493051,1.0,1.0,test,filzen_binary
BRD-K28936863,MUC.CP002_MCF7_6H_X1,0.03976144056889095,0.0,0.0,test,filzen_binary
BRD-K79759585,MUC.CP002_MCF7_6H_X1,0.043011170405932976,0.0,0.0,test,filzen_binary
BRD-K27305650,MUC.CP002_MCF7_6H_X2,0.7375369436493051,1.0,1.0,test,filzen_binary
BRD-K28936863,MUC.CP002_MCF7_6H_X2,0.03976144056889095,0.0,0.0,test,filzen_binary
BRD-K79759585,MUC.CP002_MCF7_6H_X2,0.043011170405932976,0.0,0.0,test,filzen_binary
BRD-K27305650,MUC.CP002_MCF7_6H_X3,0.7375369436493051,1.0,1.0,test,filzen_binary
BRD-K28936863,MUC.CP002_MCF7_6H_X3,0.03976144056889095,0.0,0.0,test,filzen_binary
BRD-K79759585,MUC.CP002_MCF7_6H_X3,0.043011170405932976,0.0,0.0,test,filzen_binary
BRD-K27305650,MUC.CP003_MCF7_6H_X1,0.7167210445790823,1.0,1.0,test,filzen_binary
BRD-K27305650,MUC.CP003_MCF7_6H_X2,0.7167210445790823,1.0,1.0,test,filzen_binary
BRD-K27305650,MUC.CP003_MCF7_6H_X3,0.7167210445790823,1.0,1.0,test,filzen_binary
BRD-K27305650,MUC.CP004_MCF7_6H_X1,0.7167210445790823,1.0,1.0,test,filzen_binary
BRD-K27305650,MUC.CP004_MCF7_6H_X2,0.7167210445790823,1.0,1.0,test,filzen_binary
BRD-K27305650,MUC.CP004_MCF7_6H_X3,0.7167210445790823,1.0,1.0,test,filzen_binary
BRD-K27305650,MUC.CP005_MCF7_6H_X1,0.7167210445790823,1.0,1.0,test,filzen_binary
BRD-K27305650,MUC.CP005_MCF7_6H_X2,0.7167210445790823,1.0,1.0,test,filzen_binary
BRD-K27305650,MUC.CP005_MCF7_6H_X3,0.7167210445790823,1.0,1.0,test,filzen_binary
BRD-K27305650,MUC.CP006_MCF7_6H_X1,0.7167210445790823,1.0,1.0,test,filzen_binary
BRD-K27305650,MUC.CP006_MCF7_6H_X2,0.7167210445790823,1.0,1.0,test,filzen_binary
BRD-K27305650,MUC.CP006_MCF7_6H_X3,0.7167210445790823,1.0,1.0,test,filzen_binary
BRD-K27305650,RAD001_MCF7_6H_X1,0.7167210445790823,1.0,1.0,test,filzen_binary
BRD-K27305650,RAD001_MCF7_6H_X2,0.7167210445790823,1.0,1.0,test,filzen_binary
