pert_id,rna_plate,reciprocal_rank,top1_correct,top5_hit,cohort,method
BRD-K27305650,ASG001_MCF7_6H_X2,1.0,1.0,1.0,phase1_test,raw_mean_consensus
BRD-K89732114,ASG001_MCF7_6H_X2,0.3333333333333333,0.0,1.0,phase1_test,raw_mean_consensus
BRD-A54880345,CPC004_MCF7_6H_X1,0.04,0.0,0.0,phase1_test,raw_mean_consensus
BRD-A55913614,CPC004_MCF7_6H_X1,0.0625,0.0,0.0,phase1_test,raw_mean_consensus
BRD-A75552914,CPC004_MCF7_6H_X1,0.029411764705882353,0.0,0.0,phase1_test,raw_mean_consensus
BRD-A79981887,CPC004_MCF7_6H_X1,0.14285714285714285,0.0,0.0,phase1_test,raw_mean_consensus
BRD-K02265150,CPC004_MCF7_6H_X1,1.0,1.0,1.0,phase1_test,raw_mean_consensus
BRD-K22031190,CPC004_MCF7_6H_X1,0.3333333333333333,0.0,1.0,phase1_test,raw_mean_consensus
BRD-K25394294,CPC004_MCF7_6H_X1,0.14285714285714285,0.0,0.0,phase1_test,raw_mean_consensus
BRD-K28936863,CPC004_MCF7_6H_X1,0.07692307692307693,0.0,0.0,phase1_test,raw_mean_consensus
BRD-K29458283,CPC004_MCF7_6H_X1,0.2,0.0,1.0,phase1_test,raw_mean_consensus
BRD-K32247306,CPC004_MCF7_6H_X1,0.05555555555555555,0.0,0.0,phase1_test,raw_mean_consensus
BRD-K38055836,CPC004_MCF7_6H_X1,0.04,0.0,0.0,phase1_test,raw_mean_consensus
BRD-K60770992,CPC004_MCF7_6H_X1,0.03125,0.0,0.0,phase1_test,raw_mean_consensus
BRD-K66353228,CPC004_MCF7_6H_X1,0.04,0.0,0.0,phase1_test,raw_mean_consensus
BRD-K67043667,CPC004_MCF7_6H_X1,0.3333333333333333,0.0,1.0,phase1_test,raw_mean_consensus
BRD-K70301876,CPC004_MCF7_6H_X1,0.047619047619047616,0.0,0.0,phase1_test,raw_mean_consensus
BRD-K71103788,CPC004_MCF7_6H_X1,0.03571428571428571,0.0,0.0,phase1_test,raw_mean_consensus
BRD-K75958195,CPC004_MCF7_6H_X1,0.5,0.0,1.0,phase1_test,raw_mean_consensus
BRD-K78126613,CPC004_MCF7_6H_X1,0.2,0.0,1.0,phase1_test,raw_mean_consensus
BRD-K79759585,CPC004_MCF7_6H_X1,0.03571428571428571,0.0,0.0,phase1_test,raw_mean_consensus
BRD-A54880345,CPC004_MCF7_6H_X2,0.034482758620689655,0.0,0.0,phase1_test,raw_mean_consensus
BRD-A55913614,CPC004_MCF7_6H_X2,0.043478260869565216,0.0,0.0,phase1_test,raw_mean_consensus
BRD-A75552914,CPC004_MCF7_6H_X2,0.3333333333333333,0.0,1.0,phase1_test,raw_mean_consensus
BRD-A79981887,CPC004_MCF7_6H_X2,0.16666666666666666,0.0,0.0,phase1_test,raw_mean_consensus
BRD-K02265150,CPC004_MCF7_6H_X2,0.5,0.0,1.0,phase1_test,raw_mean_consensus
BRD-K22031190,CPC004_MCF7_6H_X2,0.029411764705882353,0.0,0.0,phase1_test,raw_mean_consensus
BRD-K25394294,CPC004_MCF7_6H_X2,0.03225806451612903,0.0,0.0,phase1_test,raw_mean_consensus
BRD-K28936863,CPC004_MCF7_6H_X2,0.037037037037037035,0.0,0.0,phase1_test,raw_mean_consensus
BRD-K29458283,CPC004_MCF7_6H_X2,0.5,0.0,1.0,phase1_test,raw_mean_consensus
BRD-K32247306,CPC004_MCF7_6H_X2,0.05263157894736842,0.0,0.0,phase1_test,raw_mean_consensus
BRD-K38055836,CPC004_MCF7_6H_X2,0.043478260869565216,0.0,0.0,phase1_test,raw_mean_consensus
BRD-K60770992,CPC004_MCF7_6H_X2,1.0,1.0,1.0,phase1_test,raw_mean_consensus
BRD-K66353228,CPC004_MCF7_6H_X2,0.037037037037037035,0.0,0.0,phase1_test,raw_mean_consensus
BRD-K67043667,CPC004_MCF7_6H_X2,0.14285714285714285,0.0,0.0,phase1_test,raw_mean_consensus
BRD-K70301876,CPC004_MCF7_6H_X2,0.047619047619047616,0.0,0.0,phase1_test,raw_mean_consensus
BRD-K71103788,CPC004_MCF7_6H_X2,0.06666666666666667,0.0,0.0,phase1_test,raw_mean_consensus
BRD-K75958195,CPC004_MCF7_6H_X2,0.09090909090909091,0.0,0.0,phase1_test,raw_mean_consensus
BRD-K78126613,CPC004_MCF7_6H_X2,1.0,1.0,1.0,phase1_test,raw_mean_consensus
BRD-K79759585,CPC004_MCF7_6H_X2,0.038461538461538464,0.0,0.0,phase1_test,raw_mean_consensus
BRD-A54880345,CPC004_MCF7_6H_X4,0.07142857142857142,0.0,0.0,phase1_test,raw_mean_consensus
BRD-A55913614,CPC004_MCF7_6H_X4,0.05263157894736842,0.0,0.0,phase1_test,raw_mean_consensus
BRD-A75552914,CPC004_MCF7_6H_X4,0.037037037037037035,0.0,0.0,phase1_test,raw_mean_consensus
BRD-A79981887,CPC004_MCF7_6H_X4,0.03333333333333333,0.0,0.0,phase1_test,raw_mean_consensus
BRD-K02265150,CPC004_MCF7_6H_X4,0.029411764705882353,0.0,0.0,phase1_test,raw_mean_consensus
BRD-K22031190,CPC004_MCF7_6H_X4,0.03333333333333333,0.0,0.0,phase1_test,raw_mean_consensus
BRD-K25394294,CPC004_MCF7_6H_X4,0.037037037037037035,0.0,0.0,phase1_test,raw_mean_consensus
BRD-K28936863,CPC004_MCF7_6H_X4,0.3333333333333333,0.0,1.0,phase1_test,raw_mean_consensus
BRD-K29458283,CPC004_MCF7_6H_X4,0.03333333333333333,0.0,0.0,phase1_test,raw_mean_consensus
BRD-K32247306,CPC004_MCF7_6H_X4,0.058823529411764705,0.0,0.0,phase1_test,raw_mean_consensus
BRD-K38055836,CPC004_MCF7_6H_X4,0.2,0.0,1.0,phase1_test,raw_mean_consensus
BRD-K60770992,CPC004_MCF7_6H_X4,0.05263157894736842,0.0,0.0,phase1_test,raw_mean_consensus
BRD-K66353228,CPC004_MCF7_6H_X4,0.041666666666666664,0.0,0.0,phase1_test,raw_mean_consensus
BRD-K67043667,CPC004_MCF7_6H_X4,0.045454545454545456,0.0,0.0,phase1_test,raw_mean_consensus
BRD-K70301876,CPC004_MCF7_6H_X4,0.5,0.0,1.0,phase1_test,raw_mean_consensus
BRD-K71103788,CPC004_MCF7_6H_X4,0.08333333333333333,0.0,0.0,phase1_test,raw_mean_consensus
BRD-K75958195,CPC004_MCF7_6H_X4,0.07692307692307693,0.0,0.0,phase1_test,raw_mean_consensus
BRD-K78126613,CPC004_MCF7_6H_X4,1.0,1.0,1.0,phase1_test,raw_mean_consensus
BRD-K79759585,CPC004_MCF7_6H_X4,0.05263157894736842,0.0,0.0,phase1_test,raw_mean_consensus
BRD-A54880345,CPC004_MCF7_6H_X5,0.03225806451612903,0.0,0.0,phase1_test,raw_mean_consensus
BRD-A55913614,CPC004_MCF7_6H_X5,0.05,0.0,0.0,phase1_test,raw_mean_consensus
BRD-A75552914,CPC004_MCF7_6H_X5,1.0,1.0,1.0,phase1_test,raw_mean_consensus
BRD-A79981887,CPC004_MCF7_6H_X5,0.041666666666666664,0.0,0.0,phase1_test,raw_mean_consensus
BRD-K02265150,CPC004_MCF7_6H_X5,0.1,0.0,0.0,phase1_test,raw_mean_consensus
BRD-K22031190,CPC004_MCF7_6H_X5,0.05263157894736842,0.0,0.0,phase1_test,raw_mean_consensus
BRD-K25394294,CPC004_MCF7_6H_X5,0.034482758620689655,0.0,0.0,phase1_test,raw_mean_consensus
BRD-K28936863,CPC004_MCF7_6H_X5,0.05,0.0,0.0,phase1_test,raw_mean_consensus
BRD-K29458283,CPC004_MCF7_6H_X5,0.03225806451612903,0.0,0.0,phase1_test,raw_mean_consensus
BRD-K38055836,CPC004_MCF7_6H_X5,0.08333333333333333,0.0,0.0,phase1_test,raw_mean_consensus
BRD-K60770992,CPC004_MCF7_6H_X5,0.034482758620689655,0.0,0.0,phase1_test,raw_mean_consensus
BRD-K66353228,CPC004_MCF7_6H_X5,0.038461538461538464,0.0,0.0,phase1_test,raw_mean_consensus
BRD-K67043667,CPC004_MCF7_6H_X5,0.14285714285714285,0.0,0.0,phase1_test,raw_mean_consensus
BRD-K70301876,CPC004_MCF7_6H_X5,0.08333333333333333,0.0,0.0,phase1_test,raw_mean_consensus
BRD-K71103788,CPC004_MCF7_6H_X5,0.06666666666666667,0.0,0.0,phase1_test,raw_mean_consensus
BRD-K75958195,CPC004_MCF7_6H_X5,0.08333333333333333,0.0,0.0,phase1_test,raw_mean_consensus
BRD-K78126613,CPC004_MCF7_6H_X5,0.09090909090909091,0.0,0.0,phase1_test,raw_mean_consensus
BRD-K79759585,CPC004_MCF7_6H_X5,0.25,0.0,1.0,phase1_test,raw_mean_consensus
BRD-A26711594,CPC005_MCF7_6H_X1,0.038461538461538464,0.0,0.0,phase1_test,raw_mean_consensus
BRD-A36217750,CPC005_MCF7_6H_X1,0.047619047619047616,0.0,0.0,phase1_test,raw_mean_consensus
BRD-K27305650,CPC005_MCF7_6H_X1,0.037037037037037035,0.0,0.0,phase1_test,raw_mean_consensus
BRD-K46211610,CPC005_MCF7_6H_X1,0.047619047619047616,0.0,0.0,phase1_test,raw_mean_consensus
BRD-K67511046,CPC005_MCF7_6H_X1,0.2,0.0,1.0,phase1_test,raw_mean_consensus
BRD-K89732114,CPC005_MCF7_6H_X1,0.08333333333333333,0.0,0.0,phase1_test,raw_mean_consensus
BRD-A26711594,CPC005_MCF7_6H_X2,0.5,0.0,1.0,phase1_test,raw_mean_consensus
BRD-A36217750,CPC005_MCF7_6H_X2,0.043478260869565216,0.0,0.0,phase1_test,raw_mean_consensus
BRD-K27305650,CPC005_MCF7_6H_X2,0.5,0.0,1.0,phase1_test,raw_mean_consensus
BRD-K46211610,CPC005_MCF7_6H_X2,0.07692307692307693,0.0,0.0,phase1_test,raw_mean_consensus
BRD-K67511046,CPC005_MCF7_6H_X2,0.1,0.0,0.0,phase1_test,raw_mean_consensus
BRD-K89732114,CPC005_MCF7_6H_X2,0.037037037037037035,0.0,0.0,phase1_test,raw_mean_consensus
BRD-A26711594,CPC005_MCF7_6H_X3,0.09090909090909091,0.0,0.0,phase1_test,raw_mean_consensus
BRD-A36217750,CPC005_MCF7_6H_X3,0.25,0.0,1.0,phase1_test,raw_mean_consensus
BRD-K27305650,CPC005_MCF7_6H_X3,0.038461538461538464,0.0,0.0,phase1_test,raw_mean_consensus
BRD-K46211610,CPC005_MCF7_6H_X3,0.06666666666666667,0.0,0.0,phase1_test,raw_mean_consensus
BRD-K67511046,CPC005_MCF7_6H_X3,0.25,0.0,1.0,phase1_test,raw_mean_consensus
BRD-K89732114,CPC005_MCF7_6H_X3,0.2,0.0,1.0,phase1_test,raw_mean_consensus
BRD-A26711594,CPC005_MCF7_6H_X5,0.07692307692307693,0.0,0.0,phase1_test,raw_mean_consensus
BRD-A36217750,CPC005_MCF7_6H_X5,0.07692307692307693,0.0,0.0,phase1_test,raw_mean_consensus
BRD-K27305650,CPC005_MCF7_6H_X5,0.125,0.0,0.0,phase1_test,raw_mean_consensus
BRD-K46211610,CPC005_MCF7_6H_X5,0.14285714285714285,0.0,0.0,phase1_test,raw_mean_consensus
BRD-K67511046,CPC005_MCF7_6H_X5,0.1,0.0,0.0,phase1_test,raw_mean_consensus
BRD-K89732114,CPC005_MCF7_6H_X5,0.16666666666666666,0.0,0.0,phase1_test,raw_mean_consensus
BRD-A26711594,CPC006_MCF7_6H_X1,0.05263157894736842,0.0,0.0,phase1_test,raw_mean_consensus
BRD-K56343971,CPC006_MCF7_6H_X1,0.06666666666666667,0.0,0.0,phase1_test,raw_mean_consensus
BRD-K78126613,CPC006_MCF7_6H_X1,1.0,1.0,1.0,phase1_test,raw_mean_consensus
BRD-K89732114,CPC006_MCF7_6H_X1,0.07142857142857142,0.0,0.0,phase1_test,raw_mean_consensus
BRD-A26711594,CPC006_MCF7_6H_X2,0.05,0.0,0.0,phase1_test,raw_mean_consensus
BRD-K56343971,CPC006_MCF7_6H_X2,0.08333333333333333,0.0,0.0,phase1_test,raw_mean_consensus
BRD-K78126613,CPC006_MCF7_6H_X2,0.1111111111111111,0.0,0.0,phase1_test,raw_mean_consensus
BRD-A26711594,CPC006_MCF7_6H_X3,0.041666666666666664,0.0,0.0,phase1_test,raw_mean_consensus
BRD-K56343971,CPC006_MCF7_6H_X3,1.0,1.0,1.0,phase1_test,raw_mean_consensus
BRD-K78126613,CPC006_MCF7_6H_X3,1.0,1.0,1.0,phase1_test,raw_mean_consensus
BRD-A26711594,CPC006_MCF7_6H_X4,0.05,0.0,0.0,phase1_test,raw_mean_consensus
BRD-K56343971,CPC006_MCF7_6H_X4,1.0,1.0,1.0,phase1_test,raw_mean_consensus
BRD-K78126613,CPC006_MCF7_6H_X4,1.0,1.0,1.0,phase1_test,raw_mean_consensus
BRD-K89732114,CPC006_MCF7_6H_X4,0.08333333333333333,0.0,0.0,phase1_test,raw_mean_consensus
BRD-A26711594,CPC006_MCF7_6H_X5,0.05263157894736842,0.0,0.0,phase1_test,raw_mean_consensus
BRD-K56343971,CPC006_MCF7_6H_X5,1.0,1.0,1.0,phase1_test,raw_mean_consensus
BRD-K78126613,CPC006_MCF7_6H_X5,1.0,1.0,1.0,phase1_test,raw_mean_consensus
BRD-K89732114,CPC006_MCF7_6H_X5,0.2,0.0,1.0,phase1_test,raw_mean_consensus
BRD-K97181089,CPC007_MCF7_6H_X1.A2,0.04,0.0,0.0,phase1_test,raw_mean_consensus
BRD-K97181089,CPC007_MCF7_6H_X2,0.07692307692307693,0.0,0.0,phase1_test,raw_mean_consensus
BRD-K97181089,CPC007_MCF7_6H_X3,0.125,0.0,0.0,phase1_test,raw_mean_consensus
BRD-K97181089,CPC007_MCF7_6H_X4,0.047619047619047616,0.0,0.0,phase1_test,raw_mean_consensus
BRD-K28936863,CPC010_MCF7_6H_X2,0.05,0.0,0.0,phase1_test,raw_mean_consensus
BRD-K71103788,CPC010_MCF7_6H_X2,1.0,1.0,1.0,phase1_test,raw_mean_consensus
BRD-K28936863,CPC010_MCF7_6H_X3,0.07692307692307693,0.0,0.0,phase1_test,raw_mean_consensus
BRD-K71103788,CPC010_MCF7_6H_X3,0.06666666666666667,0.0,0.0,phase1_test,raw_mean_consensus
BRD-K28936863,CPC010_MCF7_6H_X4,0.09090909090909091,0.0,0.0,phase1_test,raw_mean_consensus
BRD-K71103788,CPC010_MCF7_6H_X4,0.09090909090909091,0.0,0.0,phase1_test,raw_mean_consensus
BRD-K25394294,CPC011_MCF7_6H_X1,0.029411764705882353,0.0,0.0,phase1_test,raw_mean_consensus
BRD-K60770992,CPC011_MCF7_6H_X1,0.034482758620689655,0.0,0.0,phase1_test,raw_mean_consensus
BRD-K70301876,CPC011_MCF7_6H_X1,0.05,0.0,0.0,phase1_test,raw_mean_consensus
BRD-K71103788,CPC011_MCF7_6H_X1,0.037037037037037035,0.0,0.0,phase1_test,raw_mean_consensus
BRD-K75958195,CPC011_MCF7_6H_X1,0.04,0.0,0.0,phase1_test,raw_mean_consensus
BRD-K89732114,CPC011_MCF7_6H_X1,0.06666666666666667,0.0,0.0,phase1_test,raw_mean_consensus
BRD-K92093830,CPC011_MCF7_6H_X1,0.25,0.0,1.0,phase1_test,raw_mean_consensus
BRD-K97181089,CPC011_MCF7_6H_X1,0.05555555555555555,0.0,0.0,phase1_test,raw_mean_consensus
BRD-K25394294,CPC011_MCF7_6H_X3,0.058823529411764705,0.0,0.0,phase1_test,raw_mean_consensus
BRD-K60770992,CPC011_MCF7_6H_X3,0.14285714285714285,0.0,0.0,phase1_test,raw_mean_consensus
BRD-K70301876,CPC011_MCF7_6H_X3,0.05263157894736842,0.0,0.0,phase1_test,raw_mean_consensus
BRD-K71103788,CPC011_MCF7_6H_X3,0.05,0.0,0.0,phase1_test,raw_mean_consensus
BRD-K75958195,CPC011_MCF7_6H_X3,0.03571428571428571,0.0,0.0,phase1_test,raw_mean_consensus
BRD-K89732114,CPC011_MCF7_6H_X3,0.047619047619047616,0.0,0.0,phase1_test,raw_mean_consensus
BRD-K92093830,CPC011_MCF7_6H_X3,0.5,0.0,1.0,phase1_test,raw_mean_consensus
BRD-K97181089,CPC011_MCF7_6H_X3,0.07142857142857142,0.0,0.0,phase1_test,raw_mean_consensus
BRD-K16478699,CPC013_MCF7_6H_X1,1.0,1.0,1.0,phase1_test,raw_mean_consensus
BRD-K63923597,CPC013_MCF7_6H_X1,1.0,1.0,1.0,phase1_test,raw_mean_consensus
BRD-K16478699,CPC013_MCF7_6H_X2,1.0,1.0,1.0,phase1_test,raw_mean_consensus
BRD-K63923597,CPC013_MCF7_6H_X2,0.038461538461538464,0.0,0.0,phase1_test,raw_mean_consensus
BRD-K16478699,CPC013_MCF7_6H_X3.A2,0.029411764705882353,0.0,0.0,phase1_test,raw_mean_consensus
BRD-K63923597,CPC013_MCF7_6H_X3.A2,0.5,0.0,1.0,phase1_test,raw_mean_consensus
BRD-K16478699,CPC013_MCF7_6H_X5,0.3333333333333333,0.0,1.0,phase1_test,raw_mean_consensus
BRD-K63923597,CPC013_MCF7_6H_X5,0.09090909090909091,0.0,0.0,phase1_test,raw_mean_consensus
BRD-K16478699,CPC014_MCF7_6H_X1,1.0,1.0,1.0,phase1_test,raw_mean_consensus
BRD-K56343971,CPC014_MCF7_6H_X1,1.0,1.0,1.0,phase1_test,raw_mean_consensus
BRD-K63923597,CPC014_MCF7_6H_X1,0.1111111111111111,0.0,0.0,phase1_test,raw_mean_consensus
BRD-K16478699,CPC014_MCF7_6H_X2,0.034482758620689655,0.0,0.0,phase1_test,raw_mean_consensus
BRD-K56343971,CPC014_MCF7_6H_X2,0.3333333333333333,0.0,1.0,phase1_test,raw_mean_consensus
BRD-K63923597,CPC014_MCF7_6H_X2,0.058823529411764705,0.0,0.0,phase1_test,raw_mean_consensus
BRD-K16478699,CPC014_MCF7_6H_X3,0.03333333333333333,0.0,0.0,phase1_test,raw_mean_consensus
BRD-K56343971,CPC014_MCF7_6H_X3,0.05555555555555555,0.0,0.0,phase1_test,raw_mean_consensus
BRD-K16478699,CPC014_MCF7_6H_X4,1.0,1.0,1.0,phase1_test,raw_mean_consensus
BRD-K56343971,CPC014_MCF7_6H_X4,0.1,0.0,0.0,phase1_test,raw_mean_consensus
BRD-K63923597,CPC014_MCF7_6H_X4,0.2,0.0,1.0,phase1_test,raw_mean_consensus
BRD-K16478699,CPC014_MCF7_6H_X5,0.5,0.0,1.0,phase1_test,raw_mean_consensus
BRD-K56343971,CPC014_MCF7_6H_X5,0.07692307692307693,0.0,0.0,phase1_test,raw_mean_consensus
BRD-K63923597,CPC014_MCF7_6H_X5,0.058823529411764705,0.0,0.0,phase1_test,raw_mean_consensus
BRD-A54880345,CPC015_MCF7_6H_X1,0.03571428571428571,0.0,0.0,phase1_test,raw_mean_consensus
BRD-A55913614,CPC015_MCF7_6H_X1,0.03225806451612903,0.0,0.0,phase1_test,raw_mean_consensus
BRD-A75552914,CPC015_MCF7_6H_X1,0.03125,0.0,0.0,phase1_test,raw_mean_consensus
BRD-A79981887,CPC015_MCF7_6H_X1,0.05555555555555555,0.0,0.0,phase1_test,raw_mean_consensus
BRD-K25394294,CPC015_MCF7_6H_X1,0.03125,0.0,0.0,phase1_test,raw_mean_consensus
BRD-K28936863,CPC015_MCF7_6H_X1,0.1111111111111111,0.0,0.0,phase1_test,raw_mean_consensus
BRD-K29458283,CPC015_MCF7_6H_X1,0.5,0.0,1.0,phase1_test,raw_mean_consensus
BRD-K32247306,CPC015_MCF7_6H_X1,0.09090909090909091,0.0,0.0,phase1_test,raw_mean_consensus
BRD-K38055836,CPC015_MCF7_6H_X1,0.047619047619047616,0.0,0.0,phase1_test,raw_mean_consensus
BRD-K38197229,CPC015_MCF7_6H_X1,0.043478260869565216,0.0,0.0,phase1_test,raw_mean_consensus
BRD-K60770992,CPC015_MCF7_6H_X1,0.08333333333333333,0.0,0.0,phase1_test,raw_mean_consensus
BRD-K66353228,CPC015_MCF7_6H_X1,0.038461538461538464,0.0,0.0,phase1_test,raw_mean_consensus
BRD-K70301876,CPC015_MCF7_6H_X1,0.0625,0.0,0.0,phase1_test,raw_mean_consensus
BRD-K71103788,CPC015_MCF7_6H_X1,0.034482758620689655,0.0,0.0,phase1_test,raw_mean_consensus
BRD-K75958195,CPC015_MCF7_6H_X1,0.1,0.0,0.0,phase1_test,raw_mean_consensus
BRD-K77695569,CPC015_MCF7_6H_X1,0.3333333333333333,0.0,1.0,phase1_test,raw_mean_consensus
BRD-K79759585,CPC015_MCF7_6H_X1,0.125,0.0,0.0,phase1_test,raw_mean_consensus
BRD-K92049597,CPC015_MCF7_6H_X1,0.08333333333333333,0.0,0.0,phase1_test,raw_mean_consensus
BRD-K92093830,CPC015_MCF7_6H_X1,1.0,1.0,1.0,phase1_test,raw_mean_consensus
BRD-K95237249,CPC015_MCF7_6H_X1,0.07142857142857142,0.0,0.0,phase1_test,raw_mean_consensus
BRD-A54880345,CPC015_MCF7_6H_X2,0.03333333333333333,0.0,0.0,phase1_test,raw_mean_consensus
BRD-A55913614,CPC015_MCF7_6H_X2,0.05263157894736842,0.0,0.0,phase1_test,raw_mean_consensus
BRD-A75552914,CPC015_MCF7_6H_X2,0.034482758620689655,0.0,0.0,phase1_test,raw_mean_consensus
BRD-A79981887,CPC015_MCF7_6H_X2,1.0,1.0,1.0,phase1_test,raw_mean_consensus
BRD-K25394294,CPC015_MCF7_6H_X2,0.06666666666666667,0.0,0.0,phase1_test,raw_mean_consensus
BRD-K28936863,CPC015_MCF7_6H_X2,0.5,0.0,1.0,phase1_test,raw_mean_consensus
BRD-K29458283,CPC015_MCF7_6H_X2,0.16666666666666666,0.0,0.0,phase1_test,raw_mean_consensus
BRD-K32247306,CPC015_MCF7_6H_X2,0.1,0.0,0.0,phase1_test,raw_mean_consensus
BRD-K38055836,CPC015_MCF7_6H_X2,0.034482758620689655,0.0,0.0,phase1_test,raw_mean_consensus
BRD-K38197229,CPC015_MCF7_6H_X2,0.05263157894736842,0.0,0.0,phase1_test,raw_mean_consensus
BRD-K60770992,CPC015_MCF7_6H_X2,0.3333333333333333,0.0,1.0,phase1_test,raw_mean_consensus
BRD-K66353228,CPC015_MCF7_6H_X2,0.058823529411764705,0.0,0.0,phase1_test,raw_mean_consensus
BRD-K70301876,CPC015_MCF7_6H_X2,0.05555555555555555,0.0,0.0,phase1_test,raw_mean_consensus
BRD-K71103788,CPC015_MCF7_6H_X2,0.0625,0.0,0.0,phase1_test,raw_mean_consensus
BRD-K75958195,CPC015_MCF7_6H_X2,0.0625,0.0,0.0,phase1_test,raw_mean_consensus
BRD-K77695569,CPC015_MCF7_6H_X2,0.3333333333333333,0.0,1.0,phase1_test,raw_mean_consensus
BRD-K79759585,CPC015_MCF7_6H_X2,0.04,0.0,0.0,phase1_test,raw_mean_consensus
BRD-K92049597,CPC015_MCF7_6H_X2,0.03125,0.0,0.0,phase1_test,raw_mean_consensus
BRD-K92093830,CPC015_MCF7_6H_X2,0.3333333333333333,0.0,1.0,phase1_test,raw_mean_consensus
BRD-K95237249,CPC015_MCF7_6H_X2,0.03125,0.0,0.0,phase1_test,raw_mean_consensus
BRD-A54880345,CPC015_MCF7_6H_X3,0.14285714285714285,0.0,0.0,phase1_test,raw_mean_consensus
BRD-A55913614,CPC015_MCF7_6H_X3,0.043478260869565216,0.0,0.0,phase1_test,raw_mean_consensus
BRD-A75552914,CPC015_MCF7_6H_X3,1.0,1.0,1.0,phase1_test,raw_mean_consensus
BRD-A79981887,CPC015_MCF7_6H_X3,0.16666666666666666,0.0,0.0,phase1_test,raw_mean_consensus
BRD-K25394294,CPC015_MCF7_6H_X3,0.16666666666666666,0.0,0.0,phase1_test,raw_mean_consensus
BRD-K28936863,CPC015_MCF7_6H_X3,0.0625,0.0,0.0,phase1_test,raw_mean_consensus
BRD-K29458283,CPC015_MCF7_6H_X3,0.043478260869565216,0.0,0.0,phase1_test,raw_mean_consensus
BRD-K32247306,CPC015_MCF7_6H_X3,0.09090909090909091,0.0,0.0,phase1_test,raw_mean_consensus
BRD-K38055836,CPC015_MCF7_6H_X3,0.05,0.0,0.0,phase1_test,raw_mean_consensus
BRD-K38197229,CPC015_MCF7_6H_X3,1.0,1.0,1.0,phase1_test,raw_mean_consensus
BRD-K60770992,CPC015_MCF7_6H_X3,0.2,0.0,1.0,phase1_test,raw_mean_consensus
BRD-K66353228,CPC015_MCF7_6H_X3,0.125,0.0,0.0,phase1_test,raw_mean_consensus
BRD-K70301876,CPC015_MCF7_6H_X3,0.05555555555555555,0.0,0.0,phase1_test,raw_mean_consensus
BRD-K71103788,CPC015_MCF7_6H_X3,0.09090909090909091,0.0,0.0,phase1_test,raw_mean_consensus
BRD-K75958195,CPC015_MCF7_6H_X3,0.058823529411764705,0.0,0.0,phase1_test,raw_mean_consensus
BRD-K77695569,CPC015_MCF7_6H_X3,0.1,0.0,0.0,phase1_test,raw_mean_consensus
BRD-K79759585,CPC015_MCF7_6H_X3,0.08333333333333333,0.0,0.0,phase1_test,raw_mean_consensus
BRD-K92049597,CPC015_MCF7_6H_X3,0.034482758620689655,0.0,0.0,phase1_test,raw_mean_consensus
BRD-K92093830,CPC015_MCF7_6H_X3,1.0,1.0,1.0,phase1_test,raw_mean_consensus
BRD-K95237249,CPC015_MCF7_6H_X3,0.3333333333333333,0.0,1.0,phase1_test,raw_mean_consensus
BRD-A54880345,CPC015_MCF7_6H_X4,0.030303030303030304,0.0,0.0,phase1_test,raw_mean_consensus
BRD-A55913614,CPC015_MCF7_6H_X4,0.043478260869565216,0.0,0.0,phase1_test,raw_mean_consensus
BRD-A75552914,CPC015_MCF7_6H_X4,0.03571428571428571,0.0,0.0,phase1_test,raw_mean_consensus
BRD-A79981887,CPC015_MCF7_6H_X4,0.1111111111111111,0.0,0.0,phase1_test,raw_mean_consensus
BRD-K25394294,CPC015_MCF7_6H_X4,0.06666666666666667,0.0,0.0,phase1_test,raw_mean_consensus
BRD-K28936863,CPC015_MCF7_6H_X4,0.03571428571428571,0.0,0.0,phase1_test,raw_mean_consensus
BRD-K29458283,CPC015_MCF7_6H_X4,0.16666666666666666,0.0,0.0,phase1_test,raw_mean_consensus
BRD-K32247306,CPC015_MCF7_6H_X4,0.043478260869565216,0.0,0.0,phase1_test,raw_mean_consensus
BRD-K38055836,CPC015_MCF7_6H_X4,0.14285714285714285,0.0,0.0,phase1_test,raw_mean_consensus
BRD-K38197229,CPC015_MCF7_6H_X4,0.030303030303030304,0.0,0.0,phase1_test,raw_mean_consensus
BRD-K60770992,CPC015_MCF7_6H_X4,0.14285714285714285,0.0,0.0,phase1_test,raw_mean_consensus
BRD-K66353228,CPC015_MCF7_6H_X4,0.07142857142857142,0.0,0.0,phase1_test,raw_mean_consensus
BRD-K70301876,CPC015_MCF7_6H_X4,0.07692307692307693,0.0,0.0,phase1_test,raw_mean_consensus
BRD-K71103788,CPC015_MCF7_6H_X4,0.03333333333333333,0.0,0.0,phase1_test,raw_mean_consensus
BRD-K75958195,CPC015_MCF7_6H_X4,0.047619047619047616,0.0,0.0,phase1_test,raw_mean_consensus
BRD-K77695569,CPC015_MCF7_6H_X4,0.04,0.0,0.0,phase1_test,raw_mean_consensus
BRD-K79759585,CPC015_MCF7_6H_X4,0.25,0.0,1.0,phase1_test,raw_mean_consensus
BRD-K92049597,CPC015_MCF7_6H_X4,0.3333333333333333,0.0,1.0,phase1_test,raw_mean_consensus
BRD-K92093830,CPC015_MCF7_6H_X4,0.3333333333333333,0.0,1.0,phase1_test,raw_mean_consensus
BRD-K95237249,CPC015_MCF7_6H_X4,0.2,0.0,1.0,phase1_test,raw_mean_consensus
BRD-A54880345,CPC015_MCF7_6H_X5,0.03225806451612903,0.0,0.0,phase1_test,raw_mean_consensus
BRD-A55913614,CPC015_MCF7_6H_X5,0.03225806451612903,0.0,0.0,phase1_test,raw_mean_consensus
BRD-A75552914,CPC015_MCF7_6H_X5,0.034482758620689655,0.0,0.0,phase1_test,raw_mean_consensus
BRD-A79981887,CPC015_MCF7_6H_X5,0.04,0.0,0.0,phase1_test,raw_mean_consensus
BRD-K25394294,CPC015_MCF7_6H_X5,0.125,0.0,0.0,phase1_test,raw_mean_consensus
BRD-K28936863,CPC015_MCF7_6H_X5,0.07692307692307693,0.0,0.0,phase1_test,raw_mean_consensus
BRD-K29458283,CPC015_MCF7_6H_X5,0.25,0.0,1.0,phase1_test,raw_mean_consensus
BRD-K32247306,CPC015_MCF7_6H_X5,0.045454545454545456,0.0,0.0,phase1_test,raw_mean_consensus
BRD-K38055836,CPC015_MCF7_6H_X5,0.14285714285714285,0.0,0.0,phase1_test,raw_mean_consensus
BRD-K38197229,CPC015_MCF7_6H_X5,0.03571428571428571,0.0,0.0,phase1_test,raw_mean_consensus
BRD-K60770992,CPC015_MCF7_6H_X5,0.25,0.0,1.0,phase1_test,raw_mean_consensus
BRD-K66353228,CPC015_MCF7_6H_X5,0.0625,0.0,0.0,phase1_test,raw_mean_consensus
BRD-K70301876,CPC015_MCF7_6H_X5,0.05263157894736842,0.0,0.0,phase1_test,raw_mean_consensus
BRD-K71103788,CPC015_MCF7_6H_X5,0.07692307692307693,0.0,0.0,phase1_test,raw_mean_consensus
BRD-K75958195,CPC015_MCF7_6H_X5,0.06666666666666667,0.0,0.0,phase1_test,raw_mean_consensus
BRD-K77695569,CPC015_MCF7_6H_X5,0.1111111111111111,0.0,0.0,phase1_test,raw_mean_consensus
BRD-K79759585,CPC015_MCF7_6H_X5,0.041666666666666664,0.0,0.0,phase1_test,raw_mean_consensus
BRD-K92049597,CPC015_MCF7_6H_X5,0.1111111111111111,0.0,0.0,phase1_test,raw_mean_consensus
BRD-K92093830,CPC015_MCF7_6H_X5,0.029411764705882353,0.0,0.0,phase1_test,raw_mean_consensus
BRD-K95237249,CPC015_MCF7_6H_X5,0.125,0.0,0.0,phase1_test,raw_mean_consensus
BRD-K67043667,CPC016_MCF7_6H_X1,0.04,0.0,0.0,phase1_test,raw_mean_consensus
BRD-K67043667,CPC016_MCF7_6H_X2,0.03333333333333333,0.0,0.0,phase1_test,raw_mean_consensus
BRD-K67043667,CPC016_MCF7_6H_X5,0.03333333333333333,0.0,0.0,phase1_test,raw_mean_consensus
BRD-K02265150,CPC017_MCF7_6H_X1,0.09090909090909091,0.0,0.0,phase1_test,raw_mean_consensus
BRD-K22031190,CPC017_MCF7_6H_X1,1.0,1.0,1.0,phase1_test,raw_mean_consensus
BRD-K02265150,CPC017_MCF7_6H_X2,1.0,1.0,1.0,phase1_test,raw_mean_consensus
BRD-K22031190,CPC017_MCF7_6H_X2,0.5,0.0,1.0,phase1_test,raw_mean_consensus
BRD-K02265150,CPC017_MCF7_6H_X3,1.0,1.0,1.0,phase1_test,raw_mean_consensus
BRD-K22031190,CPC017_MCF7_6H_X3,0.5,0.0,1.0,phase1_test,raw_mean_consensus
BRD-K02265150,CPC017_MCF7_6H_X5,0.25,0.0,1.0,phase1_test,raw_mean_consensus
BRD-K22031190,CPC017_MCF7_6H_X5,0.16666666666666666,0.0,0.0,phase1_test,raw_mean_consensus
BRD-K78126613,CPC018_MCF7_6H_X1,1.0,1.0,1.0,phase1_test,raw_mean_consensus
BRD-K97181089,CPC018_MCF7_6H_X1,0.03125,0.0,0.0,phase1_test,raw_mean_consensus
BRD-K78126613,CPC018_MCF7_6H_X2,1.0,1.0,1.0,phase1_test,raw_mean_consensus
BRD-K97181089,CPC018_MCF7_6H_X2,0.034482758620689655,0.0,0.0,phase1_test,raw_mean_consensus
BRD-K78126613,CPC018_MCF7_6H_X3,1.0,1.0,1.0,phase1_test,raw_mean_consensus
BRD-K97181089,CPC018_MCF7_6H_X3,0.09090909090909091,0.0,0.0,phase1_test,raw_mean_consensus
BRD-A36217750,CPC020_MCF7_6H_X1,0.125,0.0,0.0,phase1_test,raw_mean_consensus
BRD-A54880345,CPC020_MCF7_6H_X1,0.030303030303030304,0.0,0.0,phase1_test,raw_mean_consensus
BRD-A79981887,CPC020_MCF7_6H_X1,0.07142857142857142,0.0,0.0,phase1_test,raw_mean_consensus
BRD-K02265150,CPC020_MCF7_6H_X1,1.0,1.0,1.0,phase1_test,raw_mean_consensus
BRD-K22031190,CPC020_MCF7_6H_X1,0.125,0.0,0.0,phase1_test,raw_mean_consensus
BRD-K29458283,CPC020_MCF7_6H_X1,0.25,0.0,1.0,phase1_test,raw_mean_consensus
BRD-K32247306,CPC020_MCF7_6H_X1,0.03571428571428571,0.0,0.0,phase1_test,raw_mean_consensus
BRD-K38197229,CPC020_MCF7_6H_X1,0.0625,0.0,0.0,phase1_test,raw_mean_consensus
BRD-K46211610,CPC020_MCF7_6H_X1,0.07142857142857142,0.0,0.0,phase1_test,raw_mean_consensus
BRD-K67043667,CPC020_MCF7_6H_X1,0.05,0.0,0.0,phase1_test,raw_mean_consensus
BRD-K67511046,CPC020_MCF7_6H_X1,0.25,0.0,1.0,phase1_test,raw_mean_consensus
BRD-K77695569,CPC020_MCF7_6H_X1,0.0625,0.0,0.0,phase1_test,raw_mean_consensus
BRD-K92049597,CPC020_MCF7_6H_X1,0.038461538461538464,0.0,0.0,phase1_test,raw_mean_consensus
BRD-K95237249,CPC020_MCF7_6H_X1,0.045454545454545456,0.0,0.0,phase1_test,raw_mean_consensus
BRD-A36217750,CPC020_MCF7_6H_X2,0.09090909090909091,0.0,0.0,phase1_test,raw_mean_consensus
BRD-A54880345,CPC020_MCF7_6H_X2,0.1111111111111111,0.0,0.0,phase1_test,raw_mean_consensus
BRD-A79981887,CPC020_MCF7_6H_X2,0.25,0.0,1.0,phase1_test,raw_mean_consensus
BRD-K02265150,CPC020_MCF7_6H_X2,0.5,0.0,1.0,phase1_test,raw_mean_consensus
BRD-K22031190,CPC020_MCF7_6H_X2,1.0,1.0,1.0,phase1_test,raw_mean_consensus
BRD-K29458283,CPC020_MCF7_6H_X2,0.2,0.0,1.0,phase1_test,raw_mean_consensus
BRD-K32247306,CPC020_MCF7_6H_X2,0.05,0.0,0.0,phase1_test,raw_mean_consensus
BRD-K38197229,CPC020_MCF7_6H_X2,0.037037037037037035,0.0,0.0,phase1_test,raw_mean_consensus
BRD-K46211610,CPC020_MCF7_6H_X2,0.043478260869565216,0.0,0.0,phase1_test,raw_mean_consensus
BRD-K67043667,CPC020_MCF7_6H_X2,0.045454545454545456,0.0,0.0,phase1_test,raw_mean_consensus
BRD-K67511046,CPC020_MCF7_6H_X2,0.16666666666666666,0.0,0.0,phase1_test,raw_mean_consensus
BRD-K77695569,CPC020_MCF7_6H_X2,0.045454545454545456,0.0,0.0,phase1_test,raw_mean_consensus
BRD-K92049597,CPC020_MCF7_6H_X2,0.03571428571428571,0.0,0.0,phase1_test,raw_mean_consensus
BRD-K95237249,CPC020_MCF7_6H_X2,0.06666666666666667,0.0,0.0,phase1_test,raw_mean_consensus
BRD-A36217750,CPC020_MCF7_6H_X3,0.07692307692307693,0.0,0.0,phase1_test,raw_mean_consensus
BRD-A54880345,CPC020_MCF7_6H_X3,0.030303030303030304,0.0,0.0,phase1_test,raw_mean_consensus
BRD-A79981887,CPC020_MCF7_6H_X3,0.03125,0.0,0.0,phase1_test,raw_mean_consensus
BRD-K02265150,CPC020_MCF7_6H_X3,1.0,1.0,1.0,phase1_test,raw_mean_consensus
BRD-K22031190,CPC020_MCF7_6H_X3,0.5,0.0,1.0,phase1_test,raw_mean_consensus
BRD-K29458283,CPC020_MCF7_6H_X3,0.06666666666666667,0.0,0.0,phase1_test,raw_mean_consensus
BRD-K32247306,CPC020_MCF7_6H_X3,0.05,0.0,0.0,phase1_test,raw_mean_consensus
BRD-K38197229,CPC020_MCF7_6H_X3,0.043478260869565216,0.0,0.0,phase1_test,raw_mean_consensus
BRD-K46211610,CPC020_MCF7_6H_X3,0.037037037037037035,0.0,0.0,phase1_test,raw_mean_consensus
BRD-K67043667,CPC020_MCF7_6H_X3,0.125,0.0,0.0,phase1_test,raw_mean_consensus
BRD-K67511046,CPC020_MCF7_6H_X3,0.08333333333333333,0.0,0.0,phase1_test,raw_mean_consensus
BRD-K77695569,CPC020_MCF7_6H_X3,0.05,0.0,0.0,phase1_test,raw_mean_consensus
BRD-K92049597,CPC020_MCF7_6H_X3,0.03225806451612903,0.0,0.0,phase1_test,raw_mean_consensus
BRD-K95237249,CPC020_MCF7_6H_X3,0.029411764705882353,0.0,0.0,phase1_test,raw_mean_consensus
BRD-A36217750,CPC020_MCF7_6H_X5,0.034482758620689655,0.0,0.0,phase1_test,raw_mean_consensus
BRD-A54880345,CPC020_MCF7_6H_X5,0.07692307692307693,0.0,0.0,phase1_test,raw_mean_consensus
BRD-A79981887,CPC020_MCF7_6H_X5,0.25,0.0,1.0,phase1_test,raw_mean_consensus
BRD-K02265150,CPC020_MCF7_6H_X5,0.038461538461538464,0.0,0.0,phase1_test,raw_mean_consensus
BRD-K22031190,CPC020_MCF7_6H_X5,1.0,1.0,1.0,phase1_test,raw_mean_consensus
BRD-K29458283,CPC020_MCF7_6H_X5,1.0,1.0,1.0,phase1_test,raw_mean_consensus
BRD-K32247306,CPC020_MCF7_6H_X5,0.041666666666666664,0.0,0.0,phase1_test,raw_mean_consensus
BRD-K38197229,CPC020_MCF7_6H_X5,0.08333333333333333,0.0,0.0,phase1_test,raw_mean_consensus
BRD-K46211610,CPC020_MCF7_6H_X5,0.07692307692307693,0.0,0.0,phase1_test,raw_mean_consensus
BRD-K67043667,CPC020_MCF7_6H_X5,0.14285714285714285,0.0,0.0,phase1_test,raw_mean_consensus
BRD-K67511046,CPC020_MCF7_6H_X5,0.05,0.0,0.0,phase1_test,raw_mean_consensus
BRD-K77695569,CPC020_MCF7_6H_X5,0.07142857142857142,0.0,0.0,phase1_test,raw_mean_consensus
BRD-K92049597,CPC020_MCF7_6H_X5,0.2,0.0,1.0,phase1_test,raw_mean_consensus
BRD-K95237249,CPC020_MCF7_6H_X5,0.05,0.0,0.0,phase1_test,raw_mean_consensus
BRD-A26711594,CPD001_MCF7_6H_X1,0.0625,0.0,0.0,phase1_test,raw_mean_consensus
BRD-A36217750,CPD001_MCF7_6H_X1,0.05555555555555555,0.0,0.0,phase1_test,raw_mean_consensus
BRD-A75552914,CPD001_MCF7_6H_X1,0.3333333333333333,0.0,1.0,phase1_test,raw_mean_consensus
BRD-A79981887,CPD001_MCF7_6H_X1,0.047619047619047616,0.0,0.0,phase1_test,raw_mean_consensus
BRD-K22031190,CPD001_MCF7_6H_X1,0.041666666666666664,0.0,0.0,phase1_test,raw_mean_consensus
BRD-K28936863,CPD001_MCF7_6H_X1,0.04,0.0,0.0,phase1_test,raw_mean_consensus
BRD-K38197229,CPD001_MCF7_6H_X1,0.25,0.0,1.0,phase1_test,raw_mean_consensus
BRD-K46211610,CPD001_MCF7_6H_X1,0.14285714285714285,0.0,0.0,phase1_test,raw_mean_consensus
BRD-K60770992,CPD001_MCF7_6H_X1,0.3333333333333333,0.0,1.0,phase1_test,raw_mean_consensus
BRD-K66353228,CPD001_MCF7_6H_X1,0.14285714285714285,0.0,0.0,phase1_test,raw_mean_consensus
BRD-K67511046,CPD001_MCF7_6H_X1,0.5,0.0,1.0,phase1_test,raw_mean_consensus
BRD-K89732114,CPD001_MCF7_6H_X1,0.05263157894736842,0.0,0.0,phase1_test,raw_mean_consensus
BRD-K92049597,CPD001_MCF7_6H_X1,1.0,1.0,1.0,phase1_test,raw_mean_consensus
BRD-K97181089,CPD001_MCF7_6H_X1,0.25,0.0,1.0,phase1_test,raw_mean_consensus
BRD-A26711594,CPD001_MCF7_6H_X1.A2,0.0625,0.0,0.0,phase1_test,raw_mean_consensus
BRD-A36217750,CPD001_MCF7_6H_X1.A2,0.058823529411764705,0.0,0.0,phase1_test,raw_mean_consensus
BRD-A75552914,CPD001_MCF7_6H_X1.A2,0.08333333333333333,0.0,0.0,phase1_test,raw_mean_consensus
BRD-A79981887,CPD001_MCF7_6H_X1.A2,0.045454545454545456,0.0,0.0,phase1_test,raw_mean_consensus
BRD-K22031190,CPD001_MCF7_6H_X1.A2,0.03571428571428571,0.0,0.0,phase1_test,raw_mean_consensus
BRD-K28936863,CPD001_MCF7_6H_X1.A2,0.045454545454545456,0.0,0.0,phase1_test,raw_mean_consensus
BRD-K38197229,CPD001_MCF7_6H_X1.A2,0.5,0.0,1.0,phase1_test,raw_mean_consensus
BRD-K46211610,CPD001_MCF7_6H_X1.A2,0.2,0.0,1.0,phase1_test,raw_mean_consensus
BRD-K60770992,CPD001_MCF7_6H_X1.A2,0.5,0.0,1.0,phase1_test,raw_mean_consensus
BRD-K66353228,CPD001_MCF7_6H_X1.A2,0.09090909090909091,0.0,0.0,phase1_test,raw_mean_consensus
BRD-K67511046,CPD001_MCF7_6H_X1.A2,0.3333333333333333,0.0,1.0,phase1_test,raw_mean_consensus
BRD-K89732114,CPD001_MCF7_6H_X1.A2,0.1,0.0,0.0,phase1_test,raw_mean_consensus
BRD-K92049597,CPD001_MCF7_6H_X1.A2,1.0,1.0,1.0,phase1_test,raw_mean_consensus
BRD-K97181089,CPD001_MCF7_6H_X1.A2,0.16666666666666666,0.0,0.0,phase1_test,raw_mean_consensus
BRD-A26711594,CPD001_MCF7_6H_X2,1.0,1.0,1.0,phase1_test,raw_mean_consensus
BRD-A36217750,CPD001_MCF7_6H_X2,0.04,0.0,0.0,phase1_test,raw_mean_consensus
BRD-A75552914,CPD001_MCF7_6H_X2,0.08333333333333333,0.0,0.0,phase1_test,raw_mean_consensus
BRD-A79981887,CPD001_MCF7_6H_X2,0.06666666666666667,0.0,0.0,phase1_test,raw_mean_consensus
BRD-K22031190,CPD001_MCF7_6H_X2,0.16666666666666666,0.0,0.0,phase1_test,raw_mean_consensus
BRD-K38197229,CPD001_MCF7_6H_X2,0.05,0.0,0.0,phase1_test,raw_mean_consensus
BRD-K46211610,CPD001_MCF7_6H_X2,0.07692307692307693,0.0,0.0,phase1_test,raw_mean_consensus
BRD-K60770992,CPD001_MCF7_6H_X2,1.0,1.0,1.0,phase1_test,raw_mean_consensus
BRD-K67511046,CPD001_MCF7_6H_X2,0.03125,0.0,0.0,phase1_test,raw_mean_consensus
BRD-K89732114,CPD001_MCF7_6H_X2,0.037037037037037035,0.0,0.0,phase1_test,raw_mean_consensus
BRD-K92049597,CPD001_MCF7_6H_X2,0.16666666666666666,0.0,0.0,phase1_test,raw_mean_consensus
BRD-K97181089,CPD001_MCF7_6H_X2,0.058823529411764705,0.0,0.0,phase1_test,raw_mean_consensus
BRD-A26711594,CPD001_MCF7_6H_X3,0.09090909090909091,0.0,0.0,phase1_test,raw_mean_consensus
BRD-A36217750,CPD001_MCF7_6H_X3,0.5,0.0,1.0,phase1_test,raw_mean_consensus
BRD-A75552914,CPD001_MCF7_6H_X3,0.05555555555555555,0.0,0.0,phase1_test,raw_mean_consensus
BRD-A79981887,CPD001_MCF7_6H_X3,0.14285714285714285,0.0,0.0,phase1_test,raw_mean_consensus
BRD-K22031190,CPD001_MCF7_6H_X3,0.1,0.0,0.0,phase1_test,raw_mean_consensus
BRD-K28936863,CPD001_MCF7_6H_X3,0.03571428571428571,0.0,0.0,phase1_test,raw_mean_consensus
BRD-K38197229,CPD001_MCF7_6H_X3,0.06666666666666667,0.0,0.0,phase1_test,raw_mean_consensus
BRD-K46211610,CPD001_MCF7_6H_X3,0.1111111111111111,0.0,0.0,phase1_test,raw_mean_consensus
BRD-K60770992,CPD001_MCF7_6H_X3,0.058823529411764705,0.0,0.0,phase1_test,raw_mean_consensus
BRD-K66353228,CPD001_MCF7_6H_X3,0.045454545454545456,0.0,0.0,phase1_test,raw_mean_consensus
BRD-K67511046,CPD001_MCF7_6H_X3,0.25,0.0,1.0,phase1_test,raw_mean_consensus
BRD-K89732114,CPD001_MCF7_6H_X3,0.16666666666666666,0.0,0.0,phase1_test,raw_mean_consensus
BRD-K92049597,CPD001_MCF7_6H_X3,0.2,0.0,1.0,phase1_test,raw_mean_consensus
BRD-K97181089,CPD001_MCF7_6H_X3,0.07692307692307693,0.0,0.0,phase1_test,raw_mean_consensus
BRD-A55913614,CPD002_MCF7_6H_X1,0.2,0.0,1.0,phase1_test,raw_mean_consensus
BRD-K38055836,CPD002_MCF7_6H_X1,0.5,0.0,1.0,phase1_test,raw_mean_consensus
BRD-K70301876,CPD002_MCF7_6H_X1,0.058823529411764705,0.0,0.0,phase1_test,raw_mean_consensus
BRD-K77695569,CPD002_MCF7_6H_X1,0.043478260869565216,0.0,0.0,phase1_test,raw_mean_consensus
BRD-K92093830,CPD002_MCF7_6H_X1,1.0,1.0,1.0,phase1_test,raw_mean_consensus
BRD-K95237249,CPD002_MCF7_6H_X1,0.2,0.0,1.0,phase1_test,raw_mean_consensus
BRD-A55913614,CPD002_MCF7_6H_X2,0.3333333333333333,0.0,1.0,phase1_test,raw_mean_consensus
BRD-K38055836,CPD002_MCF7_6H_X2,0.047619047619047616,0.0,0.0,phase1_test,raw_mean_consensus
BRD-K70301876,CPD002_MCF7_6H_X2,0.1111111111111111,0.0,0.0,phase1_test,raw_mean_consensus
BRD-K77695569,CPD002_MCF7_6H_X2,0.14285714285714285,0.0,0.0,phase1_test,raw_mean_consensus
BRD-K92093830,CPD002_MCF7_6H_X2,1.0,1.0,1.0,phase1_test,raw_mean_consensus
BRD-K95237249,CPD002_MCF7_6H_X2,0.04,0.0,0.0,phase1_test,raw_mean_consensus
BRD-A55913614,CPD002_MCF7_6H_X3,0.037037037037037035,0.0,0.0,phase1_test,raw_mean_consensus
BRD-K38055836,CPD002_MCF7_6H_X3,0.038461538461538464,0.0,0.0,phase1_test,raw_mean_consensus
BRD-K70301876,CPD002_MCF7_6H_X3,0.05263157894736842,0.0,0.0,phase1_test,raw_mean_consensus
BRD-K77695569,CPD002_MCF7_6H_X3,0.16666666666666666,0.0,0.0,phase1_test,raw_mean_consensus
BRD-K92093830,CPD002_MCF7_6H_X3,1.0,1.0,1.0,phase1_test,raw_mean_consensus
BRD-K95237249,CPD002_MCF7_6H_X3,0.1111111111111111,0.0,0.0,phase1_test,raw_mean_consensus
BRD-K25394294,CPD003_MCF7_6H_X1,0.03125,0.0,0.0,phase1_test,raw_mean_consensus
BRD-K29458283,CPD003_MCF7_6H_X1,0.2,0.0,1.0,phase1_test,raw_mean_consensus
BRD-K32247306,CPD003_MCF7_6H_X1,0.047619047619047616,0.0,0.0,phase1_test,raw_mean_consensus
BRD-K67043667,CPD003_MCF7_6H_X1,0.07142857142857142,0.0,0.0,phase1_test,raw_mean_consensus
BRD-K75958195,CPD003_MCF7_6H_X1,0.05,0.0,0.0,phase1_test,raw_mean_consensus
BRD-K79759585,CPD003_MCF7_6H_X1,0.16666666666666666,0.0,0.0,phase1_test,raw_mean_consensus
BRD-K25394294,CPD003_MCF7_6H_X2,0.125,0.0,0.0,phase1_test,raw_mean_consensus
BRD-K29458283,CPD003_MCF7_6H_X2,0.058823529411764705,0.0,0.0,phase1_test,raw_mean_consensus
BRD-K32247306,CPD003_MCF7_6H_X2,0.047619047619047616,0.0,0.0,phase1_test,raw_mean_consensus
BRD-K67043667,CPD003_MCF7_6H_X2,0.04,0.0,0.0,phase1_test,raw_mean_consensus
BRD-K75958195,CPD003_MCF7_6H_X2,0.05555555555555555,0.0,0.0,phase1_test,raw_mean_consensus
BRD-K79759585,CPD003_MCF7_6H_X2,0.07692307692307693,0.0,0.0,phase1_test,raw_mean_consensus
BRD-K63923597,HOG001_MCF7_6H_X2,0.3333333333333333,0.0,1.0,phase1_test,raw_mean_consensus
BRD-K63923597,HOG001_MCF7_6H_X3,0.0625,0.0,0.0,phase1_test,raw_mean_consensus
BRD-K63923597,HOG001_MCF7_6H_X4,0.2,0.0,1.0,phase1_test,raw_mean_consensus
BRD-K27305650,HOG002_MCF7_6H_X1,0.04,0.0,0.0,phase1_test,raw_mean_consensus
BRD-K92093830,HOG002_MCF7_6H_X1,1.0,1.0,1.0,phase1_test,raw_mean_consensus
BRD-K27305650,HOG002_MCF7_6H_X2,0.3333333333333333,0.0,1.0,phase1_test,raw_mean_consensus
BRD-K92093830,HOG002_MCF7_6H_X2,1.0,1.0,1.0,phase1_test,raw_mean_consensus
BRD-K27305650,HOG002_MCF7_6H_X3,0.3333333333333333,0.0,1.0,phase1_test,raw_mean_consensus
BRD-K92093830,HOG002_MCF7_6H_X3,1.0,1.0,1.0,phase1_test,raw_mean_consensus
BRD-K78126613,HOG003_MCF7_6H_X1,0.16666666666666666,0.0,0.0,phase1_test,raw_mean_consensus
BRD-K78126613,HOG003_MCF7_6H_X2,1.0,1.0,1.0,phase1_test,raw_mean_consensus
BRD-K78126613,HOG003_MCF7_6H_X3,0.038461538461538464,0.0,0.0,phase1_test,raw_mean_consensus
BRD-K78126613,HOG003_MCF7_6H_X4,0.2,0.0,1.0,phase1_test,raw_mean_consensus
BRD-K16478699,LJP001_MCF7_6H_X1,0.14285714285714285,0.0,0.0,phase1_test,raw_mean_consensus
BRD-K56343971,LJP001_MCF7_6H_X1,0.05,0.0,0.0,phase1_test,raw_mean_consensus
BRD-K63923597,LJP001_MCF7_6H_X1,0.06666666666666667,0.0,0.0,phase1_test,raw_mean_consensus
BRD-K16478699,LJP001_MCF7_6H_X2,0.03125,0.0,0.0,phase1_test,raw_mean_consensus
BRD-K56343971,LJP001_MCF7_6H_X2,0.125,0.0,0.0,phase1_test,raw_mean_consensus
BRD-K63923597,LJP001_MCF7_6H_X2,0.2,0.0,1.0,phase1_test,raw_mean_consensus
BRD-K16478699,LJP001_MCF7_6H_X3,1.0,1.0,1.0,phase1_test,raw_mean_consensus
BRD-K56343971,LJP001_MCF7_6H_X3,1.0,1.0,1.0,phase1_test,raw_mean_consensus
BRD-K63923597,LJP001_MCF7_6H_X3,0.1111111111111111,0.0,0.0,phase1_test,raw_mean_consensus
BRD-K16478699,LJP001_MCF7_6H_X4,0.5,0.0,1.0,phase1_test,raw_mean_consensus
BRD-K56343971,LJP001_MCF7_6H_X4,0.05555555555555555,0.0,0.0,phase1_test,raw_mean_consensus
BRD-K63923597,LJP001_MCF7_6H_X4,0.029411764705882353,0.0,0.0,phase1_test,raw_mean_consensus
BRD-K27305650,MUC.CP001_MCF7_6H_X1,1.0,1.0,1.0,phase1_test,raw_mean_consensus
BRD-K27305650,MUC.CP001_MCF7_6H_X2,0.05555555555555555,0.0,0.0,phase1_test,raw_mean_consensus
BRD-K27305650,MUC.CP001_MCF7_6H_X3,1.0,1.0,1.0,phase1_test,raw_mean_consensus
BRD-K27305650,MUC.CP002_MCF7_6H_X1,1.0,1.0,1.0,phase1_test,raw_mean_consensus
BRD-K28936863,MUC.CP002_MCF7_6H_X1,0.0625,0.0,0.0,phase1_test,raw_mean_consensus
BRD-K79759585,MUC.CP002_MCF7_6H_X1,0.047619047619047616,0.0,0.0,phase1_test,raw_mean_consensus
BRD-K27305650,MUC.CP002_MCF7_6H_X2,1.0,1.0,1.0,phase1_test,raw_mean_consensus
BRD-K28936863,MUC.CP002_MCF7_6H_X2,0.09090909090909091,0.0,0.0,phase1_test,raw_mean_consensus
BRD-K79759585,MUC.CP002_MCF7_6H_X2,0.043478260869565216,0.0,0.0,phase1_test,raw_mean_consensus
BRD-K27305650,MUC.CP002_MCF7_6H_X3,1.0,1.0,1.0,phase1_test,raw_mean_consensus
BRD-K28936863,MUC.CP002_MCF7_6H_X3,0.05555555555555555,0.0,0.0,phase1_test,raw_mean_consensus
BRD-K79759585,MUC.CP002_MCF7_6H_X3,0.2,0.0,1.0,phase1_test,raw_mean_consensus
BRD-K27305650,MUC.CP003_MCF7_6H_X1,1.0,1.0,1.0,phase1_test,raw_mean_consensus
BRD-K27305650,MUC.CP003_MCF7_6H_X2,0.03571428571428571,0.0,0.0,phase1_test,raw_mean_consensus
BRD-K27305650,MUC.CP003_MCF7_6H_X3,0.16666666666666666,0.0,0.0,phase1_test,raw_mean_consensus
BRD-K27305650,MUC.CP004_MCF7_6H_X1,0.037037037037037035,0.0,0.0,phase1_test,raw_mean_consensus
BRD-K27305650,MUC.CP004_MCF7_6H_X2,0.1,0.0,0.0,phase1_test,raw_mean_consensus
BRD-K27305650,MUC.CP004_MCF7_6H_X3,1.0,1.0,1.0,phase1_test,raw_mean_consensus
BRD-K27305650,MUC.CP005_MCF7_6H_X1,1.0,1.0,1.0,phase1_test,raw_mean_consensus
BRD-K27305650,MUC.CP005_MCF7_6H_X2,1.0,1.0,1.0,phase1_test,raw_mean_consensus
BRD-K27305650,MUC.CP005_MCF7_6H_X3,1.0,1.0,1.0,phase1_test,raw_mean_consensus
BRD-K27305650,MUC.CP006_MCF7_6H_X1,1.0,1.0,1.0,phase1_test,raw_mean_consensus
BRD-K27305650,MUC.CP006_MCF7_6H_X2,1.0,1.0,1.0,phase1_test,raw_mean_consensus
BRD-K27305650,MUC.CP006_MCF7_6H_X3,1.0,1.0,1.0,phase1_test,raw_mean_consensus
BRD-K27305650,RAD001_MCF7_6H_X1,1.0,1.0,1.0,phase1_test,raw_mean_consensus
BRD-K27305650,RAD001_MCF7_6H_X2,0.043478260869565216,0.0,0.0,phase1_test,raw_mean_consensus
BRD-K27305650,ASG001_MCF7_6H_X2,1.0,1.0,1.0,phase1_test,raw_modz_consensus
BRD-K89732114,ASG001_MCF7_6H_X2,1.0,1.0,1.0,phase1_test,raw_modz_consensus
BRD-A54880345,CPC004_MCF7_6H_X1,0.2,0.0,1.0,phase1_test,raw_modz_consensus
BRD-A55913614,CPC004_MCF7_6H_X1,0.0625,0.0,0.0,phase1_test,raw_modz_consensus
BRD-A75552914,CPC004_MCF7_6H_X1,0.034482758620689655,0.0,0.0,phase1_test,raw_modz_consensus
BRD-A79981887,CPC004_MCF7_6H_X1,0.25,0.0,1.0,phase1_test,raw_modz_consensus
BRD-K02265150,CPC004_MCF7_6H_X1,1.0,1.0,1.0,phase1_test,raw_modz_consensus
BRD-K22031190,CPC004_MCF7_6H_X1,0.5,0.0,1.0,phase1_test,raw_modz_consensus
BRD-K25394294,CPC004_MCF7_6H_X1,0.1,0.0,0.0,phase1_test,raw_modz_consensus
BRD-K28936863,CPC004_MCF7_6H_X1,0.05,0.0,0.0,phase1_test,raw_modz_consensus
BRD-K29458283,CPC004_MCF7_6H_X1,0.5,0.0,1.0,phase1_test,raw_modz_consensus
BRD-K32247306,CPC004_MCF7_6H_X1,0.05,0.0,0.0,phase1_test,raw_modz_consensus
BRD-K38055836,CPC004_MCF7_6H_X1,0.04,0.0,0.0,phase1_test,raw_modz_consensus
BRD-K60770992,CPC004_MCF7_6H_X1,0.030303030303030304,0.0,0.0,phase1_test,raw_modz_consensus
BRD-K66353228,CPC004_MCF7_6H_X1,0.041666666666666664,0.0,0.0,phase1_test,raw_modz_consensus
BRD-K67043667,CPC004_MCF7_6H_X1,0.25,0.0,1.0,phase1_test,raw_modz_consensus
BRD-K70301876,CPC004_MCF7_6H_X1,0.034482758620689655,0.0,0.0,phase1_test,raw_modz_consensus
BRD-K71103788,CPC004_MCF7_6H_X1,0.045454545454545456,0.0,0.0,phase1_test,raw_modz_consensus
BRD-K75958195,CPC004_MCF7_6H_X1,1.0,1.0,1.0,phase1_test,raw_modz_consensus
BRD-K78126613,CPC004_MCF7_6H_X1,0.3333333333333333,0.0,1.0,phase1_test,raw_modz_consensus
BRD-K79759585,CPC004_MCF7_6H_X1,0.058823529411764705,0.0,0.0,phase1_test,raw_modz_consensus
BRD-A54880345,CPC004_MCF7_6H_X2,0.03333333333333333,0.0,0.0,phase1_test,raw_modz_consensus
BRD-A55913614,CPC004_MCF7_6H_X2,0.05555555555555555,0.0,0.0,phase1_test,raw_modz_consensus
BRD-A75552914,CPC004_MCF7_6H_X2,0.14285714285714285,0.0,0.0,phase1_test,raw_modz_consensus
BRD-A79981887,CPC004_MCF7_6H_X2,0.1111111111111111,0.0,0.0,phase1_test,raw_modz_consensus
BRD-K02265150,CPC004_MCF7_6H_X2,0.3333333333333333,0.0,1.0,phase1_test,raw_modz_consensus
BRD-K22031190,CPC004_MCF7_6H_X2,0.029411764705882353,0.0,0.0,phase1_test,raw_modz_consensus
BRD-K25394294,CPC004_MCF7_6H_X2,0.03225806451612903,0.0,0.0,phase1_test,raw_modz_consensus
BRD-K28936863,CPC004_MCF7_6H_X2,0.038461538461538464,0.0,0.0,phase1_test,raw_modz_consensus
BRD-K29458283,CPC004_MCF7_6H_X2,0.5,0.0,1.0,phase1_test,raw_modz_consensus
BRD-K32247306,CPC004_MCF7_6H_X2,0.05263157894736842,0.0,0.0,phase1_test,raw_modz_consensus
BRD-K38055836,CPC004_MCF7_6H_X2,0.04,0.0,0.0,phase1_test,raw_modz_consensus
BRD-K60770992,CPC004_MCF7_6H_X2,0.5,0.0,1.0,phase1_test,raw_modz_consensus
BRD-K66353228,CPC004_MCF7_6H_X2,0.043478260869565216,0.0,0.0,phase1_test,raw_modz_consensus
BRD-K67043667,CPC004_MCF7_6H_X2,0.09090909090909091,0.0,0.0,phase1_test,raw_modz_consensus
BRD-K70301876,CPC004_MCF7_6H_X2,0.037037037037037035,0.0,0.0,phase1_test,raw_modz_consensus
BRD-K71103788,CPC004_MCF7_6H_X2,0.07142857142857142,0.0,0.0,phase1_test,raw_modz_consensus
BRD-K75958195,CPC004_MCF7_6H_X2,0.08333333333333333,0.0,0.0,phase1_test,raw_modz_consensus
BRD-K78126613,CPC004_MCF7_6H_X2,1.0,1.0,1.0,phase1_test,raw_modz_consensus
BRD-K79759585,CPC004_MCF7_6H_X2,0.0625,0.0,0.0,phase1_test,raw_modz_consensus
BRD-A54880345,CPC004_MCF7_6H_X4,0.25,0.0,1.0,phase1_test,raw_modz_consensus
BRD-A55913614,CPC004_MCF7_6H_X4,0.045454545454545456,0.0,0.0,phase1_test,raw_modz_consensus
BRD-A75552914,CPC004_MCF7_6H_X4,0.030303030303030304,0.0,0.0,phase1_test,raw_modz_consensus
BRD-A79981887,CPC004_MCF7_6H_X4,0.03333333333333333,0.0,0.0,phase1_test,raw_modz_consensus
BRD-K02265150,CPC004_MCF7_6H_X4,0.03333333333333333,0.0,0.0,phase1_test,raw_modz_consensus
BRD-K22031190,CPC004_MCF7_6H_X4,0.034482758620689655,0.0,0.0,phase1_test,raw_modz_consensus
BRD-K25394294,CPC004_MCF7_6H_X4,0.038461538461538464,0.0,0.0,phase1_test,raw_modz_consensus
BRD-K28936863,CPC004_MCF7_6H_X4,0.1111111111111111,0.0,0.0,phase1_test,raw_modz_consensus
BRD-K29458283,CPC004_MCF7_6H_X4,0.034482758620689655,0.0,0.0,phase1_test,raw_modz_consensus
BRD-K32247306,CPC004_MCF7_6H_X4,0.05,0.0,0.0,phase1_test,raw_modz_consensus
BRD-K38055836,CPC004_MCF7_6H_X4,0.3333333333333333,0.0,1.0,phase1_test,raw_modz_consensus
BRD-K60770992,CPC004_MCF7_6H_X4,0.05263157894736842,0.0,0.0,phase1_test,raw_modz_consensus
BRD-K66353228,CPC004_MCF7_6H_X4,0.04,0.0,0.0,phase1_test,raw_modz_consensus
BRD-K67043667,CPC004_MCF7_6H_X4,0.05,0.0,0.0,phase1_test,raw_modz_consensus
BRD-K70301876,CPC004_MCF7_6H_X4,0.5,0.0,1.0,phase1_test,raw_modz_consensus
BRD-K71103788,CPC004_MCF7_6H_X4,0.125,0.0,0.0,phase1_test,raw_modz_consensus
BRD-K75958195,CPC004_MCF7_6H_X4,0.07142857142857142,0.0,0.0,phase1_test,raw_modz_consensus
BRD-K78126613,CPC004_MCF7_6H_X4,1.0,1.0,1.0,phase1_test,raw_modz_consensus
BRD-K79759585,CPC004_MCF7_6H_X4,0.041666666666666664,0.0,0.0,phase1_test,raw_modz_consensus
BRD-A54880345,CPC004_MCF7_6H_X5,0.0625,0.0,0.0,phase1_test,raw_modz_consensus
BRD-A55913614,CPC004_MCF7_6H_X5,0.06666666666666667,0.0,0.0,phase1_test,raw_modz_consensus
BRD-A75552914,CPC004_MCF7_6H_X5,0.5,0.0,1.0,phase1_test,raw_modz_consensus
BRD-A79981887,CPC004_MCF7_6H_X5,0.045454545454545456,0.0,0.0,phase1_test,raw_modz_consensus
BRD-K02265150,CPC004_MCF7_6H_X5,0.06666666666666667,0.0,0.0,phase1_test,raw_modz_consensus
BRD-K22031190,CPC004_MCF7_6H_X5,0.047619047619047616,0.0,0.0,phase1_test,raw_modz_consensus
BRD-K25394294,CPC004_MCF7_6H_X5,0.034482758620689655,0.0,0.0,phase1_test,raw_modz_consensus
BRD-K28936863,CPC004_MCF7_6H_X5,0.045454545454545456,0.0,0.0,phase1_test,raw_modz_consensus
BRD-K29458283,CPC004_MCF7_6H_X5,0.03333333333333333,0.0,0.0,phase1_test,raw_modz_consensus
BRD-K38055836,CPC004_MCF7_6H_X5,0.0625,0.0,0.0,phase1_test,raw_modz_consensus
BRD-K60770992,CPC004_MCF7_6H_X5,0.03333333333333333,0.0,0.0,phase1_test,raw_modz_consensus
BRD-K66353228,CPC004_MCF7_6H_X5,0.04,0.0,0.0,phase1_test,raw_modz_consensus
BRD-K67043667,CPC004_MCF7_6H_X5,0.08333333333333333,0.0,0.0,phase1_test,raw_modz_consensus
BRD-K70301876,CPC004_MCF7_6H_X5,0.07142857142857142,0.0,0.0,phase1_test,raw_modz_consensus
BRD-K71103788,CPC004_MCF7_6H_X5,0.058823529411764705,0.0,0.0,phase1_test,raw_modz_consensus
BRD-K75958195,CPC004_MCF7_6H_X5,0.058823529411764705,0.0,0.0,phase1_test,raw_modz_consensus
BRD-K78126613,CPC004_MCF7_6H_X5,0.0625,0.0,0.0,phase1_test,raw_modz_consensus
BRD-K79759585,CPC004_MCF7_6H_X5,0.125,0.0,0.0,phase1_test,raw_modz_consensus
BRD-A26711594,CPC005_MCF7_6H_X1,0.05263157894736842,0.0,0.0,phase1_test,raw_modz_consensus
BRD-A36217750,CPC005_MCF7_6H_X1,0.05,0.0,0.0,phase1_test,raw_modz_consensus
BRD-K27305650,CPC005_MCF7_6H_X1,0.03225806451612903,0.0,0.0,phase1_test,raw_modz_consensus
BRD-K46211610,CPC005_MCF7_6H_X1,0.058823529411764705,0.0,0.0,phase1_test,raw_modz_consensus
BRD-K67511046,CPC005_MCF7_6H_X1,0.5,0.0,1.0,phase1_test,raw_modz_consensus
BRD-K89732114,CPC005_MCF7_6H_X1,0.05555555555555555,0.0,0.0,phase1_test,raw_modz_consensus
BRD-A26711594,CPC005_MCF7_6H_X2,0.0625,0.0,0.0,phase1_test,raw_modz_consensus
BRD-A36217750,CPC005_MCF7_6H_X2,0.038461538461538464,0.0,0.0,phase1_test,raw_modz_consensus
BRD-K27305650,CPC005_MCF7_6H_X2,0.5,0.0,1.0,phase1_test,raw_modz_consensus
BRD-K46211610,CPC005_MCF7_6H_X2,0.125,0.0,0.0,phase1_test,raw_modz_consensus
BRD-K67511046,CPC005_MCF7_6H_X2,0.08333333333333333,0.0,0.0,phase1_test,raw_modz_consensus
BRD-K89732114,CPC005_MCF7_6H_X2,0.041666666666666664,0.0,0.0,phase1_test,raw_modz_consensus
BRD-A26711594,CPC005_MCF7_6H_X3,0.3333333333333333,0.0,1.0,phase1_test,raw_modz_consensus
BRD-A36217750,CPC005_MCF7_6H_X3,0.25,0.0,1.0,phase1_test,raw_modz_consensus
BRD-K27305650,CPC005_MCF7_6H_X3,0.03333333333333333,0.0,0.0,phase1_test,raw_modz_consensus
BRD-K46211610,CPC005_MCF7_6H_X3,0.07692307692307693,0.0,0.0,phase1_test,raw_modz_consensus
BRD-K67511046,CPC005_MCF7_6H_X3,0.16666666666666666,0.0,0.0,phase1_test,raw_modz_consensus
BRD-K89732114,CPC005_MCF7_6H_X3,0.25,0.0,1.0,phase1_test,raw_modz_consensus
BRD-A26711594,CPC005_MCF7_6H_X5,0.2,0.0,1.0,phase1_test,raw_modz_consensus
BRD-A36217750,CPC005_MCF7_6H_X5,0.08333333333333333,0.0,0.0,phase1_test,raw_modz_consensus
BRD-K27305650,CPC005_MCF7_6H_X5,0.08333333333333333,0.0,0.0,phase1_test,raw_modz_consensus
BRD-K46211610,CPC005_MCF7_6H_X5,0.25,0.0,1.0,phase1_test,raw_modz_consensus
BRD-K67511046,CPC005_MCF7_6H_X5,0.07142857142857142,0.0,0.0,phase1_test,raw_modz_consensus
BRD-K89732114,CPC005_MCF7_6H_X5,0.3333333333333333,0.0,1.0,phase1_test,raw_modz_consensus
BRD-A26711594,CPC006_MCF7_6H_X1,0.0625,0.0,0.0,phase1_test,raw_modz_consensus
BRD-K56343971,CPC006_MCF7_6H_X1,0.5,0.0,1.0,phase1_test,raw_modz_consensus
BRD-K78126613,CPC006_MCF7_6H_X1,1.0,1.0,1.0,phase1_test,raw_modz_consensus
BRD-K89732114,CPC006_MCF7_6H_X1,0.05263157894736842,0.0,0.0,phase1_test,raw_modz_consensus
BRD-A26711594,CPC006_MCF7_6H_X2,0.06666666666666667,0.0,0.0,phase1_test,raw_modz_consensus
BRD-K56343971,CPC006_MCF7_6H_X2,1.0,1.0,1.0,phase1_test,raw_modz_consensus
BRD-K78126613,CPC006_MCF7_6H_X2,0.14285714285714285,0.0,0.0,phase1_test,raw_modz_consensus
BRD-A26711594,CPC006_MCF7_6H_X3,0.038461538461538464,0.0,0.0,phase1_test,raw_modz_consensus
BRD-K56343971,CPC006_MCF7_6H_X3,1.0,1.0,1.0,phase1_test,raw_modz_consensus
BRD-K78126613,CPC006_MCF7_6H_X3,1.0,1.0,1.0,phase1_test,raw_modz_consensus
BRD-A26711594,CPC006_MCF7_6H_X4,0.16666666666666666,0.0,0.0,phase1_test,raw_modz_consensus
BRD-K56343971,CPC006_MCF7_6H_X4,0.5,0.0,1.0,phase1_test,raw_modz_consensus
BRD-K78126613,CPC006_MCF7_6H_X4,1.0,1.0,1.0,phase1_test,raw_modz_consensus
BRD-K89732114,CPC006_MCF7_6H_X4,0.05263157894736842,0.0,0.0,phase1_test,raw_modz_consensus
BRD-A26711594,CPC006_MCF7_6H_X5,0.0625,0.0,0.0,phase1_test,raw_modz_consensus
BRD-K56343971,CPC006_MCF7_6H_X5,1.0,1.0,1.0,phase1_test,raw_modz_consensus
BRD-K78126613,CPC006_MCF7_6H_X5,1.0,1.0,1.0,phase1_test,raw_modz_consensus
BRD-K89732114,CPC006_MCF7_6H_X5,0.2,0.0,1.0,phase1_test,raw_modz_consensus
BRD-K97181089,CPC007_MCF7_6H_X1.A2,0.037037037037037035,0.0,0.0,phase1_test,raw_modz_consensus
BRD-K97181089,CPC007_MCF7_6H_X2,0.16666666666666666,0.0,0.0,phase1_test,raw_modz_consensus
BRD-K97181089,CPC007_MCF7_6H_X3,0.0625,0.0,0.0,phase1_test,raw_modz_consensus
BRD-K97181089,CPC007_MCF7_6H_X4,0.03225806451612903,0.0,0.0,phase1_test,raw_modz_consensus
BRD-K28936863,CPC010_MCF7_6H_X2,0.041666666666666664,0.0,0.0,phase1_test,raw_modz_consensus
BRD-K71103788,CPC010_MCF7_6H_X2,1.0,1.0,1.0,phase1_test,raw_modz_consensus
BRD-K28936863,CPC010_MCF7_6H_X3,0.0625,0.0,0.0,phase1_test,raw_modz_consensus
BRD-K71103788,CPC010_MCF7_6H_X3,0.05263157894736842,0.0,0.0,phase1_test,raw_modz_consensus
BRD-K28936863,CPC010_MCF7_6H_X4,0.08333333333333333,0.0,0.0,phase1_test,raw_modz_consensus
BRD-K71103788,CPC010_MCF7_6H_X4,0.125,0.0,0.0,phase1_test,raw_modz_consensus
BRD-K25394294,CPC011_MCF7_6H_X1,0.030303030303030304,0.0,0.0,phase1_test,raw_modz_consensus
BRD-K60770992,CPC011_MCF7_6H_X1,0.03333333333333333,0.0,0.0,phase1_test,raw_modz_consensus
BRD-K70301876,CPC011_MCF7_6H_X1,0.03571428571428571,0.0,0.0,phase1_test,raw_modz_consensus
BRD-K71103788,CPC011_MCF7_6H_X1,0.041666666666666664,0.0,0.0,phase1_test,raw_modz_consensus
BRD-K75958195,CPC011_MCF7_6H_X1,0.043478260869565216,0.0,0.0,phase1_test,raw_modz_consensus
BRD-K89732114,CPC011_MCF7_6H_X1,0.05263157894736842,0.0,0.0,phase1_test,raw_modz_consensus
BRD-K92093830,CPC011_MCF7_6H_X1,1.0,1.0,1.0,phase1_test,raw_modz_consensus
BRD-K97181089,CPC011_MCF7_6H_X1,0.037037037037037035,0.0,0.0,phase1_test,raw_modz_consensus
BRD-K25394294,CPC011_MCF7_6H_X3,0.07692307692307693,0.0,0.0,phase1_test,raw_modz_consensus
BRD-K60770992,CPC011_MCF7_6H_X3,0.25,0.0,1.0,phase1_test,raw_modz_consensus
BRD-K70301876,CPC011_MCF7_6H_X3,0.07142857142857142,0.0,0.0,phase1_test,raw_modz_consensus
BRD-K71103788,CPC011_MCF7_6H_X3,0.043478260869565216,0.0,0.0,phase1_test,raw_modz_consensus
BRD-K75958195,CPC011_MCF7_6H_X3,0.043478260869565216,0.0,0.0,phase1_test,raw_modz_consensus
BRD-K89732114,CPC011_MCF7_6H_X3,0.05263157894736842,0.0,0.0,phase1_test,raw_modz_consensus
BRD-K92093830,CPC011_MCF7_6H_X3,1.0,1.0,1.0,phase1_test,raw_modz_consensus
BRD-K97181089,CPC011_MCF7_6H_X3,0.1111111111111111,0.0,0.0,phase1_test,raw_modz_consensus
BRD-K16478699,CPC013_MCF7_6H_X1,1.0,1.0,1.0,phase1_test,raw_modz_consensus
BRD-K63923597,CPC013_MCF7_6H_X1,1.0,1.0,1.0,phase1_test,raw_modz_consensus
BRD-K16478699,CPC013_MCF7_6H_X2,1.0,1.0,1.0,phase1_test,raw_modz_consensus
BRD-K63923597,CPC013_MCF7_6H_X2,0.041666666666666664,0.0,0.0,phase1_test,raw_modz_consensus
BRD-K16478699,CPC013_MCF7_6H_X3.A2,0.029411764705882353,0.0,0.0,phase1_test,raw_modz_consensus
BRD-K63923597,CPC013_MCF7_6H_X3.A2,0.3333333333333333,0.0,1.0,phase1_test,raw_modz_consensus
BRD-K16478699,CPC013_MCF7_6H_X5,0.5,0.0,1.0,phase1_test,raw_modz_consensus
BRD-K63923597,CPC013_MCF7_6H_X5,0.07692307692307693,0.0,0.0,phase1_test,raw_modz_consensus
BRD-K16478699,CPC014_MCF7_6H_X1,1.0,1.0,1.0,phase1_test,raw_modz_consensus
BRD-K56343971,CPC014_MCF7_6H_X1,1.0,1.0,1.0,phase1_test,raw_modz_consensus
BRD-K63923597,CPC014_MCF7_6H_X1,0.09090909090909091,0.0,0.0,phase1_test,raw_modz_consensus
BRD-K16478699,CPC014_MCF7_6H_X2,0.03333333333333333,0.0,0.0,phase1_test,raw_modz_consensus
BRD-K56343971,CPC014_MCF7_6H_X2,1.0,1.0,1.0,phase1_test,raw_modz_consensus
BRD-K63923597,CPC014_MCF7_6H_X2,0.05555555555555555,0.0,0.0,phase1_test,raw_modz_consensus
BRD-K16478699,CPC014_MCF7_6H_X3,0.03225806451612903,0.0,0.0,phase1_test,raw_modz_consensus
BRD-K56343971,CPC014_MCF7_6H_X3,0.25,0.0,1.0,phase1_test,raw_modz_consensus
BRD-K16478699,CPC014_MCF7_6H_X4,1.0,1.0,1.0,phase1_test,raw_modz_consensus
BRD-K56343971,CPC014_MCF7_6H_X4,1.0,1.0,1.0,phase1_test,raw_modz_consensus
BRD-K63923597,CPC014_MCF7_6H_X4,0.5,0.0,1.0,phase1_test,raw_modz_consensus
BRD-K16478699,CPC014_MCF7_6H_X5,0.5,0.0,1.0,phase1_test,raw_modz_consensus
BRD-K56343971,CPC014_MCF7_6H_X5,0.043478260869565216,0.0,0.0,phase1_test,raw_modz_consensus
BRD-K63923597,CPC014_MCF7_6H_X5,0.058823529411764705,0.0,0.0,phase1_test,raw_modz_consensus
BRD-A54880345,CPC015_MCF7_6H_X1,0.08333333333333333,0.0,0.0,phase1_test,raw_modz_consensus
BRD-A55913614,CPC015_MCF7_6H_X1,0.03333333333333333,0.0,0.0,phase1_test,raw_modz_consensus
BRD-A75552914,CPC015_MCF7_6H_X1,0.034482758620689655,0.0,0.0,phase1_test,raw_modz_consensus
BRD-A79981887,CPC015_MCF7_6H_X1,0.05555555555555555,0.0,0.0,phase1_test,raw_modz_consensus
BRD-K25394294,CPC015_MCF7_6H_X1,0.03333333333333333,0.0,0.0,phase1_test,raw_modz_consensus
BRD-K28936863,CPC015_MCF7_6H_X1,0.14285714285714285,0.0,0.0,phase1_test,raw_modz_consensus
BRD-K29458283,CPC015_MCF7_6H_X1,1.0,1.0,1.0,phase1_test,raw_modz_consensus
BRD-K32247306,CPC015_MCF7_6H_X1,0.1,0.0,0.0,phase1_test,raw_modz_consensus
BRD-K38055836,CPC015_MCF7_6H_X1,0.045454545454545456,0.0,0.0,phase1_test,raw_modz_consensus
BRD-K38197229,CPC015_MCF7_6H_X1,0.16666666666666666,0.0,0.0,phase1_test,raw_modz_consensus
BRD-K60770992,CPC015_MCF7_6H_X1,0.05555555555555555,0.0,0.0,phase1_test,raw_modz_consensus
BRD-K66353228,CPC015_MCF7_6H_X1,0.043478260869565216,0.0,0.0,phase1_test,raw_modz_consensus
BRD-K70301876,CPC015_MCF7_6H_X1,0.04,0.0,0.0,phase1_test,raw_modz_consensus
BRD-K71103788,CPC015_MCF7_6H_X1,0.043478260869565216,0.0,0.0,phase1_test,raw_modz_consensus
BRD-K75958195,CPC015_MCF7_6H_X1,0.08333333333333333,0.0,0.0,phase1_test,raw_modz_consensus
BRD-K77695569,CPC015_MCF7_6H_X1,0.25,0.0,1.0,phase1_test,raw_modz_consensus
BRD-K79759585,CPC015_MCF7_6H_X1,0.05263157894736842,0.0,0.0,phase1_test,raw_modz_consensus
BRD-K92049597,CPC015_MCF7_6H_X1,0.047619047619047616,0.0,0.0,phase1_test,raw_modz_consensus
BRD-K92093830,CPC015_MCF7_6H_X1,1.0,1.0,1.0,phase1_test,raw_modz_consensus
BRD-K95237249,CPC015_MCF7_6H_X1,0.05,0.0,0.0,phase1_test,raw_modz_consensus
BRD-A54880345,CPC015_MCF7_6H_X2,0.1111111111111111,0.0,0.0,phase1_test,raw_modz_consensus
BRD-A55913614,CPC015_MCF7_6H_X2,0.08333333333333333,0.0,0.0,phase1_test,raw_modz_consensus
BRD-A75552914,CPC015_MCF7_6H_X2,0.03333333333333333,0.0,0.0,phase1_test,raw_modz_consensus
BRD-A79981887,CPC015_MCF7_6H_X2,0.3333333333333333,0.0,1.0,phase1_test,raw_modz_consensus
BRD-K25394294,CPC015_MCF7_6H_X2,0.1,0.0,0.0,phase1_test,raw_modz_consensus
BRD-K28936863,CPC015_MCF7_6H_X2,0.1111111111111111,0.0,0.0,phase1_test,raw_modz_consensus
BRD-K29458283,CPC015_MCF7_6H_X2,0.1,0.0,0.0,phase1_test,raw_modz_consensus
BRD-K32247306,CPC015_MCF7_6H_X2,0.09090909090909091,0.0,0.0,phase1_test,raw_modz_consensus
BRD-K38055836,CPC015_MCF7_6H_X2,0.03225806451612903,0.0,0.0,phase1_test,raw_modz_consensus
BRD-K38197229,CPC015_MCF7_6H_X2,0.3333333333333333,0.0,1.0,phase1_test,raw_modz_consensus
BRD-K60770992,CPC015_MCF7_6H_X2,0.3333333333333333,0.0,1.0,phase1_test,raw_modz_consensus
BRD-K66353228,CPC015_MCF7_6H_X2,0.06666666666666667,0.0,0.0,phase1_test,raw_modz_consensus
BRD-K70301876,CPC015_MCF7_6H_X2,0.06666666666666667,0.0,0.0,phase1_test,raw_modz_consensus
BRD-K71103788,CPC015_MCF7_6H_X2,0.06666666666666667,0.0,0.0,phase1_test,raw_modz_consensus
BRD-K75958195,CPC015_MCF7_6H_X2,0.05555555555555555,0.0,0.0,phase1_test,raw_modz_consensus
BRD-K77695569,CPC015_MCF7_6H_X2,0.3333333333333333,0.0,1.0,phase1_test,raw_modz_consensus
BRD-K79759585,CPC015_MCF7_6H_X2,0.03333333333333333,0.0,0.0,phase1_test,raw_modz_consensus
BRD-K92049597,CPC015_MCF7_6H_X2,0.034482758620689655,0.0,0.0,phase1_test,raw_modz_consensus
BRD-K92093830,CPC015_MCF7_6H_X2,0.3333333333333333,0.0,1.0,phase1_test,raw_modz_consensus
BRD-K95237249,CPC015_MCF7_6H_X2,0.03225806451612903,0.0,0.0,phase1_test,raw_modz_consensus
BRD-A54880345,CPC015_MCF7_6H_X3,0.25,0.0,1.0,phase1_test,raw_modz_consensus
BRD-A55913614,CPC015_MCF7_6H_X3,0.038461538461538464,0.0,0.0,phase1_test,raw_modz_consensus
BRD-A75552914,CPC015_MCF7_6H_X3,0.5,0.0,1.0,phase1_test,raw_modz_consensus
BRD-A79981887,CPC015_MCF7_6H_X3,0.125,0.0,0.0,phase1_test,raw_modz_consensus
BRD-K25394294,CPC015_MCF7_6H_X3,0.2,0.0,1.0,phase1_test,raw_modz_consensus
BRD-K28936863,CPC015_MCF7_6H_X3,0.05,0.0,0.0,phase1_test,raw_modz_consensus
BRD-K29458283,CPC015_MCF7_6H_X3,0.045454545454545456,0.0,0.0,phase1_test,raw_modz_consensus
BRD-K32247306,CPC015_MCF7_6H_X3,0.07142857142857142,0.0,0.0,phase1_test,raw_modz_consensus
BRD-K38055836,CPC015_MCF7_6H_X3,0.047619047619047616,0.0,0.0,phase1_test,raw_modz_consensus
BRD-K38197229,CPC015_MCF7_6H_X3,0.25,0.0,1.0,phase1_test,raw_modz_consensus
BRD-K60770992,CPC015_MCF7_6H_X3,0.25,0.0,1.0,phase1_test,raw_modz_consensus
BRD-K66353228,CPC015_MCF7_6H_X3,0.125,0.0,0.0,phase1_test,raw_modz_consensus
BRD-K70301876,CPC015_MCF7_6H_X3,0.09090909090909091,0.0,0.0,phase1_test,raw_modz_consensus
BRD-K71103788,CPC015_MCF7_6H_X3,0.1111111111111111,0.0,0.0,phase1_test,raw_modz_consensus
BRD-K75958195,CPC015_MCF7_6H_X3,0.05263157894736842,0.0,0.0,phase1_test,raw_modz_consensus
BRD-K77695569,CPC015_MCF7_6H_X3,0.05,0.0,0.0,phase1_test,raw_modz_consensus
BRD-K79759585,CPC015_MCF7_6H_X3,0.043478260869565216,0.0,0.0,phase1_test,raw_modz_consensus
BRD-K92049597,CPC015_MCF7_6H_X3,0.03125,0.0,0.0,phase1_test,raw_modz_consensus
BRD-K92093830,CPC015_MCF7_6H_X3,1.0,1.0,1.0,phase1_test,raw_modz_consensus
BRD-K95237249,CPC015_MCF7_6H_X3,0.5,0.0,1.0,phase1_test,raw_modz_consensus
BRD-A54880345,CPC015_MCF7_6H_X4,0.047619047619047616,0.0,0.0,phase1_test,raw_modz_consensus
BRD-A55913614,CPC015_MCF7_6H_X4,0.043478260869565216,0.0,0.0,phase1_test,raw_modz_consensus
BRD-A75552914,CPC015_MCF7_6H_X4,0.1,0.0,0.0,phase1_test,raw_modz_consensus
BRD-A79981887,CPC015_MCF7_6H_X4,0.3333333333333333,0.0,1.0,phase1_test,raw_modz_consensus
BRD-K25394294,CPC015_MCF7_6H_X4,0.06666666666666667,0.0,0.0,phase1_test,raw_modz_consensus
BRD-K28936863,CPC015_MCF7_6H_X4,0.037037037037037035,0.0,0.0,phase1_test,raw_modz_consensus
BRD-K29458283,CPC015_MCF7_6H_X4,0.25,0.0,1.0,phase1_test,raw_modz_consensus
BRD-K32247306,CPC015_MCF7_6H_X4,0.038461538461538464,0.0,0.0,phase1_test,raw_modz_consensus
BRD-K38055836,CPC015_MCF7_6H_X4,0.07142857142857142,0.0,0.0,phase1_test,raw_modz_consensus
BRD-K38197229,CPC015_MCF7_6H_X4,0.030303030303030304,0.0,0.0,phase1_test,raw_modz_consensus
BRD-K60770992,CPC015_MCF7_6H_X4,0.3333333333333333,0.0,1.0,phase1_test,raw_modz_consensus
BRD-K66353228,CPC015_MCF7_6H_X4,0.07142857142857142,0.0,0.0,phase1_test,raw_modz_consensus
BRD-K70301876,CPC015_MCF7_6H_X4,0.038461538461538464,0.0,0.0,phase1_test,raw_modz_consensus
BRD-K71103788,CPC015_MCF7_6H_X4,0.037037037037037035,0.0,0.0,phase1_test,raw_modz_consensus
BRD-K75958195,CPC015_MCF7_6H_X4,0.05,0.0,0.0,phase1_test,raw_modz_consensus
BRD-K77695569,CPC015_MCF7_6H_X4,0.058823529411764705,0.0,0.0,phase1_test,raw_modz_consensus
BRD-K79759585,CPC015_MCF7_6H_X4,0.14285714285714285,0.0,0.0,phase1_test,raw_modz_consensus
BRD-K92049597,CPC015_MCF7_6H_X4,0.3333333333333333,0.0,1.0,phase1_test,raw_modz_consensus
BRD-K92093830,CPC015_MCF7_6H_X4,0.5,0.0,1.0,phase1_test,raw_modz_consensus
BRD-K95237249,CPC015_MCF7_6H_X4,0.3333333333333333,0.0,1.0,phase1_test,raw_modz_consensus
BRD-A54880345,CPC015_MCF7_6H_X5,0.043478260869565216,0.0,0.0,phase1_test,raw_modz_consensus
BRD-A55913614,CPC015_MCF7_6H_X5,0.03571428571428571,0.0,0.0,phase1_test,raw_modz_consensus
BRD-A75552914,CPC015_MCF7_6H_X5,0.05,0.0,0.0,phase1_test,raw_modz_consensus
BRD-A79981887,CPC015_MCF7_6H_X5,0.043478260869565216,0.0,0.0,phase1_test,raw_modz_consensus
BRD-K25394294,CPC015_MCF7_6H_X5,0.1111111111111111,0.0,0.0,phase1_test,raw_modz_consensus
BRD-K28936863,CPC015_MCF7_6H_X5,0.05263157894736842,0.0,0.0,phase1_test,raw_modz_consensus
BRD-K29458283,CPC015_MCF7_6H_X5,0.3333333333333333,0.0,1.0,phase1_test,raw_modz_consensus
BRD-K32247306,CPC015_MCF7_6H_X5,0.043478260869565216,0.0,0.0,phase1_test,raw_modz_consensus
BRD-K38055836,CPC015_MCF7_6H_X5,0.06666666666666667,0.0,0.0,phase1_test,raw_modz_consensus
BRD-K38197229,CPC015_MCF7_6H_X5,0.03125,0.0,0.0,phase1_test,raw_modz_consensus
BRD-K60770992,CPC015_MCF7_6H_X5,0.09090909090909091,0.0,0.0,phase1_test,raw_modz_consensus
BRD-K66353228,CPC015_MCF7_6H_X5,0.058823529411764705,0.0,0.0,phase1_test,raw_modz_consensus
BRD-K70301876,CPC015_MCF7_6H_X5,0.03571428571428571,0.0,0.0,phase1_test,raw_modz_consensus
BRD-K71103788,CPC015_MCF7_6H_X5,0.07692307692307693,0.0,0.0,phase1_test,raw_modz_consensus
BRD-K75958195,CPC015_MCF7_6H_X5,0.058823529411764705,0.0,0.0,phase1_test,raw_modz_consensus
BRD-K77695569,CPC015_MCF7_6H_X5,0.07692307692307693,0.0,0.0,phase1_test,raw_modz_consensus
BRD-K79759585,CPC015_MCF7_6H_X5,0.05,0.0,0.0,phase1_test,raw_modz_consensus
BRD-K92049597,CPC015_MCF7_6H_X5,0.08333333333333333,0.0,0.0,phase1_test,raw_modz_consensus
BRD-K92093830,CPC015_MCF7_6H_X5,0.029411764705882353,0.0,0.0,phase1_test,raw_modz_consensus
BRD-K95237249,CPC015_MCF7_6H_X5,0.14285714285714285,0.0,0.0,phase1_test,raw_modz_consensus
BRD-K67043667,CPC016_MCF7_6H_X1,0.043478260869565216,0.0,0.0,phase1_test,raw_modz_consensus
BRD-K67043667,CPC016_MCF7_6H_X2,0.043478260869565216,0.0,0.0,phase1_test,raw_modz_consensus
BRD-K67043667,CPC016_MCF7_6H_X5,0.038461538461538464,0.0,0.0,phase1_test,raw_modz_consensus
BRD-K02265150,CPC017_MCF7_6H_X1,0.1,0.0,0.0,phase1_test,raw_modz_consensus
BRD-K22031190,CPC017_MCF7_6H_X1,1.0,1.0,1.0,phase1_test,raw_modz_consensus
BRD-K02265150,CPC017_MCF7_6H_X2,0.5,0.0,1.0,phase1_test,raw_modz_consensus
BRD-K22031190,CPC017_MCF7_6H_X2,1.0,1.0,1.0,phase1_test,raw_modz_consensus
BRD-K02265150,CPC017_MCF7_6H_X3,1.0,1.0,1.0,phase1_test,raw_modz_consensus
BRD-K22031190,CPC017_MCF7_6H_X3,1.0,1.0,1.0,phase1_test,raw_modz_consensus
BRD-K02265150,CPC017_MCF7_6H_X5,0.2,0.0,1.0,phase1_test,raw_modz_consensus
BRD-K22031190,CPC017_MCF7_6H_X5,0.09090909090909091,0.0,0.0,phase1_test,raw_modz_consensus
BRD-K78126613,CPC018_MCF7_6H_X1,1.0,1.0,1.0,phase1_test,raw_modz_consensus
BRD-K97181089,CPC018_MCF7_6H_X1,0.030303030303030304,0.0,0.0,phase1_test,raw_modz_consensus
BRD-K78126613,CPC018_MCF7_6H_X2,1.0,1.0,1.0,phase1_test,raw_modz_consensus
BRD-K97181089,CPC018_MCF7_6H_X2,0.030303030303030304,0.0,0.0,phase1_test,raw_modz_consensus
BRD-K78126613,CPC018_MCF7_6H_X3,1.0,1.0,1.0,phase1_test,raw_modz_consensus
BRD-K97181089,CPC018_MCF7_6H_X3,0.3333333333333333,0.0,1.0,phase1_test,raw_modz_consensus
BRD-A36217750,CPC020_MCF7_6H_X1,0.1,0.0,0.0,phase1_test,raw_modz_consensus
BRD-A54880345,CPC020_MCF7_6H_X1,0.05555555555555555,0.0,0.0,phase1_test,raw_modz_consensus
BRD-A79981887,CPC020_MCF7_6H_X1,0.05555555555555555,0.0,0.0,phase1_test,raw_modz_consensus
BRD-K02265150,CPC020_MCF7_6H_X1,1.0,1.0,1.0,phase1_test,raw_modz_consensus
BRD-K22031190,CPC020_MCF7_6H_X1,0.3333333333333333,0.0,1.0,phase1_test,raw_modz_consensus
BRD-K29458283,CPC020_MCF7_6H_X1,0.1111111111111111,0.0,0.0,phase1_test,raw_modz_consensus
BRD-K32247306,CPC020_MCF7_6H_X1,0.037037037037037035,0.0,0.0,phase1_test,raw_modz_consensus
BRD-K38197229,CPC020_MCF7_6H_X1,1.0,1.0,1.0,phase1_test,raw_modz_consensus
BRD-K46211610,CPC020_MCF7_6H_X1,0.05263157894736842,0.0,0.0,phase1_test,raw_modz_consensus
BRD-K67043667,CPC020_MCF7_6H_X1,0.05263157894736842,0.0,0.0,phase1_test,raw_modz_consensus
BRD-K67511046,CPC020_MCF7_6H_X1,1.0,1.0,1.0,phase1_test,raw_modz_consensus
BRD-K77695569,CPC020_MCF7_6H_X1,0.045454545454545456,0.0,0.0,phase1_test,raw_modz_consensus
BRD-K92049597,CPC020_MCF7_6H_X1,0.03333333333333333,0.0,0.0,phase1_test,raw_modz_consensus
BRD-K95237249,CPC020_MCF7_6H_X1,0.041666666666666664,0.0,0.0,phase1_test,raw_modz_consensus
BRD-A36217750,CPC020_MCF7_6H_X2,0.07692307692307693,0.0,0.0,phase1_test,raw_modz_consensus
BRD-A54880345,CPC020_MCF7_6H_X2,0.03333333333333333,0.0,0.0,phase1_test,raw_modz_consensus
BRD-A79981887,CPC020_MCF7_6H_X2,0.07142857142857142,0.0,0.0,phase1_test,raw_modz_consensus
BRD-K02265150,CPC020_MCF7_6H_X2,0.5,0.0,1.0,phase1_test,raw_modz_consensus
BRD-K22031190,CPC020_MCF7_6H_X2,1.0,1.0,1.0,phase1_test,raw_modz_consensus
BRD-K29458283,CPC020_MCF7_6H_X2,0.14285714285714285,0.0,0.0,phase1_test,raw_modz_consensus
BRD-K32247306,CPC020_MCF7_6H_X2,0.05263157894736842,0.0,0.0,phase1_test,raw_modz_consensus
BRD-K38197229,CPC020_MCF7_6H_X2,0.06666666666666667,0.0,0.0,phase1_test,raw_modz_consensus
BRD-K46211610,CPC020_MCF7_6H_X2,0.037037037037037035,0.0,0.0,phase1_test,raw_modz_consensus
BRD-K67043667,CPC020_MCF7_6H_X2,0.047619047619047616,0.0,0.0,phase1_test,raw_modz_consensus
BRD-K67511046,CPC020_MCF7_6H_X2,0.14285714285714285,0.0,0.0,phase1_test,raw_modz_consensus
BRD-K77695569,CPC020_MCF7_6H_X2,0.0625,0.0,0.0,phase1_test,raw_modz_consensus
BRD-K92049597,CPC020_MCF7_6H_X2,0.03333333333333333,0.0,0.0,phase1_test,raw_modz_consensus
BRD-K95237249,CPC020_MCF7_6H_X2,0.05,0.0,0.0,phase1_test,raw_modz_consensus
BRD-A36217750,CPC020_MCF7_6H_X3,0.08333333333333333,0.0,0.0,phase1_test,raw_modz_consensus
BRD-A54880345,CPC020_MCF7_6H_X3,0.07142857142857142,0.0,0.0,phase1_test,raw_modz_consensus
BRD-A79981887,CPC020_MCF7_6H_X3,0.03125,0.0,0.0,phase1_test,raw_modz_consensus
BRD-K02265150,CPC020_MCF7_6H_X3,0.3333333333333333,0.0,1.0,phase1_test,raw_modz_consensus
BRD-K22031190,CPC020_MCF7_6H_X3,1.0,1.0,1.0,phase1_test,raw_modz_consensus
BRD-K29458283,CPC020_MCF7_6H_X3,0.07692307692307693,0.0,0.0,phase1_test,raw_modz_consensus
BRD-K32247306,CPC020_MCF7_6H_X3,0.05,0.0,0.0,phase1_test,raw_modz_consensus
BRD-K38197229,CPC020_MCF7_6H_X3,0.16666666666666666,0.0,0.0,phase1_test,raw_modz_consensus
BRD-K46211610,CPC020_MCF7_6H_X3,0.03333333333333333,0.0,0.0,phase1_test,raw_modz_consensus
BRD-K67043667,CPC020_MCF7_6H_X3,0.09090909090909091,0.0,0.0,phase1_test,raw_modz_consensus
BRD-K67511046,CPC020_MCF7_6H_X3,0.1111111111111111,0.0,0.0,phase1_test,raw_modz_consensus
BRD-K77695569,CPC020_MCF7_6H_X3,0.04,0.0,0.0,phase1_test,raw_modz_consensus
BRD-K92049597,CPC020_MCF7_6H_X3,0.03225806451612903,0.0,0.0,phase1_test,raw_modz_consensus
BRD-K95237249,CPC020_MCF7_6H_X3,0.029411764705882353,0.0,0.0,phase1_test,raw_modz_consensus
BRD-A36217750,CPC020_MCF7_6H_X5,0.037037037037037035,0.0,0.0,phase1_test,raw_modz_consensus
BRD-A54880345,CPC020_MCF7_6H_X5,0.034482758620689655,0.0,0.0,phase1_test,raw_modz_consensus
BRD-A79981887,CPC020_MCF7_6H_X5,0.5,0.0,1.0,phase1_test,raw_modz_consensus
BRD-K02265150,CPC020_MCF7_6H_X5,0.037037037037037035,0.0,0.0,phase1_test,raw_modz_consensus
BRD-K22031190,CPC020_MCF7_6H_X5,0.25,0.0,1.0,phase1_test,raw_modz_consensus
BRD-K29458283,CPC020_MCF7_6H_X5,1.0,1.0,1.0,phase1_test,raw_modz_consensus
BRD-K32247306,CPC020_MCF7_6H_X5,0.037037037037037035,0.0,0.0,phase1_test,raw_modz_consensus
BRD-K38197229,CPC020_MCF7_6H_X5,0.034482758620689655,0.0,0.0,phase1_test,raw_modz_consensus
BRD-K46211610,CPC020_MCF7_6H_X5,0.06666666666666667,0.0,0.0,phase1_test,raw_modz_consensus
BRD-K67043667,CPC020_MCF7_6H_X5,0.1111111111111111,0.0,0.0,phase1_test,raw_modz_consensus
BRD-K67511046,CPC020_MCF7_6H_X5,0.05,0.0,0.0,phase1_test,raw_modz_consensus
BRD-K77695569,CPC020_MCF7_6H_X5,0.08333333333333333,0.0,0.0,phase1_test,raw_modz_consensus
BRD-K92049597,CPC020_MCF7_6H_X5,0.2,0.0,1.0,phase1_test,raw_modz_consensus
BRD-K95237249,CPC020_MCF7_6H_X5,0.07692307692307693,0.0,0.0,phase1_test,raw_modz_consensus
BRD-A26711594,CPD001_MCF7_6H_X1,0.058823529411764705,0.0,0.0,phase1_test,raw_modz_consensus
BRD-A36217750,CPD001_MCF7_6H_X1,0.05555555555555555,0.0,0.0,phase1_test,raw_modz_consensus
BRD-A75552914,CPD001_MCF7_6H_X1,0.3333333333333333,0.0,1.0,phase1_test,raw_modz_consensus
BRD-A79981887,CPD001_MCF7_6H_X1,0.058823529411764705,0.0,0.0,phase1_test,raw_modz_consensus
BRD-K22031190,CPD001_MCF7_6H_X1,0.05555555555555555,0.0,0.0,phase1_test,raw_modz_consensus
BRD-K28936863,CPD001_MCF7_6H_X1,0.045454545454545456,0.0,0.0,phase1_test,raw_modz_consensus
BRD-K38197229,CPD001_MCF7_6H_X1,0.3333333333333333,0.0,1.0,phase1_test,raw_modz_consensus
BRD-K46211610,CPD001_MCF7_6H_X1,0.25,0.0,1.0,phase1_test,raw_modz_consensus
BRD-K60770992,CPD001_MCF7_6H_X1,0.5,0.0,1.0,phase1_test,raw_modz_consensus
BRD-K66353228,CPD001_MCF7_6H_X1,0.07692307692307693,0.0,0.0,phase1_test,raw_modz_consensus
BRD-K67511046,CPD001_MCF7_6H_X1,1.0,1.0,1.0,phase1_test,raw_modz_consensus
BRD-K89732114,CPD001_MCF7_6H_X1,0.08333333333333333,0.0,0.0,phase1_test,raw_modz_consensus
BRD-K92049597,CPD001_MCF7_6H_X1,1.0,1.0,1.0,phase1_test,raw_modz_consensus
BRD-K97181089,CPD001_MCF7_6H_X1,0.25,0.0,1.0,phase1_test,raw_modz_consensus
BRD-A26711594,CPD001_MCF7_6H_X1.A2,0.07142857142857142,0.0,0.0,phase1_test,raw_modz_consensus
BRD-A36217750,CPD001_MCF7_6H_X1.A2,0.05263157894736842,0.0,0.0,phase1_test,raw_modz_consensus
BRD-A75552914,CPD001_MCF7_6H_X1.A2,0.3333333333333333,0.0,1.0,phase1_test,raw_modz_consensus
BRD-A79981887,CPD001_MCF7_6H_X1.A2,0.047619047619047616,0.0,0.0,phase1_test,raw_modz_consensus
BRD-K22031190,CPD001_MCF7_6H_X1.A2,0.03571428571428571,0.0,0.0,phase1_test,raw_modz_consensus
BRD-K28936863,CPD001_MCF7_6H_X1.A2,0.047619047619047616,0.0,0.0,phase1_test,raw_modz_consensus
BRD-K38197229,CPD001_MCF7_6H_X1.A2,1.0,1.0,1.0,phase1_test,raw_modz_consensus
BRD-K46211610,CPD001_MCF7_6H_X1.A2,0.25,0.0,1.0,phase1_test,raw_modz_consensus
BRD-K60770992,CPD001_MCF7_6H_X1.A2,0.5,0.0,1.0,phase1_test,raw_modz_consensus
BRD-K66353228,CPD001_MCF7_6H_X1.A2,0.06666666666666667,0.0,0.0,phase1_test,raw_modz_consensus
BRD-K67511046,CPD001_MCF7_6H_X1.A2,1.0,1.0,1.0,phase1_test,raw_modz_consensus
BRD-K89732114,CPD001_MCF7_6H_X1.A2,0.14285714285714285,0.0,0.0,phase1_test,raw_modz_consensus
BRD-K92049597,CPD001_MCF7_6H_X1.A2,1.0,1.0,1.0,phase1_test,raw_modz_consensus
BRD-K97181089,CPD001_MCF7_6H_X1.A2,0.3333333333333333,0.0,1.0,phase1_test,raw_modz_consensus
BRD-A26711594,CPD001_MCF7_6H_X2,0.5,0.0,1.0,phase1_test,raw_modz_consensus
BRD-A36217750,CPD001_MCF7_6H_X2,0.043478260869565216,0.0,0.0,phase1_test,raw_modz_consensus
BRD-A75552914,CPD001_MCF7_6H_X2,0.09090909090909091,0.0,0.0,phase1_test,raw_modz_consensus
BRD-A79981887,CPD001_MCF7_6H_X2,0.07692307692307693,0.0,0.0,phase1_test,raw_modz_consensus
BRD-K22031190,CPD001_MCF7_6H_X2,0.2,0.0,1.0,phase1_test,raw_modz_consensus
BRD-K38197229,CPD001_MCF7_6H_X2,0.045454545454545456,0.0,0.0,phase1_test,raw_modz_consensus
BRD-K46211610,CPD001_MCF7_6H_X2,0.09090909090909091,0.0,0.0,phase1_test,raw_modz_consensus
BRD-K60770992,CPD001_MCF7_6H_X2,1.0,1.0,1.0,phase1_test,raw_modz_consensus
BRD-K67511046,CPD001_MCF7_6H_X2,0.03225806451612903,0.0,0.0,phase1_test,raw_modz_consensus
BRD-K89732114,CPD001_MCF7_6H_X2,0.038461538461538464,0.0,0.0,phase1_test,raw_modz_consensus
BRD-K92049597,CPD001_MCF7_6H_X2,0.2,0.0,1.0,phase1_test,raw_modz_consensus
BRD-K97181089,CPD001_MCF7_6H_X2,0.1,0.0,0.0,phase1_test,raw_modz_consensus
BRD-A26711594,CPD001_MCF7_6H_X3,0.5,0.0,1.0,phase1_test,raw_modz_consensus
BRD-A36217750,CPD001_MCF7_6H_X3,0.5,0.0,1.0,phase1_test,raw_modz_consensus
BRD-A75552914,CPD001_MCF7_6H_X3,0.14285714285714285,0.0,0.0,phase1_test,raw_modz_consensus
BRD-A79981887,CPD001_MCF7_6H_X3,0.1111111111111111,0.0,0.0,phase1_test,raw_modz_consensus
BRD-K22031190,CPD001_MCF7_6H_X3,0.14285714285714285,0.0,0.0,phase1_test,raw_modz_consensus
BRD-K28936863,CPD001_MCF7_6H_X3,0.034482758620689655,0.0,0.0,phase1_test,raw_modz_consensus
BRD-K38197229,CPD001_MCF7_6H_X3,0.05,0.0,0.0,phase1_test,raw_modz_consensus
BRD-K46211610,CPD001_MCF7_6H_X3,0.14285714285714285,0.0,0.0,phase1_test,raw_modz_consensus
BRD-K60770992,CPD001_MCF7_6H_X3,0.047619047619047616,0.0,0.0,phase1_test,raw_modz_consensus
BRD-K66353228,CPD001_MCF7_6H_X3,0.043478260869565216,0.0,0.0,phase1_test,raw_modz_consensus
BRD-K67511046,CPD001_MCF7_6H_X3,1.0,1.0,1.0,phase1_test,raw_modz_consensus
BRD-K89732114,CPD001_MCF7_6H_X3,0.16666666666666666,0.0,0.0,phase1_test,raw_modz_consensus
BRD-K92049597,CPD001_MCF7_6H_X3,0.5,0.0,1.0,phase1_test,raw_modz_consensus
BRD-K97181089,CPD001_MCF7_6H_X3,0.125,0.0,0.0,phase1_test,raw_modz_consensus
BRD-A55913614,CPD002_MCF7_6H_X1,0.5,0.0,1.0,phase1_test,raw_modz_consensus
BRD-K38055836,CPD002_MCF7_6H_X1,1.0,1.0,1.0,phase1_test,raw_modz_consensus
BRD-K70301876,CPD002_MCF7_6H_X1,0.09090909090909091,0.0,0.0,phase1_test,raw_modz_consensus
BRD-K77695569,CPD002_MCF7_6H_X1,0.058823529411764705,0.0,0.0,phase1_test,raw_modz_consensus
BRD-K92093830,CPD002_MCF7_6H_X1,1.0,1.0,1.0,phase1_test,raw_modz_consensus
BRD-K95237249,CPD002_MCF7_6H_X1,0.16666666666666666,0.0,0.0,phase1_test,raw_modz_consensus
BRD-A55913614,CPD002_MCF7_6H_X2,0.058823529411764705,0.0,0.0,phase1_test,raw_modz_consensus
BRD-K38055836,CPD002_MCF7_6H_X2,0.041666666666666664,0.0,0.0,phase1_test,raw_modz_consensus
BRD-K70301876,CPD002_MCF7_6H_X2,0.3333333333333333,0.0,1.0,phase1_test,raw_modz_consensus
BRD-K77695569,CPD002_MCF7_6H_X2,0.09090909090909091,0.0,0.0,phase1_test,raw_modz_consensus
BRD-K92093830,CPD002_MCF7_6H_X2,1.0,1.0,1.0,phase1_test,raw_modz_consensus
BRD-K95237249,CPD002_MCF7_6H_X2,0.05,0.0,0.0,phase1_test,raw_modz_consensus
BRD-A55913614,CPD002_MCF7_6H_X3,0.043478260869565216,0.0,0.0,phase1_test,raw_modz_consensus
BRD-K38055836,CPD002_MCF7_6H_X3,0.03333333333333333,0.0,0.0,phase1_test,raw_modz_consensus
BRD-K70301876,CPD002_MCF7_6H_X3,0.04,0.0,0.0,phase1_test,raw_modz_consensus
BRD-K77695569,CPD002_MCF7_6H_X3,0.14285714285714285,0.0,0.0,phase1_test,raw_modz_consensus
BRD-K92093830,CPD002_MCF7_6H_X3,1.0,1.0,1.0,phase1_test,raw_modz_consensus
BRD-K95237249,CPD002_MCF7_6H_X3,0.125,0.0,0.0,phase1_test,raw_modz_consensus
BRD-K25394294,CPD003_MCF7_6H_X1,0.03333333333333333,0.0,0.0,phase1_test,raw_modz_consensus
BRD-K29458283,CPD003_MCF7_6H_X1,0.2,0.0,1.0,phase1_test,raw_modz_consensus
BRD-K32247306,CPD003_MCF7_6H_X1,0.047619047619047616,0.0,0.0,phase1_test,raw_modz_consensus
BRD-K67043667,CPD003_MCF7_6H_X1,0.05555555555555555,0.0,0.0,phase1_test,raw_modz_consensus
BRD-K75958195,CPD003_MCF7_6H_X1,0.05,0.0,0.0,phase1_test,raw_modz_consensus
BRD-K79759585,CPD003_MCF7_6H_X1,0.047619047619047616,0.0,0.0,phase1_test,raw_modz_consensus
BRD-K25394294,CPD003_MCF7_6H_X2,0.1,0.0,0.0,phase1_test,raw_modz_consensus
BRD-K29458283,CPD003_MCF7_6H_X2,0.05263157894736842,0.0,0.0,phase1_test,raw_modz_consensus
BRD-K32247306,CPD003_MCF7_6H_X2,0.041666666666666664,0.0,0.0,phase1_test,raw_modz_consensus
BRD-K67043667,CPD003_MCF7_6H_X2,0.047619047619047616,0.0,0.0,phase1_test,raw_modz_consensus
BRD-K75958195,CPD003_MCF7_6H_X2,0.047619047619047616,0.0,0.0,phase1_test,raw_modz_consensus
BRD-K79759585,CPD003_MCF7_6H_X2,0.05263157894736842,0.0,0.0,phase1_test,raw_modz_consensus
BRD-K63923597,HOG001_MCF7_6H_X2,0.14285714285714285,0.0,0.0,phase1_test,raw_modz_consensus
BRD-K63923597,HOG001_MCF7_6H_X3,0.058823529411764705,0.0,0.0,phase1_test,raw_modz_consensus
BRD-K63923597,HOG001_MCF7_6H_X4,0.125,0.0,0.0,phase1_test,raw_modz_consensus
BRD-K27305650,HOG002_MCF7_6H_X1,0.03571428571428571,0.0,0.0,phase1_test,raw_modz_consensus
BRD-K92093830,HOG002_MCF7_6H_X1,1.0,1.0,1.0,phase1_test,raw_modz_consensus
BRD-K27305650,HOG002_MCF7_6H_X2,0.5,0.0,1.0,phase1_test,raw_modz_consensus
BRD-K92093830,HOG002_MCF7_6H_X2,1.0,1.0,1.0,phase1_test,raw_modz_consensus
BRD-K27305650,HOG002_MCF7_6H_X3,1.0,1.0,1.0,phase1_test,raw_modz_consensus
BRD-K92093830,HOG002_MCF7_6H_X3,1.0,1.0,1.0,phase1_test,raw_modz_consensus
BRD-K78126613,HOG003_MCF7_6H_X1,0.2,0.0,1.0,phase1_test,raw_modz_consensus
BRD-K78126613,HOG003_MCF7_6H_X2,1.0,1.0,1.0,phase1_test,raw_modz_consensus
BRD-K78126613,HOG003_MCF7_6H_X3,0.038461538461538464,0.0,0.0,phase1_test,raw_modz_consensus
BRD-K78126613,HOG003_MCF7_6H_X4,0.25,0.0,1.0,phase1_test,raw_modz_consensus
BRD-K16478699,LJP001_MCF7_6H_X1,0.3333333333333333,0.0,1.0,phase1_test,raw_modz_consensus
BRD-K56343971,LJP001_MCF7_6H_X1,0.034482758620689655,0.0,0.0,phase1_test,raw_modz_consensus
BRD-K63923597,LJP001_MCF7_6H_X1,0.06666666666666667,0.0,0.0,phase1_test,raw_modz_consensus
BRD-K16478699,LJP001_MCF7_6H_X2,0.03125,0.0,0.0,phase1_test,raw_modz_consensus
BRD-K56343971,LJP001_MCF7_6H_X2,1.0,1.0,1.0,phase1_test,raw_modz_consensus
BRD-K63923597,LJP001_MCF7_6H_X2,0.07142857142857142,0.0,0.0,phase1_test,raw_modz_consensus
BRD-K16478699,LJP001_MCF7_6H_X3,1.0,1.0,1.0,phase1_test,raw_modz_consensus
BRD-K56343971,LJP001_MCF7_6H_X3,0.16666666666666666,0.0,0.0,phase1_test,raw_modz_consensus
BRD-K63923597,LJP001_MCF7_6H_X3,0.058823529411764705,0.0,0.0,phase1_test,raw_modz_consensus
BRD-K16478699,LJP001_MCF7_6H_X4,1.0,1.0,1.0,phase1_test,raw_modz_consensus
BRD-K56343971,LJP001_MCF7_6H_X4,0.03571428571428571,0.0,0.0,phase1_test,raw_modz_consensus
BRD-K63923597,LJP001_MCF7_6H_X4,0.030303030303030304,0.0,0.0,phase1_test,raw_modz_consensus
BRD-K27305650,MUC.CP001_MCF7_6H_X1,1.0,1.0,1.0,phase1_test,raw_modz_consensus
BRD-K27305650,MUC.CP001_MCF7_6H_X2,0.043478260869565216,0.0,0.0,phase1_test,raw_modz_consensus
BRD-K27305650,MUC.CP001_MCF7_6H_X3,1.0,1.0,1.0,phase1_test,raw_modz_consensus
BRD-K27305650,MUC.CP002_MCF7_6H_X1,1.0,1.0,1.0,phase1_test,raw_modz_consensus
BRD-K28936863,MUC.CP002_MCF7_6H_X1,0.07692307692307693,0.0,0.0,phase1_test,raw_modz_consensus
BRD-K79759585,MUC.CP002_MCF7_6H_X1,0.07142857142857142,0.0,0.0,phase1_test,raw_modz_consensus
BRD-K27305650,MUC.CP002_MCF7_6H_X2,1.0,1.0,1.0,phase1_test,raw_modz_consensus
BRD-K28936863,MUC.CP002_MCF7_6H_X2,0.07142857142857142,0.0,0.0,phase1_test,raw_modz_consensus
BRD-K79759585,MUC.CP002_MCF7_6H_X2,0.038461538461538464,0.0,0.0,phase1_test,raw_modz_consensus
BRD-K27305650,MUC.CP002_MCF7_6H_X3,1.0,1.0,1.0,phase1_test,raw_modz_consensus
BRD-K28936863,MUC.CP002_MCF7_6H_X3,0.06666666666666667,0.0,0.0,phase1_test,raw_modz_consensus
BRD-K79759585,MUC.CP002_MCF7_6H_X3,0.07692307692307693,0.0,0.0,phase1_test,raw_modz_consensus
BRD-K27305650,MUC.CP003_MCF7_6H_X1,1.0,1.0,1.0,phase1_test,raw_modz_consensus
BRD-K27305650,MUC.CP003_MCF7_6H_X2,0.03225806451612903,0.0,0.0,phase1_test,raw_modz_consensus
BRD-K27305650,MUC.CP003_MCF7_6H_X3,0.2,0.0,1.0,phase1_test,raw_modz_consensus
BRD-K27305650,MUC.CP004_MCF7_6H_X1,0.03225806451612903,0.0,0.0,phase1_test,raw_modz_consensus
BRD-K27305650,MUC.CP004_MCF7_6H_X2,0.06666666666666667,0.0,0.0,phase1_test,raw_modz_consensus
BRD-K27305650,MUC.CP004_MCF7_6H_X3,1.0,1.0,1.0,phase1_test,raw_modz_consensus
BRD-K27305650,MUC.CP005_MCF7_6H_X1,1.0,1.0,1.0,phase1_test,raw_modz_consensus
BRD-K27305650,MUC.CP005_MCF7_6H_X2,1.0,1.0,1.0,phase1_test,raw_modz_consensus
BRD-K27305650,MUC.CP005_MCF7_6H_X3,1.0,1.0,1.0,phase1_test,raw_modz_consensus
BRD-K27305650,MUC.CP006_MCF7_6H_X1,1.0,1.0,1.0,phase1_test,raw_modz_consensus
BRD-K27305650,MUC.CP006_MCF7_6H_X2,1.0,1.0,1.0,phase1_test,raw_modz_consensus
BRD-K27305650,MUC.CP006_MCF7_6H_X3,1.0,1.0,1.0,phase1_test,raw_modz_consensus
BRD-K27305650,RAD001_MCF7_6H_X1,1.0,1.0,1.0,phase1_test,raw_modz_consensus
BRD-K27305650,RAD001_MCF7_6H_X2,0.03571428571428571,0.0,0.0,phase1_test,raw_modz_consensus
BRD-A39996500,LJP005_MCF7_24H_X1_B17,1.0,1.0,1.0,phase2_mcf7,raw_mean_consensus
BRD-K02708799,LJP005_MCF7_24H_X1_B17,0.16666666666666666,0.0,0.0,phase2_mcf7,raw_mean_consensus
BRD-K03449891,LJP005_MCF7_24H_X1_B17,0.16666666666666666,0.0,0.0,phase2_mcf7,raw_mean_consensus
BRD-K04887706,LJP005_MCF7_24H_X1_B17,0.02857142857142857,0.0,0.0,phase2_mcf7,raw_mean_consensus
BRD-K07691486,LJP005_MCF7_24H_X1_B17,1.0,1.0,1.0,phase2_mcf7,raw_mean_consensus
BRD-K08799216,LJP005_MCF7_24H_X1_B17,1.0,1.0,1.0,phase2_mcf7,raw_mean_consensus
BRD-K12184916,LJP005_MCF7_24H_X1_B17,0.0625,0.0,0.0,phase2_mcf7,raw_mean_consensus
BRD-K37687095,LJP005_MCF7_24H_X1_B17,0.016666666666666666,0.0,0.0,phase2_mcf7,raw_mean_consensus
BRD-K42191735,LJP005_MCF7_24H_X1_B17,0.1111111111111111,0.0,0.0,phase2_mcf7,raw_mean_consensus
BRD-K49328571,LJP005_MCF7_24H_X1_B17,0.0625,0.0,0.0,phase2_mcf7,raw_mean_consensus
BRD-K49865102,LJP005_MCF7_24H_X1_B17,0.037037037037037035,0.0,0.0,phase2_mcf7,raw_mean_consensus
BRD-K70401845,LJP005_MCF7_24H_X1_B17,0.0196078431372549,0.0,0.0,phase2_mcf7,raw_mean_consensus
BRD-K76908866,LJP005_MCF7_24H_X1_B17,0.020833333333333332,0.0,0.0,phase2_mcf7,raw_mean_consensus
BRD-K79404599,LJP005_MCF7_24H_X1_B17,0.07692307692307693,0.0,0.0,phase2_mcf7,raw_mean_consensus
BRD-K81528515,LJP005_MCF7_24H_X1_B17,1.0,1.0,1.0,phase2_mcf7,raw_mean_consensus
BRD-K85606544,LJP005_MCF7_24H_X1_B17,1.0,1.0,1.0,phase2_mcf7,raw_mean_consensus
BRD-K87737963,LJP005_MCF7_24H_X1_B17,0.25,0.0,1.0,phase2_mcf7,raw_mean_consensus
BRD-A39996500,LJP005_MCF7_24H_X2_B17,1.0,1.0,1.0,phase2_mcf7,raw_mean_consensus
BRD-K02708799,LJP005_MCF7_24H_X2_B17,0.02702702702702703,0.0,0.0,phase2_mcf7,raw_mean_consensus
BRD-K04887706,LJP005_MCF7_24H_X2_B17,0.08333333333333333,0.0,0.0,phase2_mcf7,raw_mean_consensus
BRD-K07691486,LJP005_MCF7_24H_X2_B17,1.0,1.0,1.0,phase2_mcf7,raw_mean_consensus
BRD-K08799216,LJP005_MCF7_24H_X2_B17,1.0,1.0,1.0,phase2_mcf7,raw_mean_consensus
BRD-K12184916,LJP005_MCF7_24H_X2_B17,0.1111111111111111,0.0,0.0,phase2_mcf7,raw_mean_consensus
BRD-K37687095,LJP005_MCF7_24H_X2_B17,0.3333333333333333,0.0,1.0,phase2_mcf7,raw_mean_consensus
BRD-K49328571,LJP005_MCF7_24H_X2_B17,0.038461538461538464,0.0,0.0,phase2_mcf7,raw_mean_consensus
BRD-K49865102,LJP005_MCF7_24H_X2_B17,0.16666666666666666,0.0,0.0,phase2_mcf7,raw_mean_consensus
BRD-K70401845,LJP005_MCF7_24H_X2_B17,0.02564102564102564,0.0,0.0,phase2_mcf7,raw_mean_consensus
BRD-K76908866,LJP005_MCF7_24H_X2_B17,0.05555555555555555,0.0,0.0,phase2_mcf7,raw_mean_consensus
BRD-K79090631,LJP005_MCF7_24H_X2_B17,1.0,1.0,1.0,phase2_mcf7,raw_mean_consensus
BRD-K79404599,LJP005_MCF7_24H_X2_B17,0.25,0.0,1.0,phase2_mcf7,raw_mean_consensus
BRD-K81528515,LJP005_MCF7_24H_X2_B17,1.0,1.0,1.0,phase2_mcf7,raw_mean_consensus
BRD-K85606544,LJP005_MCF7_24H_X2_B17,0.3333333333333333,0.0,1.0,phase2_mcf7,raw_mean_consensus
BRD-K87737963,LJP005_MCF7_24H_X2_B17,1.0,1.0,1.0,phase2_mcf7,raw_mean_consensus
BRD-A39996500,LJP005_MCF7_24H_X3_B17,1.0,1.0,1.0,phase2_mcf7,raw_mean_consensus
BRD-K02708799,LJP005_MCF7_24H_X3_B17,0.020833333333333332,0.0,0.0,phase2_mcf7,raw_mean_consensus
BRD-K03449891,LJP005_MCF7_24H_X3_B17,0.041666666666666664,0.0,0.0,phase2_mcf7,raw_mean_consensus
BRD-K04887706,LJP005_MCF7_24H_X3_B17,0.125,0.0,0.0,phase2_mcf7,raw_mean_consensus
BRD-K07691486,LJP005_MCF7_24H_X3_B17,0.3333333333333333,0.0,1.0,phase2_mcf7,raw_mean_consensus
BRD-K08799216,LJP005_MCF7_24H_X3_B17,1.0,1.0,1.0,phase2_mcf7,raw_mean_consensus
BRD-K12184916,LJP005_MCF7_24H_X3_B17,0.2,0.0,1.0,phase2_mcf7,raw_mean_consensus
BRD-K37687095,LJP005_MCF7_24H_X3_B17,0.3333333333333333,0.0,1.0,phase2_mcf7,raw_mean_consensus
BRD-K42191735,LJP005_MCF7_24H_X3_B17,0.5,0.0,1.0,phase2_mcf7,raw_mean_consensus
BRD-K49328571,LJP005_MCF7_24H_X3_B17,0.058823529411764705,0.0,0.0,phase2_mcf7,raw_mean_consensus
BRD-K49865102,LJP005_MCF7_24H_X3_B17,0.04,0.0,0.0,phase2_mcf7,raw_mean_consensus
BRD-K70401845,LJP005_MCF7_24H_X3_B17,0.020833333333333332,0.0,0.0,phase2_mcf7,raw_mean_consensus
BRD-K76908866,LJP005_MCF7_24H_X3_B17,0.04,0.0,0.0,phase2_mcf7,raw_mean_consensus
BRD-K79090631,LJP005_MCF7_24H_X3_B17,1.0,1.0,1.0,phase2_mcf7,raw_mean_consensus
BRD-K79404599,LJP005_MCF7_24H_X3_B17,0.027777777777777776,0.0,0.0,phase2_mcf7,raw_mean_consensus
BRD-K81528515,LJP005_MCF7_24H_X3_B17,1.0,1.0,1.0,phase2_mcf7,raw_mean_consensus
BRD-K85606544,LJP005_MCF7_24H_X3_B17,1.0,1.0,1.0,phase2_mcf7,raw_mean_consensus
BRD-K87737963,LJP005_MCF7_24H_X3_B17,1.0,1.0,1.0,phase2_mcf7,raw_mean_consensus
BRD-A39996500,LJP005_MCF7_24H_X4_B19,1.0,1.0,1.0,phase2_mcf7,raw_mean_consensus
BRD-K02708799,LJP005_MCF7_24H_X4_B19,0.02857142857142857,0.0,0.0,phase2_mcf7,raw_mean_consensus
BRD-K03449891,LJP005_MCF7_24H_X4_B19,0.3333333333333333,0.0,1.0,phase2_mcf7,raw_mean_consensus
BRD-K04887706,LJP005_MCF7_24H_X4_B19,0.030303030303030304,0.0,0.0,phase2_mcf7,raw_mean_consensus
BRD-K07691486,LJP005_MCF7_24H_X4_B19,0.3333333333333333,0.0,1.0,phase2_mcf7,raw_mean_consensus
BRD-K08799216,LJP005_MCF7_24H_X4_B19,0.5,0.0,1.0,phase2_mcf7,raw_mean_consensus
BRD-K12184916,LJP005_MCF7_24H_X4_B19,0.023809523809523808,0.0,0.0,phase2_mcf7,raw_mean_consensus
BRD-K37687095,LJP005_MCF7_24H_X4_B19,0.027777777777777776,0.0,0.0,phase2_mcf7,raw_mean_consensus
BRD-K42191735,LJP005_MCF7_24H_X4_B19,0.5,0.0,1.0,phase2_mcf7,raw_mean_consensus
BRD-K49328571,LJP005_MCF7_24H_X4_B19,0.03571428571428571,0.0,0.0,phase2_mcf7,raw_mean_consensus
BRD-K49865102,LJP005_MCF7_24H_X4_B19,0.02857142857142857,0.0,0.0,phase2_mcf7,raw_mean_consensus
BRD-K70401845,LJP005_MCF7_24H_X4_B19,1.0,1.0,1.0,phase2_mcf7,raw_mean_consensus
BRD-K76908866,LJP005_MCF7_24H_X4_B19,0.037037037037037035,0.0,0.0,phase2_mcf7,raw_mean_consensus
BRD-K79090631,LJP005_MCF7_24H_X4_B19,0.038461538461538464,0.0,0.0,phase2_mcf7,raw_mean_consensus
BRD-K79404599,LJP005_MCF7_24H_X4_B19,0.09090909090909091,0.0,0.0,phase2_mcf7,raw_mean_consensus
BRD-K81528515,LJP005_MCF7_24H_X4_B19,0.3333333333333333,0.0,1.0,phase2_mcf7,raw_mean_consensus
BRD-K85606544,LJP005_MCF7_24H_X4_B19,0.0136986301369863,0.0,0.0,phase2_mcf7,raw_mean_consensus
BRD-K87737963,LJP005_MCF7_24H_X4_B19,0.125,0.0,0.0,phase2_mcf7,raw_mean_consensus
BRD-A39996500,LJP006_MCF7_24H_X1_B17,1.0,1.0,1.0,phase2_mcf7,raw_mean_consensus
BRD-K02708799,LJP006_MCF7_24H_X1_B17,0.07692307692307693,0.0,0.0,phase2_mcf7,raw_mean_consensus
BRD-K13390322,LJP006_MCF7_24H_X1_B17,0.5,0.0,1.0,phase2_mcf7,raw_mean_consensus
BRD-K19687926,LJP006_MCF7_24H_X1_B17,0.037037037037037035,0.0,0.0,phase2_mcf7,raw_mean_consensus
BRD-K20285085,LJP006_MCF7_24H_X1_B17,0.03333333333333333,0.0,0.0,phase2_mcf7,raw_mean_consensus
BRD-K23984367,LJP006_MCF7_24H_X1_B17,0.25,0.0,1.0,phase2_mcf7,raw_mean_consensus
BRD-K40175214,LJP006_MCF7_24H_X1_B17,1.0,1.0,1.0,phase2_mcf7,raw_mean_consensus
BRD-K41895714,LJP006_MCF7_24H_X1_B17,0.0625,0.0,0.0,phase2_mcf7,raw_mean_consensus
BRD-K49075727,LJP006_MCF7_24H_X1_B17,1.0,1.0,1.0,phase2_mcf7,raw_mean_consensus
BRD-K49328571,LJP006_MCF7_24H_X1_B17,0.018867924528301886,0.0,0.0,phase2_mcf7,raw_mean_consensus
BRD-K49865102,LJP006_MCF7_24H_X1_B17,0.015625,0.0,0.0,phase2_mcf7,raw_mean_consensus
BRD-K50168500,LJP006_MCF7_24H_X1_B17,0.034482758620689655,0.0,0.0,phase2_mcf7,raw_mean_consensus
BRD-K51313569,LJP006_MCF7_24H_X1_B17,0.2,0.0,1.0,phase2_mcf7,raw_mean_consensus
BRD-K52911425,LJP006_MCF7_24H_X1_B17,1.0,1.0,1.0,phase2_mcf7,raw_mean_consensus
BRD-K56751279,LJP006_MCF7_24H_X1_B17,0.013513513513513514,0.0,0.0,phase2_mcf7,raw_mean_consensus
BRD-K57080016,LJP006_MCF7_24H_X1_B17,0.3333333333333333,0.0,1.0,phase2_mcf7,raw_mean_consensus
BRD-K64800655,LJP006_MCF7_24H_X1_B17,1.0,1.0,1.0,phase2_mcf7,raw_mean_consensus
BRD-K67868012,LJP006_MCF7_24H_X1_B17,0.25,0.0,1.0,phase2_mcf7,raw_mean_consensus
BRD-K68065987,LJP006_MCF7_24H_X1_B17,0.06666666666666667,0.0,0.0,phase2_mcf7,raw_mean_consensus
BRD-K72414522,LJP006_MCF7_24H_X1_B17,0.25,0.0,1.0,phase2_mcf7,raw_mean_consensus
BRD-K79090631,LJP006_MCF7_24H_X1_B17,1.0,1.0,1.0,phase2_mcf7,raw_mean_consensus
BRD-K99545815,LJP006_MCF7_24H_X1_B17,0.3333333333333333,0.0,1.0,phase2_mcf7,raw_mean_consensus
BRD-K99749624,LJP006_MCF7_24H_X1_B17,1.0,1.0,1.0,phase2_mcf7,raw_mean_consensus
BRD-A39996500,LJP006_MCF7_24H_X2_B17,1.0,1.0,1.0,phase2_mcf7,raw_mean_consensus
BRD-K02708799,LJP006_MCF7_24H_X2_B17,0.022222222222222223,0.0,0.0,phase2_mcf7,raw_mean_consensus
BRD-K13390322,LJP006_MCF7_24H_X2_B17,0.058823529411764705,0.0,0.0,phase2_mcf7,raw_mean_consensus
BRD-K19687926,LJP006_MCF7_24H_X2_B17,1.0,1.0,1.0,phase2_mcf7,raw_mean_consensus
BRD-K20285085,LJP006_MCF7_24H_X2_B17,1.0,1.0,1.0,phase2_mcf7,raw_mean_consensus
BRD-K23984367,LJP006_MCF7_24H_X2_B17,1.0,1.0,1.0,phase2_mcf7,raw_mean_consensus
BRD-K40175214,LJP006_MCF7_24H_X2_B17,0.1,0.0,0.0,phase2_mcf7,raw_mean_consensus
BRD-K41895714,LJP006_MCF7_24H_X2_B17,1.0,1.0,1.0,phase2_mcf7,raw_mean_consensus
BRD-K49075727,LJP006_MCF7_24H_X2_B17,0.0625,0.0,0.0,phase2_mcf7,raw_mean_consensus
BRD-K49328571,LJP006_MCF7_24H_X2_B17,0.07692307692307693,0.0,0.0,phase2_mcf7,raw_mean_consensus
BRD-K49865102,LJP006_MCF7_24H_X2_B17,0.025,0.0,0.0,phase2_mcf7,raw_mean_consensus
BRD-K50168500,LJP006_MCF7_24H_X2_B17,0.03225806451612903,0.0,0.0,phase2_mcf7,raw_mean_consensus
BRD-K51313569,LJP006_MCF7_24H_X2_B17,0.025,0.0,0.0,phase2_mcf7,raw_mean_consensus
BRD-K52911425,LJP006_MCF7_24H_X2_B17,0.02631578947368421,0.0,0.0,phase2_mcf7,raw_mean_consensus
BRD-K56751279,LJP006_MCF7_24H_X2_B17,0.03571428571428571,0.0,0.0,phase2_mcf7,raw_mean_consensus
BRD-K57080016,LJP006_MCF7_24H_X2_B17,0.043478260869565216,0.0,0.0,phase2_mcf7,raw_mean_consensus
BRD-K64800655,LJP006_MCF7_24H_X2_B17,1.0,1.0,1.0,phase2_mcf7,raw_mean_consensus
BRD-K67868012,LJP006_MCF7_24H_X2_B17,0.16666666666666666,0.0,0.0,phase2_mcf7,raw_mean_consensus
BRD-K68065987,LJP006_MCF7_24H_X2_B17,1.0,1.0,1.0,phase2_mcf7,raw_mean_consensus
BRD-K72414522,LJP006_MCF7_24H_X2_B17,0.09090909090909091,0.0,0.0,phase2_mcf7,raw_mean_consensus
BRD-K79090631,LJP006_MCF7_24H_X2_B17,1.0,1.0,1.0,phase2_mcf7,raw_mean_consensus
BRD-K99545815,LJP006_MCF7_24H_X2_B17,0.3333333333333333,0.0,1.0,phase2_mcf7,raw_mean_consensus
BRD-K99749624,LJP006_MCF7_24H_X2_B17,1.0,1.0,1.0,phase2_mcf7,raw_mean_consensus
BRD-A39996500,LJP006_MCF7_24H_X3_B17,1.0,1.0,1.0,phase2_mcf7,raw_mean_consensus
BRD-K02708799,LJP006_MCF7_24H_X3_B17,0.02702702702702703,0.0,0.0,phase2_mcf7,raw_mean_consensus
BRD-K13390322,LJP006_MCF7_24H_X3_B17,0.2,0.0,1.0,phase2_mcf7,raw_mean_consensus
BRD-K19687926,LJP006_MCF7_24H_X3_B17,0.3333333333333333,0.0,1.0,phase2_mcf7,raw_mean_consensus
BRD-K20285085,LJP006_MCF7_24H_X3_B17,0.07692307692307693,0.0,0.0,phase2_mcf7,raw_mean_consensus
BRD-K23984367,LJP006_MCF7_24H_X3_B17,0.2,0.0,1.0,phase2_mcf7,raw_mean_consensus
BRD-K40175214,LJP006_MCF7_24H_X3_B17,1.0,1.0,1.0,phase2_mcf7,raw_mean_consensus
BRD-K41895714,LJP006_MCF7_24H_X3_B17,0.5,0.0,1.0,phase2_mcf7,raw_mean_consensus
BRD-K49075727,LJP006_MCF7_24H_X3_B17,0.05,0.0,0.0,phase2_mcf7,raw_mean_consensus
BRD-K49328571,LJP006_MCF7_24H_X3_B17,1.0,1.0,1.0,phase2_mcf7,raw_mean_consensus
BRD-K49865102,LJP006_MCF7_24H_X3_B17,1.0,1.0,1.0,phase2_mcf7,raw_mean_consensus
BRD-K50168500,LJP006_MCF7_24H_X3_B17,1.0,1.0,1.0,phase2_mcf7,raw_mean_consensus
BRD-K51313569,LJP006_MCF7_24H_X3_B17,1.0,1.0,1.0,phase2_mcf7,raw_mean_consensus
BRD-K52911425,LJP006_MCF7_24H_X3_B17,0.16666666666666666,0.0,0.0,phase2_mcf7,raw_mean_consensus
BRD-K56751279,LJP006_MCF7_24H_X3_B17,0.16666666666666666,0.0,0.0,phase2_mcf7,raw_mean_consensus
BRD-K57080016,LJP006_MCF7_24H_X3_B17,0.07692307692307693,0.0,0.0,phase2_mcf7,raw_mean_consensus
BRD-K64800655,LJP006_MCF7_24H_X3_B17,1.0,1.0,1.0,phase2_mcf7,raw_mean_consensus
BRD-K67868012,LJP006_MCF7_24H_X3_B17,0.16666666666666666,0.0,0.0,phase2_mcf7,raw_mean_consensus
BRD-K68065987,LJP006_MCF7_24H_X3_B17,1.0,1.0,1.0,phase2_mcf7,raw_mean_consensus
BRD-K72414522,LJP006_MCF7_24H_X3_B17,0.09090909090909091,0.0,0.0,phase2_mcf7,raw_mean_consensus
BRD-K79090631,LJP006_MCF7_24H_X3_B17,1.0,1.0,1.0,phase2_mcf7,raw_mean_consensus
BRD-K99545815,LJP006_MCF7_24H_X3_B17,1.0,1.0,1.0,phase2_mcf7,raw_mean_consensus
BRD-K99749624,LJP006_MCF7_24H_X3_B17,1.0,1.0,1.0,phase2_mcf7,raw_mean_consensus
BRD-A39996500,LJP006_MCF7_24H_X4_B19,0.14285714285714285,0.0,0.0,phase2_mcf7,raw_mean_consensus
BRD-K02708799,LJP006_MCF7_24H_X4_B19,0.05263157894736842,0.0,0.0,phase2_mcf7,raw_mean_consensus
BRD-K13390322,LJP006_MCF7_24H_X4_B19,0.16666666666666666,0.0,0.0,phase2_mcf7,raw_mean_consensus
BRD-K19687926,LJP006_MCF7_24H_X4_B19,0.05555555555555555,0.0,0.0,phase2_mcf7,raw_mean_consensus
BRD-K20285085,LJP006_MCF7_24H_X4_B19,0.05555555555555555,0.0,0.0,phase2_mcf7,raw_mean_consensus
BRD-K23984367,LJP006_MCF7_24H_X4_B19,0.02857142857142857,0.0,0.0,phase2_mcf7,raw_mean_consensus
BRD-K40175214,LJP006_MCF7_24H_X4_B19,1.0,1.0,1.0,phase2_mcf7,raw_mean_consensus
BRD-K41895714,LJP006_MCF7_24H_X4_B19,0.015873015873015872,0.0,0.0,phase2_mcf7,raw_mean_consensus
BRD-K49075727,LJP006_MCF7_24H_X4_B19,0.014705882352941176,0.0,0.0,phase2_mcf7,raw_mean_consensus
BRD-K49328571,LJP006_MCF7_24H_X4_B19,1.0,1.0,1.0,phase2_mcf7,raw_mean_consensus
BRD-K49865102,LJP006_MCF7_24H_X4_B19,0.01639344262295082,0.0,0.0,phase2_mcf7,raw_mean_consensus
BRD-K50168500,LJP006_MCF7_24H_X4_B19,0.3333333333333333,0.0,1.0,phase2_mcf7,raw_mean_consensus
BRD-K51313569,LJP006_MCF7_24H_X4_B19,1.0,1.0,1.0,phase2_mcf7,raw_mean_consensus
BRD-K52911425,LJP006_MCF7_24H_X4_B19,0.1111111111111111,0.0,0.0,phase2_mcf7,raw_mean_consensus
BRD-K57080016,LJP006_MCF7_24H_X4_B19,0.09090909090909091,0.0,0.0,phase2_mcf7,raw_mean_consensus
BRD-K64800655,LJP006_MCF7_24H_X4_B19,0.5,0.0,1.0,phase2_mcf7,raw_mean_consensus
BRD-K67868012,LJP006_MCF7_24H_X4_B19,0.038461538461538464,0.0,0.0,phase2_mcf7,raw_mean_consensus
BRD-K68065987,LJP006_MCF7_24H_X4_B19,1.0,1.0,1.0,phase2_mcf7,raw_mean_consensus
BRD-K72414522,LJP006_MCF7_24H_X4_B19,0.2,0.0,1.0,phase2_mcf7,raw_mean_consensus
BRD-K79090631,LJP006_MCF7_24H_X4_B19,1.0,1.0,1.0,phase2_mcf7,raw_mean_consensus
BRD-K99545815,LJP006_MCF7_24H_X4_B19,0.14285714285714285,0.0,0.0,phase2_mcf7,raw_mean_consensus
BRD-K99749624,LJP006_MCF7_24H_X4_B19,1.0,1.0,1.0,phase2_mcf7,raw_mean_consensus
BRD-A61304759,LJP007_MCF7_24H_X1_B20,1.0,1.0,1.0,phase2_mcf7,raw_mean_consensus
BRD-K02708799,LJP007_MCF7_24H_X1_B20,1.0,1.0,1.0,phase2_mcf7,raw_mean_consensus
BRD-K05804044,LJP007_MCF7_24H_X1_B20,0.5,0.0,1.0,phase2_mcf7,raw_mean_consensus
BRD-K13662825,LJP007_MCF7_24H_X1_B20,1.0,1.0,1.0,phase2_mcf7,raw_mean_consensus
BRD-K21718444,LJP007_MCF7_24H_X1_B20,0.3333333333333333,0.0,1.0,phase2_mcf7,raw_mean_consensus
BRD-K28392481,LJP007_MCF7_24H_X1_B20,0.038461538461538464,0.0,0.0,phase2_mcf7,raw_mean_consensus
BRD-K33379087,LJP007_MCF7_24H_X1_B20,0.05555555555555555,0.0,0.0,phase2_mcf7,raw_mean_consensus
BRD-K40738845,LJP007_MCF7_24H_X1_B20,0.25,0.0,1.0,phase2_mcf7,raw_mean_consensus
BRD-K42805893,LJP007_MCF7_24H_X1_B20,1.0,1.0,1.0,phase2_mcf7,raw_mean_consensus
BRD-K49328571,LJP007_MCF7_24H_X1_B20,0.07692307692307693,0.0,0.0,phase2_mcf7,raw_mean_consensus
BRD-K49865102,LJP007_MCF7_24H_X1_B20,0.014285714285714285,0.0,0.0,phase2_mcf7,raw_mean_consensus
BRD-K51544265,LJP007_MCF7_24H_X1_B20,0.034482758620689655,0.0,0.0,phase2_mcf7,raw_mean_consensus
BRD-K53414658,LJP007_MCF7_24H_X1_B20,0.2,0.0,1.0,phase2_mcf7,raw_mean_consensus
BRD-K53417444,LJP007_MCF7_24H_X1_B20,1.0,1.0,1.0,phase2_mcf7,raw_mean_consensus
BRD-K57169635,LJP007_MCF7_24H_X1_B20,0.25,0.0,1.0,phase2_mcf7,raw_mean_consensus
BRD-K59317601,LJP007_MCF7_24H_X1_B20,1.0,1.0,1.0,phase2_mcf7,raw_mean_consensus
BRD-K60866521,LJP007_MCF7_24H_X1_B20,0.05,0.0,0.0,phase2_mcf7,raw_mean_consensus
BRD-K66538826,LJP007_MCF7_24H_X1_B20,0.05263157894736842,0.0,0.0,phase2_mcf7,raw_mean_consensus
BRD-K71035033,LJP007_MCF7_24H_X1_B20,0.3333333333333333,0.0,1.0,phase2_mcf7,raw_mean_consensus
BRD-K74065929,LJP007_MCF7_24H_X1_B20,0.01282051282051282,0.0,0.0,phase2_mcf7,raw_mean_consensus
BRD-K74514084,LJP007_MCF7_24H_X1_B20,0.02564102564102564,0.0,0.0,phase2_mcf7,raw_mean_consensus
BRD-K77625799,LJP007_MCF7_24H_X1_B20,0.025,0.0,0.0,phase2_mcf7,raw_mean_consensus
BRD-K79090631,LJP007_MCF7_24H_X1_B20,0.5,0.0,1.0,phase2_mcf7,raw_mean_consensus
BRD-K80700417,LJP007_MCF7_24H_X1_B20,1.0,1.0,1.0,phase2_mcf7,raw_mean_consensus
BRD-K93918653,LJP007_MCF7_24H_X1_B20,1.0,1.0,1.0,phase2_mcf7,raw_mean_consensus
BRD-K99964838,LJP007_MCF7_24H_X1_B20,0.16666666666666666,0.0,0.0,phase2_mcf7,raw_mean_consensus
BRD-A61304759,LJP007_MCF7_24H_X2_B20,1.0,1.0,1.0,phase2_mcf7,raw_mean_consensus
BRD-K02708799,LJP007_MCF7_24H_X2_B20,0.07142857142857142,0.0,0.0,phase2_mcf7,raw_mean_consensus
BRD-K05804044,LJP007_MCF7_24H_X2_B20,0.1,0.0,0.0,phase2_mcf7,raw_mean_consensus
BRD-K13662825,LJP007_MCF7_24H_X2_B20,1.0,1.0,1.0,phase2_mcf7,raw_mean_consensus
BRD-K21718444,LJP007_MCF7_24H_X2_B20,0.1,0.0,0.0,phase2_mcf7,raw_mean_consensus
BRD-K28392481,LJP007_MCF7_24H_X2_B20,0.05263157894736842,0.0,0.0,phase2_mcf7,raw_mean_consensus
BRD-K33379087,LJP007_MCF7_24H_X2_B20,0.5,0.0,1.0,phase2_mcf7,raw_mean_consensus
BRD-K40738845,LJP007_MCF7_24H_X2_B20,0.043478260869565216,0.0,0.0,phase2_mcf7,raw_mean_consensus
BRD-K42805893,LJP007_MCF7_24H_X2_B20,1.0,1.0,1.0,phase2_mcf7,raw_mean_consensus
BRD-K49328571,LJP007_MCF7_24H_X2_B20,0.05555555555555555,0.0,0.0,phase2_mcf7,raw_mean_consensus
BRD-K49865102,LJP007_MCF7_24H_X2_B20,0.2,0.0,1.0,phase2_mcf7,raw_mean_consensus
BRD-K51544265,LJP007_MCF7_24H_X2_B20,1.0,1.0,1.0,phase2_mcf7,raw_mean_consensus
BRD-K53414658,LJP007_MCF7_24H_X2_B20,0.14285714285714285,0.0,0.0,phase2_mcf7,raw_mean_consensus
BRD-K53417444,LJP007_MCF7_24H_X2_B20,0.5,0.0,1.0,phase2_mcf7,raw_mean_consensus
BRD-K57169635,LJP007_MCF7_24H_X2_B20,1.0,1.0,1.0,phase2_mcf7,raw_mean_consensus
BRD-K59317601,LJP007_MCF7_24H_X2_B20,1.0,1.0,1.0,phase2_mcf7,raw_mean_consensus
BRD-K60866521,LJP007_MCF7_24H_X2_B20,0.125,0.0,0.0,phase2_mcf7,raw_mean_consensus
BRD-K66538826,LJP007_MCF7_24H_X2_B20,0.03333333333333333,0.0,0.0,phase2_mcf7,raw_mean_consensus
BRD-K71035033,LJP007_MCF7_24H_X2_B20,0.05263157894736842,0.0,0.0,phase2_mcf7,raw_mean_consensus
BRD-K74065929,LJP007_MCF7_24H_X2_B20,1.0,1.0,1.0,phase2_mcf7,raw_mean_consensus
BRD-K74514084,LJP007_MCF7_24H_X2_B20,0.047619047619047616,0.0,0.0,phase2_mcf7,raw_mean_consensus
BRD-K77625799,LJP007_MCF7_24H_X2_B20,0.5,0.0,1.0,phase2_mcf7,raw_mean_consensus
BRD-K79090631,LJP007_MCF7_24H_X2_B20,1.0,1.0,1.0,phase2_mcf7,raw_mean_consensus
BRD-K80700417,LJP007_MCF7_24H_X2_B20,0.5,0.0,1.0,phase2_mcf7,raw_mean_consensus
BRD-K93918653,LJP007_MCF7_24H_X2_B20,0.1111111111111111,0.0,0.0,phase2_mcf7,raw_mean_consensus
BRD-K99964838,LJP007_MCF7_24H_X2_B20,1.0,1.0,1.0,phase2_mcf7,raw_mean_consensus
BRD-A61304759,LJP007_MCF7_24H_X3_B20,1.0,1.0,1.0,phase2_mcf7,raw_mean_consensus
BRD-K02708799,LJP007_MCF7_24H_X3_B20,1.0,1.0,1.0,phase2_mcf7,raw_mean_consensus
BRD-K05804044,LJP007_MCF7_24H_X3_B20,0.5,0.0,1.0,phase2_mcf7,raw_mean_consensus
BRD-K13662825,LJP007_MCF7_24H_X3_B20,1.0,1.0,1.0,phase2_mcf7,raw_mean_consensus
BRD-K21718444,LJP007_MCF7_24H_X3_B20,0.5,0.0,1.0,phase2_mcf7,raw_mean_consensus
BRD-K28392481,LJP007_MCF7_24H_X3_B20,0.5,0.0,1.0,phase2_mcf7,raw_mean_consensus
BRD-K33379087,LJP007_MCF7_24H_X3_B20,0.5,0.0,1.0,phase2_mcf7,raw_mean_consensus
BRD-K40738845,LJP007_MCF7_24H_X3_B20,0.3333333333333333,0.0,1.0,phase2_mcf7,raw_mean_consensus
BRD-K42805893,LJP007_MCF7_24H_X3_B20,1.0,1.0,1.0,phase2_mcf7,raw_mean_consensus
BRD-K49328571,LJP007_MCF7_24H_X3_B20,1.0,1.0,1.0,phase2_mcf7,raw_mean_consensus
BRD-K49865102,LJP007_MCF7_24H_X3_B20,0.16666666666666666,0.0,0.0,phase2_mcf7,raw_mean_consensus
BRD-K51544265,LJP007_MCF7_24H_X3_B20,1.0,1.0,1.0,phase2_mcf7,raw_mean_consensus
BRD-K53414658,LJP007_MCF7_24H_X3_B20,0.25,0.0,1.0,phase2_mcf7,raw_mean_consensus
BRD-K53417444,LJP007_MCF7_24H_X3_B20,0.3333333333333333,0.0,1.0,phase2_mcf7,raw_mean_consensus
BRD-K57169635,LJP007_MCF7_24H_X3_B20,1.0,1.0,1.0,phase2_mcf7,raw_mean_consensus
BRD-K59317601,LJP007_MCF7_24H_X3_B20,1.0,1.0,1.0,phase2_mcf7,raw_mean_consensus
BRD-K60866521,LJP007_MCF7_24H_X3_B20,1.0,1.0,1.0,phase2_mcf7,raw_mean_consensus
BRD-K66538826,LJP007_MCF7_24H_X3_B20,0.034482758620689655,0.0,0.0,phase2_mcf7,raw_mean_consensus
BRD-K71035033,LJP007_MCF7_24H_X3_B20,0.25,0.0,1.0,phase2_mcf7,raw_mean_consensus
BRD-K74065929,LJP007_MCF7_24H_X3_B20,0.5,0.0,1.0,phase2_mcf7,raw_mean_consensus
BRD-K74514084,LJP007_MCF7_24H_X3_B20,0.029411764705882353,0.0,0.0,phase2_mcf7,raw_mean_consensus
BRD-K77625799,LJP007_MCF7_24H_X3_B20,0.05263157894736842,0.0,0.0,phase2_mcf7,raw_mean_consensus
BRD-K79090631,LJP007_MCF7_24H_X3_B20,0.5,0.0,1.0,phase2_mcf7,raw_mean_consensus
BRD-K80700417,LJP007_MCF7_24H_X3_B20,1.0,1.0,1.0,phase2_mcf7,raw_mean_consensus
BRD-K93918653,LJP007_MCF7_24H_X3_B20,0.06666666666666667,0.0,0.0,phase2_mcf7,raw_mean_consensus
BRD-K99964838,LJP007_MCF7_24H_X3_B20,0.05,0.0,0.0,phase2_mcf7,raw_mean_consensus
BRD-A58280226,LJP008_MCF7_24H_X1_B20,1.0,1.0,1.0,phase2_mcf7,raw_mean_consensus
BRD-A61304759,LJP008_MCF7_24H_X1_B20,1.0,1.0,1.0,phase2_mcf7,raw_mean_consensus
BRD-K02113016,LJP008_MCF7_24H_X1_B20,0.3333333333333333,0.0,1.0,phase2_mcf7,raw_mean_consensus
BRD-K02708799,LJP008_MCF7_24H_X1_B20,0.5,0.0,1.0,phase2_mcf7,raw_mean_consensus
BRD-K08109215,LJP008_MCF7_24H_X1_B20,1.0,1.0,1.0,phase2_mcf7,raw_mean_consensus
BRD-K11153516,LJP008_MCF7_24H_X1_B20,1.0,1.0,1.0,phase2_mcf7,raw_mean_consensus
BRD-K12787259,LJP008_MCF7_24H_X1_B20,1.0,1.0,1.0,phase2_mcf7,raw_mean_consensus
BRD-K17743125,LJP008_MCF7_24H_X1_B20,1.0,1.0,1.0,phase2_mcf7,raw_mean_consensus
BRD-K36740062,LJP008_MCF7_24H_X1_B20,1.0,1.0,1.0,phase2_mcf7,raw_mean_consensus
BRD-K49328571,LJP008_MCF7_24H_X1_B20,0.022222222222222223,0.0,0.0,phase2_mcf7,raw_mean_consensus
BRD-K49865102,LJP008_MCF7_24H_X1_B20,0.25,0.0,1.0,phase2_mcf7,raw_mean_consensus
BRD-K54256913,LJP008_MCF7_24H_X1_B20,1.0,1.0,1.0,phase2_mcf7,raw_mean_consensus
BRD-K56301217,LJP008_MCF7_24H_X1_B20,0.02,0.0,0.0,phase2_mcf7,raw_mean_consensus
BRD-K77908580,LJP008_MCF7_24H_X1_B20,1.0,1.0,1.0,phase2_mcf7,raw_mean_consensus
BRD-K79090631,LJP008_MCF7_24H_X1_B20,1.0,1.0,1.0,phase2_mcf7,raw_mean_consensus
BRD-K79254416,LJP008_MCF7_24H_X1_B20,0.07692307692307693,0.0,0.0,phase2_mcf7,raw_mean_consensus
BRD-K82928847,LJP008_MCF7_24H_X1_B20,0.5,0.0,1.0,phase2_mcf7,raw_mean_consensus
BRD-K87142802,LJP008_MCF7_24H_X1_B20,1.0,1.0,1.0,phase2_mcf7,raw_mean_consensus
BRD-K92428232,LJP008_MCF7_24H_X1_B20,0.5,0.0,1.0,phase2_mcf7,raw_mean_consensus
BRD-A58280226,LJP008_MCF7_24H_X2_B20,1.0,1.0,1.0,phase2_mcf7,raw_mean_consensus
BRD-A61304759,LJP008_MCF7_24H_X2_B20,1.0,1.0,1.0,phase2_mcf7,raw_mean_consensus
BRD-K02113016,LJP008_MCF7_24H_X2_B20,0.3333333333333333,0.0,1.0,phase2_mcf7,raw_mean_consensus
BRD-K02708799,LJP008_MCF7_24H_X2_B20,1.0,1.0,1.0,phase2_mcf7,raw_mean_consensus
BRD-K08109215,LJP008_MCF7_24H_X2_B20,1.0,1.0,1.0,phase2_mcf7,raw_mean_consensus
BRD-K11153516,LJP008_MCF7_24H_X2_B20,1.0,1.0,1.0,phase2_mcf7,raw_mean_consensus
BRD-K12787259,LJP008_MCF7_24H_X2_B20,1.0,1.0,1.0,phase2_mcf7,raw_mean_consensus
BRD-K17743125,LJP008_MCF7_24H_X2_B20,1.0,1.0,1.0,phase2_mcf7,raw_mean_consensus
BRD-K36740062,LJP008_MCF7_24H_X2_B20,0.1,0.0,0.0,phase2_mcf7,raw_mean_consensus
BRD-K49328571,LJP008_MCF7_24H_X2_B20,0.045454545454545456,0.0,0.0,phase2_mcf7,raw_mean_consensus
BRD-K49865102,LJP008_MCF7_24H_X2_B20,0.06666666666666667,0.0,0.0,phase2_mcf7,raw_mean_consensus
BRD-K54256913,LJP008_MCF7_24H_X2_B20,1.0,1.0,1.0,phase2_mcf7,raw_mean_consensus
BRD-K56301217,LJP008_MCF7_24H_X2_B20,0.043478260869565216,0.0,0.0,phase2_mcf7,raw_mean_consensus
BRD-K77908580,LJP008_MCF7_24H_X2_B20,1.0,1.0,1.0,phase2_mcf7,raw_mean_consensus
BRD-K79090631,LJP008_MCF7_24H_X2_B20,0.16666666666666666,0.0,0.0,phase2_mcf7,raw_mean_consensus
BRD-K79254416,LJP008_MCF7_24H_X2_B20,0.04,0.0,0.0,phase2_mcf7,raw_mean_consensus
BRD-K82928847,LJP008_MCF7_24H_X2_B20,1.0,1.0,1.0,phase2_mcf7,raw_mean_consensus
BRD-K87142802,LJP008_MCF7_24H_X2_B20,0.02,0.0,0.0,phase2_mcf7,raw_mean_consensus
BRD-K92428232,LJP008_MCF7_24H_X2_B20,1.0,1.0,1.0,phase2_mcf7,raw_mean_consensus
BRD-A58280226,LJP008_MCF7_24H_X3_B20,0.02127659574468085,0.0,0.0,phase2_mcf7,raw_mean_consensus
BRD-A61304759,LJP008_MCF7_24H_X3_B20,1.0,1.0,1.0,phase2_mcf7,raw_mean_consensus
BRD-K02113016,LJP008_MCF7_24H_X3_B20,0.030303030303030304,0.0,0.0,phase2_mcf7,raw_mean_consensus
BRD-K02708799,LJP008_MCF7_24H_X3_B20,1.0,1.0,1.0,phase2_mcf7,raw_mean_consensus
BRD-K08109215,LJP008_MCF7_24H_X3_B20,1.0,1.0,1.0,phase2_mcf7,raw_mean_consensus
BRD-K11153516,LJP008_MCF7_24H_X3_B20,0.012658227848101266,0.0,0.0,phase2_mcf7,raw_mean_consensus
BRD-K12787259,LJP008_MCF7_24H_X3_B20,1.0,1.0,1.0,phase2_mcf7,raw_mean_consensus
BRD-K17743125,LJP008_MCF7_24H_X3_B20,1.0,1.0,1.0,phase2_mcf7,raw_mean_consensus
BRD-K36740062,LJP008_MCF7_24H_X3_B20,0.07142857142857142,0.0,0.0,phase2_mcf7,raw_mean_consensus
BRD-K49328571,LJP008_MCF7_24H_X3_B20,1.0,1.0,1.0,phase2_mcf7,raw_mean_consensus
BRD-K49865102,LJP008_MCF7_24H_X3_B20,0.16666666666666666,0.0,0.0,phase2_mcf7,raw_mean_consensus
BRD-K54256913,LJP008_MCF7_24H_X3_B20,0.25,0.0,1.0,phase2_mcf7,raw_mean_consensus
BRD-K56301217,LJP008_MCF7_24H_X3_B20,0.014084507042253521,0.0,0.0,phase2_mcf7,raw_mean_consensus
BRD-K77908580,LJP008_MCF7_24H_X3_B20,1.0,1.0,1.0,phase2_mcf7,raw_mean_consensus
BRD-K79090631,LJP008_MCF7_24H_X3_B20,0.3333333333333333,0.0,1.0,phase2_mcf7,raw_mean_consensus
BRD-K79254416,LJP008_MCF7_24H_X3_B20,0.029411764705882353,0.0,0.0,phase2_mcf7,raw_mean_consensus
BRD-K82928847,LJP008_MCF7_24H_X3_B20,0.125,0.0,0.0,phase2_mcf7,raw_mean_consensus
BRD-K87142802,LJP008_MCF7_24H_X3_B20,1.0,1.0,1.0,phase2_mcf7,raw_mean_consensus
BRD-K92428232,LJP008_MCF7_24H_X3_B20,1.0,1.0,1.0,phase2_mcf7,raw_mean_consensus
BRD-A61304759,LJP009_MCF7_24H_X1_B20,1.0,1.0,1.0,phase2_mcf7,raw_mean_consensus
BRD-K02113016,LJP009_MCF7_24H_X1_B20,0.0136986301369863,0.0,0.0,phase2_mcf7,raw_mean_consensus
BRD-K02123250,LJP009_MCF7_24H_X1_B20,0.5,0.0,1.0,phase2_mcf7,raw_mean_consensus
BRD-K02708799,LJP009_MCF7_24H_X1_B20,1.0,1.0,1.0,phase2_mcf7,raw_mean_consensus
BRD-K09132007,LJP009_MCF7_24H_X1_B20,0.014705882352941176,0.0,0.0,phase2_mcf7,raw_mean_consensus
BRD-K09951645,LJP009_MCF7_24H_X1_B20,0.030303030303030304,0.0,0.0,phase2_mcf7,raw_mean_consensus
BRD-K16730910,LJP009_MCF7_24H_X1_B20,0.3333333333333333,0.0,1.0,phase2_mcf7,raw_mean_consensus
BRD-K19477839,LJP009_MCF7_24H_X1_B20,0.047619047619047616,0.0,0.0,phase2_mcf7,raw_mean_consensus
BRD-K45746021,LJP009_MCF7_24H_X1_B20,0.5,0.0,1.0,phase2_mcf7,raw_mean_consensus
BRD-K49328571,LJP009_MCF7_24H_X1_B20,0.14285714285714285,0.0,0.0,phase2_mcf7,raw_mean_consensus
BRD-K49865102,LJP009_MCF7_24H_X1_B20,0.08333333333333333,0.0,0.0,phase2_mcf7,raw_mean_consensus
BRD-K70511574,LJP009_MCF7_24H_X1_B20,0.047619047619047616,0.0,0.0,phase2_mcf7,raw_mean_consensus
BRD-K79090631,LJP009_MCF7_24H_X1_B20,0.5,0.0,1.0,phase2_mcf7,raw_mean_consensus
BRD-K83963101,LJP009_MCF7_24H_X1_B20,0.08333333333333333,0.0,0.0,phase2_mcf7,raw_mean_consensus
BRD-K87142802,LJP009_MCF7_24H_X1_B20,1.0,1.0,1.0,phase2_mcf7,raw_mean_consensus
BRD-K93123848,LJP009_MCF7_24H_X1_B20,0.015384615384615385,0.0,0.0,phase2_mcf7,raw_mean_consensus
BRD-A61304759,LJP009_MCF7_24H_X2_B20,1.0,1.0,1.0,phase2_mcf7,raw_mean_consensus
BRD-K02113016,LJP009_MCF7_24H_X2_B20,0.06666666666666667,0.0,0.0,phase2_mcf7,raw_mean_consensus
BRD-K02123250,LJP009_MCF7_24H_X2_B20,1.0,1.0,1.0,phase2_mcf7,raw_mean_consensus
BRD-K02708799,LJP009_MCF7_24H_X2_B20,0.2,0.0,1.0,phase2_mcf7,raw_mean_consensus
BRD-K09132007,LJP009_MCF7_24H_X2_B20,0.07142857142857142,0.0,0.0,phase2_mcf7,raw_mean_consensus
BRD-K09951645,LJP009_MCF7_24H_X2_B20,0.2,0.0,1.0,phase2_mcf7,raw_mean_consensus
BRD-K16730910,LJP009_MCF7_24H_X2_B20,0.5,0.0,1.0,phase2_mcf7,raw_mean_consensus
BRD-K19477839,LJP009_MCF7_24H_X2_B20,0.03225806451612903,0.0,0.0,phase2_mcf7,raw_mean_consensus
BRD-K45746021,LJP009_MCF7_24H_X2_B20,0.2,0.0,1.0,phase2_mcf7,raw_mean_consensus
BRD-K49328571,LJP009_MCF7_24H_X2_B20,1.0,1.0,1.0,phase2_mcf7,raw_mean_consensus
BRD-K49865102,LJP009_MCF7_24H_X2_B20,0.045454545454545456,0.0,0.0,phase2_mcf7,raw_mean_consensus
BRD-K70511574,LJP009_MCF7_24H_X2_B20,0.3333333333333333,0.0,1.0,phase2_mcf7,raw_mean_consensus
BRD-K79090631,LJP009_MCF7_24H_X2_B20,0.5,0.0,1.0,phase2_mcf7,raw_mean_consensus
BRD-K83963101,LJP009_MCF7_24H_X2_B20,0.5,0.0,1.0,phase2_mcf7,raw_mean_consensus
BRD-K87142802,LJP009_MCF7_24H_X2_B20,0.25,0.0,1.0,phase2_mcf7,raw_mean_consensus
BRD-K93123848,LJP009_MCF7_24H_X2_B20,0.01282051282051282,0.0,0.0,phase2_mcf7,raw_mean_consensus
BRD-A61304759,LJP009_MCF7_24H_X3_B20,1.0,1.0,1.0,phase2_mcf7,raw_mean_consensus
BRD-K02113016,LJP009_MCF7_24H_X3_B20,0.030303030303030304,0.0,0.0,phase2_mcf7,raw_mean_consensus
BRD-K02123250,LJP009_MCF7_24H_X3_B20,0.25,0.0,1.0,phase2_mcf7,raw_mean_consensus
BRD-K02708799,LJP009_MCF7_24H_X3_B20,1.0,1.0,1.0,phase2_mcf7,raw_mean_consensus
BRD-K09132007,LJP009_MCF7_24H_X3_B20,0.047619047619047616,0.0,0.0,phase2_mcf7,raw_mean_consensus
BRD-K09951645,LJP009_MCF7_24H_X3_B20,1.0,1.0,1.0,phase2_mcf7,raw_mean_consensus
BRD-K16730910,LJP009_MCF7_24H_X3_B20,0.03333333333333333,0.0,0.0,phase2_mcf7,raw_mean_consensus
BRD-K19477839,LJP009_MCF7_24H_X3_B20,0.018518518518518517,0.0,0.0,phase2_mcf7,raw_mean_consensus
BRD-K45746021,LJP009_MCF7_24H_X3_B20,0.16666666666666666,0.0,0.0,phase2_mcf7,raw_mean_consensus
BRD-K49328571,LJP009_MCF7_24H_X3_B20,0.14285714285714285,0.0,0.0,phase2_mcf7,raw_mean_consensus
BRD-K49865102,LJP009_MCF7_24H_X3_B20,0.02127659574468085,0.0,0.0,phase2_mcf7,raw_mean_consensus
BRD-K70511574,LJP009_MCF7_24H_X3_B20,1.0,1.0,1.0,phase2_mcf7,raw_mean_consensus
BRD-K79090631,LJP009_MCF7_24H_X3_B20,1.0,1.0,1.0,phase2_mcf7,raw_mean_consensus
BRD-K83963101,LJP009_MCF7_24H_X3_B20,0.08333333333333333,0.0,0.0,phase2_mcf7,raw_mean_consensus
BRD-K87142802,LJP009_MCF7_24H_X3_B20,1.0,1.0,1.0,phase2_mcf7,raw_mean_consensus
BRD-K93123848,LJP009_MCF7_24H_X3_B20,0.016129032258064516,0.0,0.0,phase2_mcf7,raw_mean_consensus
BRD-K12184916,REP.A002_MCF7_24H_X1_B27,0.25,0.0,1.0,phase2_mcf7,raw_mean_consensus
BRD-K16730910,REP.A002_MCF7_24H_X1_B27,1.0,1.0,1.0,phase2_mcf7,raw_mean_consensus
BRD-K17743125,REP.A002_MCF7_24H_X1_B27,1.0,1.0,1.0,phase2_mcf7,raw_mean_consensus
BRD-K99964838,REP.A002_MCF7_24H_X1_B27,0.021739130434782608,0.0,0.0,phase2_mcf7,raw_mean_consensus
BRD-K12184916,REP.A002_MCF7_24H_X2_B29,0.014084507042253521,0.0,0.0,phase2_mcf7,raw_mean_consensus
BRD-K16730910,REP.A002_MCF7_24H_X2_B29,0.05263157894736842,0.0,0.0,phase2_mcf7,raw_mean_consensus
BRD-K17743125,REP.A002_MCF7_24H_X2_B29,0.022727272727272728,0.0,0.0,phase2_mcf7,raw_mean_consensus
BRD-K99964838,REP.A002_MCF7_24H_X2_B29,0.014084507042253521,0.0,0.0,phase2_mcf7,raw_mean_consensus
BRD-K12184916,REP.A002_MCF7_24H_X3_B27,0.25,0.0,1.0,phase2_mcf7,raw_mean_consensus
BRD-K16730910,REP.A002_MCF7_24H_X3_B27,1.0,1.0,1.0,phase2_mcf7,raw_mean_consensus
BRD-K17743125,REP.A002_MCF7_24H_X3_B27,1.0,1.0,1.0,phase2_mcf7,raw_mean_consensus
BRD-K99964838,REP.A002_MCF7_24H_X3_B27,0.1,0.0,0.0,phase2_mcf7,raw_mean_consensus
BRD-K33379087,REP.A003_MCF7_24H_X1_B27,1.0,1.0,1.0,phase2_mcf7,raw_mean_consensus
BRD-K33379087,REP.A003_MCF7_24H_X2_B27,0.5,0.0,1.0,phase2_mcf7,raw_mean_consensus
BRD-K33379087,REP.A003_MCF7_24H_X3_B27,1.0,1.0,1.0,phase2_mcf7,raw_mean_consensus
BRD-K19687926,REP.A004_MCF7_24H_X1_B27,0.02631578947368421,0.0,0.0,phase2_mcf7,raw_mean_consensus
BRD-K20285085,REP.A004_MCF7_24H_X1_B27,1.0,1.0,1.0,phase2_mcf7,raw_mean_consensus
BRD-K21718444,REP.A004_MCF7_24H_X1_B27,1.0,1.0,1.0,phase2_mcf7,raw_mean_consensus
BRD-K19687926,REP.A004_MCF7_24H_X2_B27,0.02040816326530612,0.0,0.0,phase2_mcf7,raw_mean_consensus
BRD-K20285085,REP.A004_MCF7_24H_X2_B27,1.0,1.0,1.0,phase2_mcf7,raw_mean_consensus
BRD-K21718444,REP.A004_MCF7_24H_X2_B27,1.0,1.0,1.0,phase2_mcf7,raw_mean_consensus
BRD-K19687926,REP.A004_MCF7_24H_X3_B27,0.05555555555555555,0.0,0.0,phase2_mcf7,raw_mean_consensus
BRD-K20285085,REP.A004_MCF7_24H_X3_B27,1.0,1.0,1.0,phase2_mcf7,raw_mean_consensus
BRD-K21718444,REP.A004_MCF7_24H_X3_B27,1.0,1.0,1.0,phase2_mcf7,raw_mean_consensus
BRD-K08109215,REP.A005_MCF7_24H_X1_B27,1.0,1.0,1.0,phase2_mcf7,raw_mean_consensus
BRD-K08799216,REP.A005_MCF7_24H_X1_B27,1.0,1.0,1.0,phase2_mcf7,raw_mean_consensus
BRD-K09132007,REP.A005_MCF7_24H_X1_B27,0.5,0.0,1.0,phase2_mcf7,raw_mean_consensus
BRD-K09951645,REP.A005_MCF7_24H_X1_B27,0.021739130434782608,0.0,0.0,phase2_mcf7,raw_mean_consensus
BRD-K11153516,REP.A005_MCF7_24H_X1_B27,1.0,1.0,1.0,phase2_mcf7,raw_mean_consensus
BRD-K08109215,REP.A005_MCF7_24H_X2_B27,1.0,1.0,1.0,phase2_mcf7,raw_mean_consensus
BRD-K08799216,REP.A005_MCF7_24H_X2_B27,1.0,1.0,1.0,phase2_mcf7,raw_mean_consensus
BRD-K09132007,REP.A005_MCF7_24H_X2_B27,0.02564102564102564,0.0,0.0,phase2_mcf7,raw_mean_consensus
BRD-K09951645,REP.A005_MCF7_24H_X2_B27,0.3333333333333333,0.0,1.0,phase2_mcf7,raw_mean_consensus
BRD-K11153516,REP.A005_MCF7_24H_X2_B27,1.0,1.0,1.0,phase2_mcf7,raw_mean_consensus
BRD-K08109215,REP.A005_MCF7_24H_X3_B27,1.0,1.0,1.0,phase2_mcf7,raw_mean_consensus
BRD-K08799216,REP.A005_MCF7_24H_X3_B27,1.0,1.0,1.0,phase2_mcf7,raw_mean_consensus
BRD-K09132007,REP.A005_MCF7_24H_X3_B27,1.0,1.0,1.0,phase2_mcf7,raw_mean_consensus
BRD-K09951645,REP.A005_MCF7_24H_X3_B27,0.3333333333333333,0.0,1.0,phase2_mcf7,raw_mean_consensus
BRD-K11153516,REP.A005_MCF7_24H_X3_B27,1.0,1.0,1.0,phase2_mcf7,raw_mean_consensus
BRD-K19477839,REP.A006_MCF7_24H_X1_B22,0.037037037037037035,0.0,0.0,phase2_mcf7,raw_mean_consensus
BRD-K23984367,REP.A006_MCF7_24H_X1_B22,0.05,0.0,0.0,phase2_mcf7,raw_mean_consensus
BRD-K19477839,REP.A006_MCF7_24H_X2_B24,1.0,1.0,1.0,phase2_mcf7,raw_mean_consensus
BRD-K23984367,REP.A006_MCF7_24H_X2_B24,0.015384615384615385,0.0,0.0,phase2_mcf7,raw_mean_consensus
BRD-K19477839,REP.A006_MCF7_24H_X3_B22,0.25,0.0,1.0,phase2_mcf7,raw_mean_consensus
BRD-K23984367,REP.A006_MCF7_24H_X3_B22,0.125,0.0,0.0,phase2_mcf7,raw_mean_consensus
BRD-K40175214,REP.A007_MCF7_24H_X1_B22,0.5,0.0,1.0,phase2_mcf7,raw_mean_consensus
BRD-K42191735,REP.A007_MCF7_24H_X1_B22,0.034482758620689655,0.0,0.0,phase2_mcf7,raw_mean_consensus
BRD-K42805893,REP.A007_MCF7_24H_X1_B22,1.0,1.0,1.0,phase2_mcf7,raw_mean_consensus
BRD-K52911425,REP.A007_MCF7_24H_X1_B22,1.0,1.0,1.0,phase2_mcf7,raw_mean_consensus
BRD-K67868012,REP.A007_MCF7_24H_X1_B22,0.017857142857142856,0.0,0.0,phase2_mcf7,raw_mean_consensus
BRD-K40175214,REP.A007_MCF7_24H_X2_B22,0.03571428571428571,0.0,0.0,phase2_mcf7,raw_mean_consensus
BRD-K42191735,REP.A007_MCF7_24H_X2_B22,1.0,1.0,1.0,phase2_mcf7,raw_mean_consensus
BRD-K42805893,REP.A007_MCF7_24H_X2_B22,0.06666666666666667,0.0,0.0,phase2_mcf7,raw_mean_consensus
BRD-K52911425,REP.A007_MCF7_24H_X2_B22,0.3333333333333333,0.0,1.0,phase2_mcf7,raw_mean_consensus
BRD-K67868012,REP.A007_MCF7_24H_X2_B22,0.05263157894736842,0.0,0.0,phase2_mcf7,raw_mean_consensus
BRD-K40175214,REP.A007_MCF7_24H_X3.A2_B23,1.0,1.0,1.0,phase2_mcf7,raw_mean_consensus
BRD-K42191735,REP.A007_MCF7_24H_X3.A2_B23,1.0,1.0,1.0,phase2_mcf7,raw_mean_consensus
BRD-K42805893,REP.A007_MCF7_24H_X3.A2_B23,1.0,1.0,1.0,phase2_mcf7,raw_mean_consensus
BRD-K52911425,REP.A007_MCF7_24H_X3.A2_B23,0.125,0.0,0.0,phase2_mcf7,raw_mean_consensus
BRD-K67868012,REP.A007_MCF7_24H_X3.A2_B23,0.045454545454545456,0.0,0.0,phase2_mcf7,raw_mean_consensus
BRD-K36740062,REP.A008_MCF7_24H_X1_B24,0.5,0.0,1.0,phase2_mcf7,raw_mean_consensus
BRD-K36740062,REP.A008_MCF7_24H_X2_B24,1.0,1.0,1.0,phase2_mcf7,raw_mean_consensus
BRD-K36740062,REP.A008_MCF7_24H_X3_B24,1.0,1.0,1.0,phase2_mcf7,raw_mean_consensus
BRD-K28392481,REP.A009_MCF7_24H_X1_B24,0.027777777777777776,0.0,0.0,phase2_mcf7,raw_mean_consensus
BRD-K28392481,REP.A009_MCF7_24H_X2_B24,0.16666666666666666,0.0,0.0,phase2_mcf7,raw_mean_consensus
BRD-K28392481,REP.A009_MCF7_24H_X3_B24,0.5,0.0,1.0,phase2_mcf7,raw_mean_consensus
BRD-K12787259,REP.A010_MCF7_24H_X1_B24,1.0,1.0,1.0,phase2_mcf7,raw_mean_consensus
BRD-K13390322,REP.A010_MCF7_24H_X1_B24,0.5,0.0,1.0,phase2_mcf7,raw_mean_consensus
BRD-K13662825,REP.A010_MCF7_24H_X1_B24,1.0,1.0,1.0,phase2_mcf7,raw_mean_consensus
BRD-K12787259,REP.A010_MCF7_24H_X2_B24,1.0,1.0,1.0,phase2_mcf7,raw_mean_consensus
BRD-K13390322,REP.A010_MCF7_24H_X2_B24,0.5,0.0,1.0,phase2_mcf7,raw_mean_consensus
BRD-K13662825,REP.A010_MCF7_24H_X2_B24,1.0,1.0,1.0,phase2_mcf7,raw_mean_consensus
BRD-K12787259,REP.A010_MCF7_24H_X3_B24,1.0,1.0,1.0,phase2_mcf7,raw_mean_consensus
BRD-K13390322,REP.A010_MCF7_24H_X3_B24,1.0,1.0,1.0,phase2_mcf7,raw_mean_consensus
BRD-K13662825,REP.A010_MCF7_24H_X3_B24,1.0,1.0,1.0,phase2_mcf7,raw_mean_consensus
BRD-K05804044,REP.A011_MCF7_24H_X1_B24,0.3333333333333333,0.0,1.0,phase2_mcf7,raw_mean_consensus
BRD-K07691486,REP.A011_MCF7_24H_X1_B24,0.015384615384615385,0.0,0.0,phase2_mcf7,raw_mean_consensus
BRD-K05804044,REP.A011_MCF7_24H_X2_B24,0.027777777777777776,0.0,0.0,phase2_mcf7,raw_mean_consensus
BRD-K07691486,REP.A011_MCF7_24H_X2_B24,0.2,0.0,1.0,phase2_mcf7,raw_mean_consensus
BRD-K05804044,REP.A011_MCF7_24H_X3_B24,0.5,0.0,1.0,phase2_mcf7,raw_mean_consensus
BRD-K07691486,REP.A011_MCF7_24H_X3_B24,0.25,0.0,1.0,phase2_mcf7,raw_mean_consensus
BRD-K02113016,REP.A012_MCF7_24H_X1_B22,0.014925373134328358,0.0,0.0,phase2_mcf7,raw_mean_consensus
BRD-K02123250,REP.A012_MCF7_24H_X1_B22,0.05,0.0,0.0,phase2_mcf7,raw_mean_consensus
BRD-K03449891,REP.A012_MCF7_24H_X1_B22,1.0,1.0,1.0,phase2_mcf7,raw_mean_consensus
BRD-K02113016,REP.A012_MCF7_24H_X2_B22,0.024390243902439025,0.0,0.0,phase2_mcf7,raw_mean_consensus
BRD-K02123250,REP.A012_MCF7_24H_X2_B22,0.2,0.0,1.0,phase2_mcf7,raw_mean_consensus
BRD-K03449891,REP.A012_MCF7_24H_X2_B22,0.14285714285714285,0.0,0.0,phase2_mcf7,raw_mean_consensus
BRD-K02123250,REP.A012_MCF7_24H_X3_B22,0.3333333333333333,0.0,1.0,phase2_mcf7,raw_mean_consensus
BRD-K03449891,REP.A012_MCF7_24H_X3_B22,0.16666666666666666,0.0,0.0,phase2_mcf7,raw_mean_consensus
BRD-K40738845,REP.A013_MCF7_24H_X1_B24,0.014925373134328358,0.0,0.0,phase2_mcf7,raw_mean_consensus
BRD-K40738845,REP.A013_MCF7_24H_X2_B22,0.034482758620689655,0.0,0.0,phase2_mcf7,raw_mean_consensus
BRD-K40738845,REP.A013_MCF7_24H_X3_B22,0.02127659574468085,0.0,0.0,phase2_mcf7,raw_mean_consensus
BRD-K37687095,REP.A014_MCF7_24H_X1_B23,1.0,1.0,1.0,phase2_mcf7,raw_mean_consensus
BRD-K56751279,REP.A014_MCF7_24H_X1_B23,0.5,0.0,1.0,phase2_mcf7,raw_mean_consensus
BRD-K60866521,REP.A014_MCF7_24H_X1_B23,0.015384615384615385,0.0,0.0,phase2_mcf7,raw_mean_consensus
BRD-K37687095,REP.A014_MCF7_24H_X2_B23,0.047619047619047616,0.0,0.0,phase2_mcf7,raw_mean_consensus
BRD-K56751279,REP.A014_MCF7_24H_X2_B23,1.0,1.0,1.0,phase2_mcf7,raw_mean_consensus
BRD-K60866521,REP.A014_MCF7_24H_X2_B23,0.015151515151515152,0.0,0.0,phase2_mcf7,raw_mean_consensus
BRD-K37687095,REP.A014_MCF7_24H_X3_B23,0.14285714285714285,0.0,0.0,phase2_mcf7,raw_mean_consensus
BRD-K56751279,REP.A014_MCF7_24H_X3_B23,0.1,0.0,0.0,phase2_mcf7,raw_mean_consensus
BRD-K60866521,REP.A014_MCF7_24H_X3_B23,0.014705882352941176,0.0,0.0,phase2_mcf7,raw_mean_consensus
BRD-K56301217,REP.A015_MCF7_24H_X1_B23,1.0,1.0,1.0,phase2_mcf7,raw_mean_consensus
BRD-K57080016,REP.A015_MCF7_24H_X1_B23,0.25,0.0,1.0,phase2_mcf7,raw_mean_consensus
BRD-K57169635,REP.A015_MCF7_24H_X1_B23,0.3333333333333333,0.0,1.0,phase2_mcf7,raw_mean_consensus
BRD-K59317601,REP.A015_MCF7_24H_X1_B23,1.0,1.0,1.0,phase2_mcf7,raw_mean_consensus
BRD-K56301217,REP.A015_MCF7_24H_X2_B23,0.07142857142857142,0.0,0.0,phase2_mcf7,raw_mean_consensus
BRD-K57080016,REP.A015_MCF7_24H_X2_B23,0.09090909090909091,0.0,0.0,phase2_mcf7,raw_mean_consensus
BRD-K57169635,REP.A015_MCF7_24H_X2_B23,1.0,1.0,1.0,phase2_mcf7,raw_mean_consensus
BRD-K59317601,REP.A015_MCF7_24H_X2_B23,0.25,0.0,1.0,phase2_mcf7,raw_mean_consensus
BRD-K56301217,REP.A015_MCF7_24H_X3_B23,0.015384615384615385,0.0,0.0,phase2_mcf7,raw_mean_consensus
BRD-K57080016,REP.A015_MCF7_24H_X3_B23,0.045454545454545456,0.0,0.0,phase2_mcf7,raw_mean_consensus
BRD-K57169635,REP.A015_MCF7_24H_X3_B23,1.0,1.0,1.0,phase2_mcf7,raw_mean_consensus
BRD-K59317601,REP.A015_MCF7_24H_X3_B23,1.0,1.0,1.0,phase2_mcf7,raw_mean_consensus
BRD-A58280226,REP.A016_MCF7_24H_X1_B23,0.5,0.0,1.0,phase2_mcf7,raw_mean_consensus
BRD-K41895714,REP.A016_MCF7_24H_X1_B23,0.02040816326530612,0.0,0.0,phase2_mcf7,raw_mean_consensus
BRD-K51313569,REP.A016_MCF7_24H_X1_B23,0.5,0.0,1.0,phase2_mcf7,raw_mean_consensus
BRD-K51544265,REP.A016_MCF7_24H_X1_B23,0.018867924528301886,0.0,0.0,phase2_mcf7,raw_mean_consensus
BRD-K53414658,REP.A016_MCF7_24H_X1_B23,0.0625,0.0,0.0,phase2_mcf7,raw_mean_consensus
BRD-K53417444,REP.A016_MCF7_24H_X1_B23,1.0,1.0,1.0,phase2_mcf7,raw_mean_consensus
BRD-K54256913,REP.A016_MCF7_24H_X1_B23,0.5,0.0,1.0,phase2_mcf7,raw_mean_consensus
BRD-A58280226,REP.A016_MCF7_24H_X2_B23,0.08333333333333333,0.0,0.0,phase2_mcf7,raw_mean_consensus
BRD-K41895714,REP.A016_MCF7_24H_X2_B23,0.024390243902439025,0.0,0.0,phase2_mcf7,raw_mean_consensus
BRD-K51313569,REP.A016_MCF7_24H_X2_B23,1.0,1.0,1.0,phase2_mcf7,raw_mean_consensus
BRD-K51544265,REP.A016_MCF7_24H_X2_B23,0.2,0.0,1.0,phase2_mcf7,raw_mean_consensus
BRD-K53414658,REP.A016_MCF7_24H_X2_B23,0.3333333333333333,0.0,1.0,phase2_mcf7,raw_mean_consensus
BRD-K53417444,REP.A016_MCF7_24H_X2_B23,1.0,1.0,1.0,phase2_mcf7,raw_mean_consensus
BRD-K54256913,REP.A016_MCF7_24H_X2_B23,0.058823529411764705,0.0,0.0,phase2_mcf7,raw_mean_consensus
BRD-A58280226,REP.A016_MCF7_24H_X3_B23,1.0,1.0,1.0,phase2_mcf7,raw_mean_consensus
BRD-K41895714,REP.A016_MCF7_24H_X3_B23,0.1111111111111111,0.0,0.0,phase2_mcf7,raw_mean_consensus
BRD-K51313569,REP.A016_MCF7_24H_X3_B23,1.0,1.0,1.0,phase2_mcf7,raw_mean_consensus
BRD-K51544265,REP.A016_MCF7_24H_X3_B23,0.041666666666666664,0.0,0.0,phase2_mcf7,raw_mean_consensus
BRD-K53414658,REP.A016_MCF7_24H_X3_B23,0.018867924528301886,0.0,0.0,phase2_mcf7,raw_mean_consensus
BRD-K53417444,REP.A016_MCF7_24H_X3_B23,1.0,1.0,1.0,phase2_mcf7,raw_mean_consensus
BRD-K54256913,REP.A016_MCF7_24H_X3_B23,1.0,1.0,1.0,phase2_mcf7,raw_mean_consensus
BRD-K50168500,REP.A017_MCF7_24H_X1_B23,0.16666666666666666,0.0,0.0,phase2_mcf7,raw_mean_consensus
BRD-K50168500,REP.A017_MCF7_24H_X2_B23,0.5,0.0,1.0,phase2_mcf7,raw_mean_consensus
BRD-K50168500,REP.A017_MCF7_24H_X3_B23,0.25,0.0,1.0,phase2_mcf7,raw_mean_consensus
BRD-K64800655,REP.A018_MCF7_24H_X1_B24,1.0,1.0,1.0,phase2_mcf7,raw_mean_consensus
BRD-K66538826,REP.A018_MCF7_24H_X1_B24,0.07142857142857142,0.0,0.0,phase2_mcf7,raw_mean_consensus
BRD-K64800655,REP.A018_MCF7_24H_X2_B23,1.0,1.0,1.0,phase2_mcf7,raw_mean_consensus
BRD-K66538826,REP.A018_MCF7_24H_X2_B23,0.05555555555555555,0.0,0.0,phase2_mcf7,raw_mean_consensus
BRD-K64800655,REP.A018_MCF7_24H_X3_B23,1.0,1.0,1.0,phase2_mcf7,raw_mean_consensus
BRD-K66538826,REP.A018_MCF7_24H_X3_B23,0.5,0.0,1.0,phase2_mcf7,raw_mean_consensus
BRD-K04887706,REP.A019_MCF7_24H_X1_B23,0.25,0.0,1.0,phase2_mcf7,raw_mean_consensus
BRD-K45746021,REP.A019_MCF7_24H_X1_B23,0.023809523809523808,0.0,0.0,phase2_mcf7,raw_mean_consensus
BRD-K49075727,REP.A019_MCF7_24H_X1_B23,1.0,1.0,1.0,phase2_mcf7,raw_mean_consensus
BRD-K49328571,REP.A019_MCF7_24H_X1_B23,0.038461538461538464,0.0,0.0,phase2_mcf7,raw_mean_consensus
BRD-K49865102,REP.A019_MCF7_24H_X1_B23,0.125,0.0,0.0,phase2_mcf7,raw_mean_consensus
BRD-K04887706,REP.A019_MCF7_24H_X2_B24,0.5,0.0,1.0,phase2_mcf7,raw_mean_consensus
BRD-K45746021,REP.A019_MCF7_24H_X2_B24,0.029411764705882353,0.0,0.0,phase2_mcf7,raw_mean_consensus
BRD-K49075727,REP.A019_MCF7_24H_X2_B24,1.0,1.0,1.0,phase2_mcf7,raw_mean_consensus
BRD-K49328571,REP.A019_MCF7_24H_X2_B24,0.5,0.0,1.0,phase2_mcf7,raw_mean_consensus
BRD-K49865102,REP.A019_MCF7_24H_X2_B24,0.05263157894736842,0.0,0.0,phase2_mcf7,raw_mean_consensus
BRD-K04887706,REP.A019_MCF7_24H_X3_B23,0.1,0.0,0.0,phase2_mcf7,raw_mean_consensus
BRD-K45746021,REP.A019_MCF7_24H_X3_B23,0.09090909090909091,0.0,0.0,phase2_mcf7,raw_mean_consensus
BRD-K49075727,REP.A019_MCF7_24H_X3_B23,1.0,1.0,1.0,phase2_mcf7,raw_mean_consensus
BRD-K49865102,REP.A019_MCF7_24H_X3_B23,0.25,0.0,1.0,phase2_mcf7,raw_mean_consensus
BRD-K82928847,REP.A020_MCF7_24H_X1_B23,1.0,1.0,1.0,phase2_mcf7,raw_mean_consensus
BRD-K82928847,REP.A020_MCF7_24H_X2_B23,1.0,1.0,1.0,phase2_mcf7,raw_mean_consensus
BRD-K82928847,REP.A020_MCF7_24H_X3_B23,1.0,1.0,1.0,phase2_mcf7,raw_mean_consensus
BRD-K81528515,REP.A021_MCF7_24H_X1_B23,1.0,1.0,1.0,phase2_mcf7,raw_mean_consensus
BRD-K83963101,REP.A021_MCF7_24H_X1_B23,0.045454545454545456,0.0,0.0,phase2_mcf7,raw_mean_consensus
BRD-K85606544,REP.A021_MCF7_24H_X1_B23,1.0,1.0,1.0,phase2_mcf7,raw_mean_consensus
BRD-K81528515,REP.A021_MCF7_24H_X2_B23,0.5,0.0,1.0,phase2_mcf7,raw_mean_consensus
BRD-K83963101,REP.A021_MCF7_24H_X2_B23,0.3333333333333333,0.0,1.0,phase2_mcf7,raw_mean_consensus
BRD-K85606544,REP.A021_MCF7_24H_X2_B23,0.058823529411764705,0.0,0.0,phase2_mcf7,raw_mean_consensus
BRD-K81528515,REP.A021_MCF7_24H_X3_B23,0.2,0.0,1.0,phase2_mcf7,raw_mean_consensus
BRD-K83963101,REP.A021_MCF7_24H_X3_B23,0.3333333333333333,0.0,1.0,phase2_mcf7,raw_mean_consensus
BRD-K85606544,REP.A021_MCF7_24H_X3_B23,0.16666666666666666,0.0,0.0,phase2_mcf7,raw_mean_consensus
BRD-K70401845,REP.A022_MCF7_24H_X1_B23,0.03125,0.0,0.0,phase2_mcf7,raw_mean_consensus
BRD-K71035033,REP.A022_MCF7_24H_X1_B23,1.0,1.0,1.0,phase2_mcf7,raw_mean_consensus
BRD-K72414522,REP.A022_MCF7_24H_X1_B23,0.25,0.0,1.0,phase2_mcf7,raw_mean_consensus
BRD-K76908866,REP.A022_MCF7_24H_X1_B23,0.14285714285714285,0.0,0.0,phase2_mcf7,raw_mean_consensus
BRD-K77908580,REP.A022_MCF7_24H_X1_B23,1.0,1.0,1.0,phase2_mcf7,raw_mean_consensus
BRD-K79254416,REP.A022_MCF7_24H_X1_B23,0.1,0.0,0.0,phase2_mcf7,raw_mean_consensus
BRD-K80700417,REP.A022_MCF7_24H_X1_B23,1.0,1.0,1.0,phase2_mcf7,raw_mean_consensus
BRD-K70401845,REP.A022_MCF7_24H_X2_B23,0.027777777777777776,0.0,0.0,phase2_mcf7,raw_mean_consensus
BRD-K71035033,REP.A022_MCF7_24H_X2_B23,0.1111111111111111,0.0,0.0,phase2_mcf7,raw_mean_consensus
BRD-K72414522,REP.A022_MCF7_24H_X2_B23,1.0,1.0,1.0,phase2_mcf7,raw_mean_consensus
BRD-K76908866,REP.A022_MCF7_24H_X2_B23,0.0625,0.0,0.0,phase2_mcf7,raw_mean_consensus
BRD-K77908580,REP.A022_MCF7_24H_X2_B23,1.0,1.0,1.0,phase2_mcf7,raw_mean_consensus
BRD-K79254416,REP.A022_MCF7_24H_X2_B23,0.027777777777777776,0.0,0.0,phase2_mcf7,raw_mean_consensus
BRD-K80700417,REP.A022_MCF7_24H_X2_B23,0.2,0.0,1.0,phase2_mcf7,raw_mean_consensus
BRD-K70401845,REP.A022_MCF7_24H_X3_B23,0.25,0.0,1.0,phase2_mcf7,raw_mean_consensus
BRD-K71035033,REP.A022_MCF7_24H_X3_B23,1.0,1.0,1.0,phase2_mcf7,raw_mean_consensus
BRD-K72414522,REP.A022_MCF7_24H_X3_B23,0.2,0.0,1.0,phase2_mcf7,raw_mean_consensus
BRD-K76908866,REP.A022_MCF7_24H_X3_B23,0.024390243902439025,0.0,0.0,phase2_mcf7,raw_mean_consensus
BRD-K77908580,REP.A022_MCF7_24H_X3_B23,1.0,1.0,1.0,phase2_mcf7,raw_mean_consensus
BRD-K79254416,REP.A022_MCF7_24H_X3_B23,0.25,0.0,1.0,phase2_mcf7,raw_mean_consensus
BRD-K80700417,REP.A022_MCF7_24H_X3_B23,1.0,1.0,1.0,phase2_mcf7,raw_mean_consensus
BRD-K68065987,REP.A023_MCF7_24H_X1_B23,1.0,1.0,1.0,phase2_mcf7,raw_mean_consensus
BRD-K70511574,REP.A023_MCF7_24H_X1_B23,1.0,1.0,1.0,phase2_mcf7,raw_mean_consensus
BRD-K68065987,REP.A023_MCF7_24H_X2_B23,1.0,1.0,1.0,phase2_mcf7,raw_mean_consensus
BRD-K70511574,REP.A023_MCF7_24H_X2_B23,1.0,1.0,1.0,phase2_mcf7,raw_mean_consensus
BRD-K68065987,REP.A023_MCF7_24H_X3_B23,1.0,1.0,1.0,phase2_mcf7,raw_mean_consensus
BRD-K70511574,REP.A023_MCF7_24H_X3_B23,1.0,1.0,1.0,phase2_mcf7,raw_mean_consensus
BRD-K74065929,REP.A024_MCF7_24H_X1_B23,1.0,1.0,1.0,phase2_mcf7,raw_mean_consensus
BRD-K79404599,REP.A024_MCF7_24H_X1_B23,0.2,0.0,1.0,phase2_mcf7,raw_mean_consensus
BRD-K74065929,REP.A024_MCF7_24H_X2_B23,0.25,0.0,1.0,phase2_mcf7,raw_mean_consensus
BRD-K79404599,REP.A024_MCF7_24H_X2_B23,0.024390243902439025,0.0,0.0,phase2_mcf7,raw_mean_consensus
BRD-K74065929,REP.A024_MCF7_24H_X3_B23,0.3333333333333333,0.0,1.0,phase2_mcf7,raw_mean_consensus
BRD-K79404599,REP.A024_MCF7_24H_X3_B23,0.14285714285714285,0.0,0.0,phase2_mcf7,raw_mean_consensus
BRD-K74514084,REP.A025_MCF7_24H_X1_B23,0.14285714285714285,0.0,0.0,phase2_mcf7,raw_mean_consensus
BRD-K77625799,REP.A025_MCF7_24H_X1_B23,0.06666666666666667,0.0,0.0,phase2_mcf7,raw_mean_consensus
BRD-K74514084,REP.A025_MCF7_24H_X2_B23,1.0,1.0,1.0,phase2_mcf7,raw_mean_consensus
BRD-K77625799,REP.A025_MCF7_24H_X2_B23,0.01818181818181818,0.0,0.0,phase2_mcf7,raw_mean_consensus
BRD-K74514084,REP.A025_MCF7_24H_X3_B23,0.02,0.0,0.0,phase2_mcf7,raw_mean_consensus
BRD-K77625799,REP.A025_MCF7_24H_X3_B23,0.03333333333333333,0.0,0.0,phase2_mcf7,raw_mean_consensus
BRD-K87737963,REP.A026_MCF7_24H_X1_B25,0.5,0.0,1.0,phase2_mcf7,raw_mean_consensus
BRD-K99749624,REP.A026_MCF7_24H_X1_B25,1.0,1.0,1.0,phase2_mcf7,raw_mean_consensus
BRD-K87737963,REP.A026_MCF7_24H_X2_B25,0.5,0.0,1.0,phase2_mcf7,raw_mean_consensus
BRD-K99749624,REP.A026_MCF7_24H_X2_B25,1.0,1.0,1.0,phase2_mcf7,raw_mean_consensus
BRD-K87737963,REP.A026_MCF7_24H_X3_B25,0.02857142857142857,0.0,0.0,phase2_mcf7,raw_mean_consensus
BRD-K99749624,REP.A026_MCF7_24H_X3_B25,1.0,1.0,1.0,phase2_mcf7,raw_mean_consensus
BRD-K93123848,REP.A027_MCF7_24H_X1_B25,0.0125,0.0,0.0,phase2_mcf7,raw_mean_consensus
BRD-K99545815,REP.A027_MCF7_24H_X1_B25,1.0,1.0,1.0,phase2_mcf7,raw_mean_consensus
BRD-K93123848,REP.A027_MCF7_24H_X2_B25,0.3333333333333333,0.0,1.0,phase2_mcf7,raw_mean_consensus
BRD-K99545815,REP.A027_MCF7_24H_X2_B25,1.0,1.0,1.0,phase2_mcf7,raw_mean_consensus
BRD-K93123848,REP.A027_MCF7_24H_X3_B25,0.012345679012345678,0.0,0.0,phase2_mcf7,raw_mean_consensus
BRD-K99545815,REP.A027_MCF7_24H_X3_B25,1.0,1.0,1.0,phase2_mcf7,raw_mean_consensus
BRD-K92428232,REP.A028_MCF7_24H_X1_B25,1.0,1.0,1.0,phase2_mcf7,raw_mean_consensus
BRD-K93918653,REP.A028_MCF7_24H_X1_B25,0.03225806451612903,0.0,0.0,phase2_mcf7,raw_mean_consensus
BRD-K92428232,REP.A028_MCF7_24H_X2_B25,1.0,1.0,1.0,phase2_mcf7,raw_mean_consensus
BRD-K93918653,REP.A028_MCF7_24H_X2_B25,0.5,0.0,1.0,phase2_mcf7,raw_mean_consensus
BRD-K92428232,REP.A028_MCF7_24H_X3_B25,1.0,1.0,1.0,phase2_mcf7,raw_mean_consensus
BRD-K93918653,REP.A028_MCF7_24H_X3_B25,1.0,1.0,1.0,phase2_mcf7,raw_mean_consensus
BRD-A39996500,LJP005_MCF7_24H_X1_B17,1.0,1.0,1.0,phase2_mcf7,raw_modz_consensus
BRD-K02708799,LJP005_MCF7_24H_X1_B17,0.3333333333333333,0.0,1.0,phase2_mcf7,raw_modz_consensus
BRD-K03449891,LJP005_MCF7_24H_X1_B17,0.07692307692307693,0.0,0.0,phase2_mcf7,raw_modz_consensus
BRD-K04887706,LJP005_MCF7_24H_X1_B17,0.037037037037037035,0.0,0.0,phase2_mcf7,raw_modz_consensus
BRD-K07691486,LJP005_MCF7_24H_X1_B17,1.0,1.0,1.0,phase2_mcf7,raw_modz_consensus
BRD-K08799216,LJP005_MCF7_24H_X1_B17,1.0,1.0,1.0,phase2_mcf7,raw_modz_consensus
BRD-K12184916,LJP005_MCF7_24H_X1_B17,1.0,1.0,1.0,phase2_mcf7,raw_modz_consensus
BRD-K37687095,LJP005_MCF7_24H_X1_B17,0.0196078431372549,0.0,0.0,phase2_mcf7,raw_modz_consensus
BRD-K42191735,LJP005_MCF7_24H_X1_B17,0.07142857142857142,0.0,0.0,phase2_mcf7,raw_modz_consensus
BRD-K49328571,LJP005_MCF7_24H_X1_B17,0.03571428571428571,0.0,0.0,phase2_mcf7,raw_modz_consensus
BRD-K49865102,LJP005_MCF7_24H_X1_B17,0.043478260869565216,0.0,0.0,phase2_mcf7,raw_modz_consensus
BRD-K70401845,LJP005_MCF7_24H_X1_B17,0.017241379310344827,0.0,0.0,phase2_mcf7,raw_modz_consensus
BRD-K76908866,LJP005_MCF7_24H_X1_B17,0.016666666666666666,0.0,0.0,phase2_mcf7,raw_modz_consensus
BRD-K79404599,LJP005_MCF7_24H_X1_B17,0.08333333333333333,0.0,0.0,phase2_mcf7,raw_modz_consensus
BRD-K81528515,LJP005_MCF7_24H_X1_B17,1.0,1.0,1.0,phase2_mcf7,raw_modz_consensus
BRD-K85606544,LJP005_MCF7_24H_X1_B17,1.0,1.0,1.0,phase2_mcf7,raw_modz_consensus
BRD-K87737963,LJP005_MCF7_24H_X1_B17,0.3333333333333333,0.0,1.0,phase2_mcf7,raw_modz_consensus
BRD-A39996500,LJP005_MCF7_24H_X2_B17,1.0,1.0,1.0,phase2_mcf7,raw_modz_consensus
BRD-K02708799,LJP005_MCF7_24H_X2_B17,0.03333333333333333,0.0,0.0,phase2_mcf7,raw_modz_consensus
BRD-K04887706,LJP005_MCF7_24H_X2_B17,0.2,0.0,1.0,phase2_mcf7,raw_modz_consensus
BRD-K07691486,LJP005_MCF7_24H_X2_B17,1.0,1.0,1.0,phase2_mcf7,raw_modz_consensus
BRD-K08799216,LJP005_MCF7_24H_X2_B17,1.0,1.0,1.0,phase2_mcf7,raw_modz_consensus
BRD-K12184916,LJP005_MCF7_24H_X2_B17,1.0,1.0,1.0,phase2_mcf7,raw_modz_consensus
BRD-K37687095,LJP005_MCF7_24H_X2_B17,0.3333333333333333,0.0,1.0,phase2_mcf7,raw_modz_consensus
BRD-K49328571,LJP005_MCF7_24H_X2_B17,0.03225806451612903,0.0,0.0,phase2_mcf7,raw_modz_consensus
BRD-K49865102,LJP005_MCF7_24H_X2_B17,1.0,1.0,1.0,phase2_mcf7,raw_modz_consensus
BRD-K70401845,LJP005_MCF7_24H_X2_B17,0.02564102564102564,0.0,0.0,phase2_mcf7,raw_modz_consensus
BRD-K76908866,LJP005_MCF7_24H_X2_B17,0.03333333333333333,0.0,0.0,phase2_mcf7,raw_modz_consensus
BRD-K79090631,LJP005_MCF7_24H_X2_B17,1.0,1.0,1.0,phase2_mcf7,raw_modz_consensus
BRD-K79404599,LJP005_MCF7_24H_X2_B17,0.1111111111111111,0.0,0.0,phase2_mcf7,raw_modz_consensus
BRD-K81528515,LJP005_MCF7_24H_X2_B17,1.0,1.0,1.0,phase2_mcf7,raw_modz_consensus
BRD-K85606544,LJP005_MCF7_24H_X2_B17,0.5,0.0,1.0,phase2_mcf7,raw_modz_consensus
BRD-K87737963,LJP005_MCF7_24H_X2_B17,1.0,1.0,1.0,phase2_mcf7,raw_modz_consensus
BRD-A39996500,LJP005_MCF7_24H_X3_B17,1.0,1.0,1.0,phase2_mcf7,raw_modz_consensus
BRD-K02708799,LJP005_MCF7_24H_X3_B17,0.02,0.0,0.0,phase2_mcf7,raw_modz_consensus
BRD-K03449891,LJP005_MCF7_24H_X3_B17,0.034482758620689655,0.0,0.0,phase2_mcf7,raw_modz_consensus
BRD-K04887706,LJP005_MCF7_24H_X3_B17,0.2,0.0,1.0,phase2_mcf7,raw_modz_consensus
BRD-K07691486,LJP005_MCF7_24H_X3_B17,0.3333333333333333,0.0,1.0,phase2_mcf7,raw_modz_consensus
BRD-K08799216,LJP005_MCF7_24H_X3_B17,1.0,1.0,1.0,phase2_mcf7,raw_modz_consensus
BRD-K12184916,LJP005_MCF7_24H_X3_B17,1.0,1.0,1.0,phase2_mcf7,raw_modz_consensus
BRD-K37687095,LJP005_MCF7_24H_X3_B17,0.3333333333333333,0.0,1.0,phase2_mcf7,raw_modz_consensus
BRD-K42191735,LJP005_MCF7_24H_X3_B17,0.1,0.0,0.0,phase2_mcf7,raw_modz_consensus
BRD-K49328571,LJP005_MCF7_24H_X3_B17,0.03571428571428571,0.0,0.0,phase2_mcf7,raw_modz_consensus
BRD-K49865102,LJP005_MCF7_24H_X3_B17,0.05263157894736842,0.0,0.0,phase2_mcf7,raw_modz_consensus
BRD-K70401845,LJP005_MCF7_24H_X3_B17,0.01818181818181818,0.0,0.0,phase2_mcf7,raw_modz_consensus
BRD-K76908866,LJP005_MCF7_24H_X3_B17,0.0625,0.0,0.0,phase2_mcf7,raw_modz_consensus
BRD-K79090631,LJP005_MCF7_24H_X3_B17,1.0,1.0,1.0,phase2_mcf7,raw_modz_consensus
BRD-K79404599,LJP005_MCF7_24H_X3_B17,0.03333333333333333,0.0,0.0,phase2_mcf7,raw_modz_consensus
BRD-K81528515,LJP005_MCF7_24H_X3_B17,1.0,1.0,1.0,phase2_mcf7,raw_modz_consensus
BRD-K85606544,LJP005_MCF7_24H_X3_B17,0.5,0.0,1.0,phase2_mcf7,raw_modz_consensus
BRD-K87737963,LJP005_MCF7_24H_X3_B17,1.0,1.0,1.0,phase2_mcf7,raw_modz_consensus
BRD-A39996500,LJP005_MCF7_24H_X4_B19,1.0,1.0,1.0,phase2_mcf7,raw_modz_consensus
BRD-K02708799,LJP005_MCF7_24H_X4_B19,0.047619047619047616,0.0,0.0,phase2_mcf7,raw_modz_consensus
BRD-K03449891,LJP005_MCF7_24H_X4_B19,0.14285714285714285,0.0,0.0,phase2_mcf7,raw_modz_consensus
BRD-K04887706,LJP005_MCF7_24H_X4_B19,0.029411764705882353,0.0,0.0,phase2_mcf7,raw_modz_consensus
BRD-K07691486,LJP005_MCF7_24H_X4_B19,0.5,0.0,1.0,phase2_mcf7,raw_modz_consensus
BRD-K08799216,LJP005_MCF7_24H_X4_B19,0.5,0.0,1.0,phase2_mcf7,raw_modz_consensus
BRD-K12184916,LJP005_MCF7_24H_X4_B19,0.1,0.0,0.0,phase2_mcf7,raw_modz_consensus
BRD-K37687095,LJP005_MCF7_24H_X4_B19,0.022727272727272728,0.0,0.0,phase2_mcf7,raw_modz_consensus
BRD-K42191735,LJP005_MCF7_24H_X4_B19,0.3333333333333333,0.0,1.0,phase2_mcf7,raw_modz_consensus
BRD-K49328571,LJP005_MCF7_24H_X4_B19,0.03333333333333333,0.0,0.0,phase2_mcf7,raw_modz_consensus
BRD-K49865102,LJP005_MCF7_24H_X4_B19,0.045454545454545456,0.0,0.0,phase2_mcf7,raw_modz_consensus
BRD-K70401845,LJP005_MCF7_24H_X4_B19,0.2,0.0,1.0,phase2_mcf7,raw_modz_consensus
BRD-K76908866,LJP005_MCF7_24H_X4_B19,0.05,0.0,0.0,phase2_mcf7,raw_modz_consensus
BRD-K79090631,LJP005_MCF7_24H_X4_B19,0.041666666666666664,0.0,0.0,phase2_mcf7,raw_modz_consensus
BRD-K79404599,LJP005_MCF7_24H_X4_B19,0.125,0.0,0.0,phase2_mcf7,raw_modz_consensus
BRD-K81528515,LJP005_MCF7_24H_X4_B19,0.3333333333333333,0.0,1.0,phase2_mcf7,raw_modz_consensus
BRD-K85606544,LJP005_MCF7_24H_X4_B19,0.014084507042253521,0.0,0.0,phase2_mcf7,raw_modz_consensus
BRD-K87737963,LJP005_MCF7_24H_X4_B19,0.1111111111111111,0.0,0.0,phase2_mcf7,raw_modz_consensus
BRD-A39996500,LJP006_MCF7_24H_X1_B17,1.0,1.0,1.0,phase2_mcf7,raw_modz_consensus
BRD-K02708799,LJP006_MCF7_24H_X1_B17,0.04,0.0,0.0,phase2_mcf7,raw_modz_consensus
BRD-K13390322,LJP006_MCF7_24H_X1_B17,0.5,0.0,1.0,phase2_mcf7,raw_modz_consensus
BRD-K19687926,LJP006_MCF7_24H_X1_B17,0.043478260869565216,0.0,0.0,phase2_mcf7,raw_modz_consensus
BRD-K20285085,LJP006_MCF7_24H_X1_B17,0.06666666666666667,0.0,0.0,phase2_mcf7,raw_modz_consensus
BRD-K23984367,LJP006_MCF7_24H_X1_B17,0.3333333333333333,0.0,1.0,phase2_mcf7,raw_modz_consensus
BRD-K40175214,LJP006_MCF7_24H_X1_B17,1.0,1.0,1.0,phase2_mcf7,raw_modz_consensus
BRD-K41895714,LJP006_MCF7_24H_X1_B17,0.1,0.0,0.0,phase2_mcf7,raw_modz_consensus
BRD-K49075727,LJP006_MCF7_24H_X1_B17,1.0,1.0,1.0,phase2_mcf7,raw_modz_consensus
BRD-K49328571,LJP006_MCF7_24H_X1_B17,0.02,0.0,0.0,phase2_mcf7,raw_modz_consensus
BRD-K49865102,LJP006_MCF7_24H_X1_B17,0.013888888888888888,0.0,0.0,phase2_mcf7,raw_modz_consensus
BRD-K50168500,LJP006_MCF7_24H_X1_B17,0.03333333333333333,0.0,0.0,phase2_mcf7,raw_modz_consensus
BRD-K51313569,LJP006_MCF7_24H_X1_B17,0.3333333333333333,0.0,1.0,phase2_mcf7,raw_modz_consensus
BRD-K52911425,LJP006_MCF7_24H_X1_B17,1.0,1.0,1.0,phase2_mcf7,raw_modz_consensus
BRD-K56751279,LJP006_MCF7_24H_X1_B17,0.0136986301369863,0.0,0.0,phase2_mcf7,raw_modz_consensus
BRD-K57080016,LJP006_MCF7_24H_X1_B17,0.25,0.0,1.0,phase2_mcf7,raw_modz_consensus
BRD-K64800655,LJP006_MCF7_24H_X1_B17,1.0,1.0,1.0,phase2_mcf7,raw_modz_consensus
BRD-K67868012,LJP006_MCF7_24H_X1_B17,1.0,1.0,1.0,phase2_mcf7,raw_modz_consensus
BRD-K68065987,LJP006_MCF7_24H_X1_B17,0.06666666666666667,0.0,0.0,phase2_mcf7,raw_modz_consensus
BRD-K72414522,LJP006_MCF7_24H_X1_B17,0.25,0.0,1.0,phase2_mcf7,raw_modz_consensus
BRD-K79090631,LJP006_MCF7_24H_X1_B17,1.0,1.0,1.0,phase2_mcf7,raw_modz_consensus
BRD-K99545815,LJP006_MCF7_24H_X1_B17,0.3333333333333333,0.0,1.0,phase2_mcf7,raw_modz_consensus
BRD-K99749624,LJP006_MCF7_24H_X1_B17,1.0,1.0,1.0,phase2_mcf7,raw_modz_consensus
BRD-A39996500,LJP006_MCF7_24H_X2_B17,1.0,1.0,1.0,phase2_mcf7,raw_modz_consensus
BRD-K02708799,LJP006_MCF7_24H_X2_B17,0.027777777777777776,0.0,0.0,phase2_mcf7,raw_modz_consensus
BRD-K13390322,LJP006_MCF7_24H_X2_B17,0.06666666666666667,0.0,0.0,phase2_mcf7,raw_modz_consensus
BRD-K19687926,LJP006_MCF7_24H_X2_B17,0.5,0.0,1.0,phase2_mcf7,raw_modz_consensus
BRD-K20285085,LJP006_MCF7_24H_X2_B17,0.3333333333333333,0.0,1.0,phase2_mcf7,raw_modz_consensus
BRD-K23984367,LJP006_MCF7_24H_X2_B17,1.0,1.0,1.0,phase2_mcf7,raw_modz_consensus
BRD-K40175214,LJP006_MCF7_24H_X2_B17,0.09090909090909091,0.0,0.0,phase2_mcf7,raw_modz_consensus
BRD-K41895714,LJP006_MCF7_24H_X2_B17,1.0,1.0,1.0,phase2_mcf7,raw_modz_consensus
BRD-K49075727,LJP006_MCF7_24H_X2_B17,0.047619047619047616,0.0,0.0,phase2_mcf7,raw_modz_consensus
BRD-K49328571,LJP006_MCF7_24H_X2_B17,0.05,0.0,0.0,phase2_mcf7,raw_modz_consensus
BRD-K49865102,LJP006_MCF7_24H_X2_B17,0.01694915254237288,0.0,0.0,phase2_mcf7,raw_modz_consensus
BRD-K50168500,LJP006_MCF7_24H_X2_B17,0.034482758620689655,0.0,0.0,phase2_mcf7,raw_modz_consensus
BRD-K51313569,LJP006_MCF7_24H_X2_B17,0.025,0.0,0.0,phase2_mcf7,raw_modz_consensus
BRD-K52911425,LJP006_MCF7_24H_X2_B17,0.02564102564102564,0.0,0.0,phase2_mcf7,raw_modz_consensus
BRD-K56751279,LJP006_MCF7_24H_X2_B17,0.045454545454545456,0.0,0.0,phase2_mcf7,raw_modz_consensus
BRD-K57080016,LJP006_MCF7_24H_X2_B17,0.05,0.0,0.0,phase2_mcf7,raw_modz_consensus
BRD-K64800655,LJP006_MCF7_24H_X2_B17,1.0,1.0,1.0,phase2_mcf7,raw_modz_consensus
BRD-K67868012,LJP006_MCF7_24H_X2_B17,0.3333333333333333,0.0,1.0,phase2_mcf7,raw_modz_consensus
BRD-K68065987,LJP006_MCF7_24H_X2_B17,0.5,0.0,1.0,phase2_mcf7,raw_modz_consensus
BRD-K72414522,LJP006_MCF7_24H_X2_B17,0.07692307692307693,0.0,0.0,phase2_mcf7,raw_modz_consensus
BRD-K79090631,LJP006_MCF7_24H_X2_B17,1.0,1.0,1.0,phase2_mcf7,raw_modz_consensus
BRD-K99545815,LJP006_MCF7_24H_X2_B17,0.3333333333333333,0.0,1.0,phase2_mcf7,raw_modz_consensus
BRD-K99749624,LJP006_MCF7_24H_X2_B17,1.0,1.0,1.0,phase2_mcf7,raw_modz_consensus
BRD-A39996500,LJP006_MCF7_24H_X3_B17,1.0,1.0,1.0,phase2_mcf7,raw_modz_consensus
BRD-K02708799,LJP006_MCF7_24H_X3_B17,0.03571428571428571,0.0,0.0,phase2_mcf7,raw_modz_consensus
BRD-K13390322,LJP006_MCF7_24H_X3_B17,0.3333333333333333,0.0,1.0,phase2_mcf7,raw_modz_consensus
BRD-K19687926,LJP006_MCF7_24H_X3_B17,0.1111111111111111,0.0,0.0,phase2_mcf7,raw_modz_consensus
BRD-K20285085,LJP006_MCF7_24H_X3_B17,0.047619047619047616,0.0,0.0,phase2_mcf7,raw_modz_consensus
BRD-K23984367,LJP006_MCF7_24H_X3_B17,0.2,0.0,1.0,phase2_mcf7,raw_modz_consensus
BRD-K40175214,LJP006_MCF7_24H_X3_B17,1.0,1.0,1.0,phase2_mcf7,raw_modz_consensus
BRD-K41895714,LJP006_MCF7_24H_X3_B17,0.3333333333333333,0.0,1.0,phase2_mcf7,raw_modz_consensus
BRD-K49075727,LJP006_MCF7_24H_X3_B17,0.058823529411764705,0.0,0.0,phase2_mcf7,raw_modz_consensus
BRD-K49328571,LJP006_MCF7_24H_X3_B17,1.0,1.0,1.0,phase2_mcf7,raw_modz_consensus
BRD-K49865102,LJP006_MCF7_24H_X3_B17,0.5,0.0,1.0,phase2_mcf7,raw_modz_consensus
BRD-K50168500,LJP006_MCF7_24H_X3_B17,1.0,1.0,1.0,phase2_mcf7,raw_modz_consensus
BRD-K51313569,LJP006_MCF7_24H_X3_B17,1.0,1.0,1.0,phase2_mcf7,raw_modz_consensus
BRD-K52911425,LJP006_MCF7_24H_X3_B17,0.5,0.0,1.0,phase2_mcf7,raw_modz_consensus
BRD-K56751279,LJP006_MCF7_24H_X3_B17,0.0625,0.0,0.0,phase2_mcf7,raw_modz_consensus
BRD-K57080016,LJP006_MCF7_24H_X3_B17,0.07142857142857142,0.0,0.0,phase2_mcf7,raw_modz_consensus
BRD-K64800655,LJP006_MCF7_24H_X3_B17,1.0,1.0,1.0,phase2_mcf7,raw_modz_consensus
BRD-K67868012,LJP006_MCF7_24H_X3_B17,0.125,0.0,0.0,phase2_mcf7,raw_modz_consensus
BRD-K68065987,LJP006_MCF7_24H_X3_B17,0.5,0.0,1.0,phase2_mcf7,raw_modz_consensus
BRD-K72414522,LJP006_MCF7_24H_X3_B17,0.09090909090909091,0.0,0.0,phase2_mcf7,raw_modz_consensus
BRD-K79090631,LJP006_MCF7_24H_X3_B17,1.0,1.0,1.0,phase2_mcf7,raw_modz_consensus
BRD-K99545815,LJP006_MCF7_24H_X3_B17,1.0,1.0,1.0,phase2_mcf7,raw_modz_consensus
BRD-K99749624,LJP006_MCF7_24H_X3_B17,1.0,1.0,1.0,phase2_mcf7,raw_modz_consensus
BRD-A39996500,LJP006_MCF7_24H_X4_B19,0.125,0.0,0.0,phase2_mcf7,raw_modz_consensus
BRD-K02708799,LJP006_MCF7_24H_X4_B19,0.03125,0.0,0.0,phase2_mcf7,raw_modz_consensus
BRD-K13390322,LJP006_MCF7_24H_X4_B19,0.2,0.0,1.0,phase2_mcf7,raw_modz_consensus
BRD-K19687926,LJP006_MCF7_24H_X4_B19,0.038461538461538464,0.0,0.0,phase2_mcf7,raw_modz_consensus
BRD-K20285085,LJP006_MCF7_24H_X4_B19,0.045454545454545456,0.0,0.0,phase2_mcf7,raw_modz_consensus
BRD-K23984367,LJP006_MCF7_24H_X4_B19,0.030303030303030304,0.0,0.0,phase2_mcf7,raw_modz_consensus
BRD-K40175214,LJP006_MCF7_24H_X4_B19,0.3333333333333333,0.0,1.0,phase2_mcf7,raw_modz_consensus
BRD-K41895714,LJP006_MCF7_24H_X4_B19,0.016129032258064516,0.0,0.0,phase2_mcf7,raw_modz_consensus
BRD-K49075727,LJP006_MCF7_24H_X4_B19,0.015151515151515152,0.0,0.0,phase2_mcf7,raw_modz_consensus
BRD-K49328571,LJP006_MCF7_24H_X4_B19,1.0,1.0,1.0,phase2_mcf7,raw_modz_consensus
BRD-K49865102,LJP006_MCF7_24H_X4_B19,0.014084507042253521,0.0,0.0,phase2_mcf7,raw_modz_consensus
BRD-K50168500,LJP006_MCF7_24H_X4_B19,0.3333333333333333,0.0,1.0,phase2_mcf7,raw_modz_consensus
BRD-K51313569,LJP006_MCF7_24H_X4_B19,1.0,1.0,1.0,phase2_mcf7,raw_modz_consensus
BRD-K52911425,LJP006_MCF7_24H_X4_B19,0.1111111111111111,0.0,0.0,phase2_mcf7,raw_modz_consensus
BRD-K57080016,LJP006_MCF7_24H_X4_B19,0.07692307692307693,0.0,0.0,phase2_mcf7,raw_modz_consensus
BRD-K64800655,LJP006_MCF7_24H_X4_B19,0.5,0.0,1.0,phase2_mcf7,raw_modz_consensus
BRD-K67868012,LJP006_MCF7_24H_X4_B19,0.047619047619047616,0.0,0.0,phase2_mcf7,raw_modz_consensus
BRD-K68065987,LJP006_MCF7_24H_X4_B19,1.0,1.0,1.0,phase2_mcf7,raw_modz_consensus
BRD-K72414522,LJP006_MCF7_24H_X4_B19,0.16666666666666666,0.0,0.0,phase2_mcf7,raw_modz_consensus
BRD-K79090631,LJP006_MCF7_24H_X4_B19,1.0,1.0,1.0,phase2_mcf7,raw_modz_consensus
BRD-K99545815,LJP006_MCF7_24H_X4_B19,0.14285714285714285,0.0,0.0,phase2_mcf7,raw_modz_consensus
BRD-K99749624,LJP006_MCF7_24H_X4_B19,1.0,1.0,1.0,phase2_mcf7,raw_modz_consensus
BRD-A61304759,LJP007_MCF7_24H_X1_B20,1.0,1.0,1.0,phase2_mcf7,raw_modz_consensus
BRD-K02708799,LJP007_MCF7_24H_X1_B20,1.0,1.0,1.0,phase2_mcf7,raw_modz_consensus
BRD-K05804044,LJP007_MCF7_24H_X1_B20,0.3333333333333333,0.0,1.0,phase2_mcf7,raw_modz_consensus
BRD-K13662825,LJP007_MCF7_24H_X1_B20,1.0,1.0,1.0,phase2_mcf7,raw_modz_consensus
BRD-K21718444,LJP007_MCF7_24H_X1_B20,0.058823529411764705,0.0,0.0,phase2_mcf7,raw_modz_consensus
BRD-K28392481,LJP007_MCF7_24H_X1_B20,0.07142857142857142,0.0,0.0,phase2_mcf7,raw_modz_consensus
BRD-K33379087,LJP007_MCF7_24H_X1_B20,0.05,0.0,0.0,phase2_mcf7,raw_modz_consensus
BRD-K40738845,LJP007_MCF7_24H_X1_B20,0.3333333333333333,0.0,1.0,phase2_mcf7,raw_modz_consensus
BRD-K42805893,LJP007_MCF7_24H_X1_B20,1.0,1.0,1.0,phase2_mcf7,raw_modz_consensus
BRD-K49328571,LJP007_MCF7_24H_X1_B20,0.1,0.0,0.0,phase2_mcf7,raw_modz_consensus
BRD-K49865102,LJP007_MCF7_24H_X1_B20,0.013333333333333334,0.0,0.0,phase2_mcf7,raw_modz_consensus
BRD-K51544265,LJP007_MCF7_24H_X1_B20,0.07142857142857142,0.0,0.0,phase2_mcf7,raw_modz_consensus
BRD-K53414658,LJP007_MCF7_24H_X1_B20,0.14285714285714285,0.0,0.0,phase2_mcf7,raw_modz_consensus
BRD-K53417444,LJP007_MCF7_24H_X1_B20,1.0,1.0,1.0,phase2_mcf7,raw_modz_consensus
BRD-K57169635,LJP007_MCF7_24H_X1_B20,0.3333333333333333,0.0,1.0,phase2_mcf7,raw_modz_consensus
BRD-K59317601,LJP007_MCF7_24H_X1_B20,1.0,1.0,1.0,phase2_mcf7,raw_modz_consensus
BRD-K60866521,LJP007_MCF7_24H_X1_B20,0.05555555555555555,0.0,0.0,phase2_mcf7,raw_modz_consensus
BRD-K66538826,LJP007_MCF7_24H_X1_B20,0.02631578947368421,0.0,0.0,phase2_mcf7,raw_modz_consensus
BRD-K71035033,LJP007_MCF7_24H_X1_B20,0.16666666666666666,0.0,0.0,phase2_mcf7,raw_modz_consensus
BRD-K74065929,LJP007_MCF7_24H_X1_B20,0.012987012987012988,0.0,0.0,phase2_mcf7,raw_modz_consensus
BRD-K74514084,LJP007_MCF7_24H_X1_B20,0.019230769230769232,0.0,0.0,phase2_mcf7,raw_modz_consensus
BRD-K77625799,LJP007_MCF7_24H_X1_B20,0.02,0.0,0.0,phase2_mcf7,raw_modz_consensus
BRD-K79090631,LJP007_MCF7_24H_X1_B20,0.3333333333333333,0.0,1.0,phase2_mcf7,raw_modz_consensus
BRD-K80700417,LJP007_MCF7_24H_X1_B20,1.0,1.0,1.0,phase2_mcf7,raw_modz_consensus
BRD-K93918653,LJP007_MCF7_24H_X1_B20,0.2,0.0,1.0,phase2_mcf7,raw_modz_consensus
BRD-K99964838,LJP007_MCF7_24H_X1_B20,0.25,0.0,1.0,phase2_mcf7,raw_modz_consensus
BRD-A61304759,LJP007_MCF7_24H_X2_B20,1.0,1.0,1.0,phase2_mcf7,raw_modz_consensus
BRD-K02708799,LJP007_MCF7_24H_X2_B20,0.2,0.0,1.0,phase2_mcf7,raw_modz_consensus
BRD-K05804044,LJP007_MCF7_24H_X2_B20,0.08333333333333333,0.0,0.0,phase2_mcf7,raw_modz_consensus
BRD-K13662825,LJP007_MCF7_24H_X2_B20,1.0,1.0,1.0,phase2_mcf7,raw_modz_consensus
BRD-K21718444,LJP007_MCF7_24H_X2_B20,0.06666666666666667,0.0,0.0,phase2_mcf7,raw_modz_consensus
BRD-K28392481,LJP007_MCF7_24H_X2_B20,0.16666666666666666,0.0,0.0,phase2_mcf7,raw_modz_consensus
BRD-K33379087,LJP007_MCF7_24H_X2_B20,0.5,0.0,1.0,phase2_mcf7,raw_modz_consensus
BRD-K40738845,LJP007_MCF7_24H_X2_B20,0.045454545454545456,0.0,0.0,phase2_mcf7,raw_modz_consensus
BRD-K42805893,LJP007_MCF7_24H_X2_B20,1.0,1.0,1.0,phase2_mcf7,raw_modz_consensus
BRD-K49328571,LJP007_MCF7_24H_X2_B20,0.0625,0.0,0.0,phase2_mcf7,raw_modz_consensus
BRD-K49865102,LJP007_MCF7_24H_X2_B20,0.16666666666666666,0.0,0.0,phase2_mcf7,raw_modz_consensus
BRD-K51544265,LJP007_MCF7_24H_X2_B20,0.5,0.0,1.0,phase2_mcf7,raw_modz_consensus
BRD-K53414658,LJP007_MCF7_24H_X2_B20,0.16666666666666666,0.0,0.0,phase2_mcf7,raw_modz_consensus
BRD-K53417444,LJP007_MCF7_24H_X2_B20,0.5,0.0,1.0,phase2_mcf7,raw_modz_consensus
BRD-K57169635,LJP007_MCF7_24H_X2_B20,1.0,1.0,1.0,phase2_mcf7,raw_modz_consensus
BRD-K59317601,LJP007_MCF7_24H_X2_B20,1.0,1.0,1.0,phase2_mcf7,raw_modz_consensus
BRD-K60866521,LJP007_MCF7_24H_X2_B20,0.058823529411764705,0.0,0.0,phase2_mcf7,raw_modz_consensus
BRD-K66538826,LJP007_MCF7_24H_X2_B20,0.02564102564102564,0.0,0.0,phase2_mcf7,raw_modz_consensus
BRD-K71035033,LJP007_MCF7_24H_X2_B20,0.045454545454545456,0.0,0.0,phase2_mcf7,raw_modz_consensus
BRD-K74065929,LJP007_MCF7_24H_X2_B20,1.0,1.0,1.0,phase2_mcf7,raw_modz_consensus
BRD-K74514084,LJP007_MCF7_24H_X2_B20,0.05555555555555555,0.0,0.0,phase2_mcf7,raw_modz_consensus
BRD-K77625799,LJP007_MCF7_24H_X2_B20,0.07692307692307693,0.0,0.0,phase2_mcf7,raw_modz_consensus
BRD-K79090631,LJP007_MCF7_24H_X2_B20,1.0,1.0,1.0,phase2_mcf7,raw_modz_consensus
BRD-K80700417,LJP007_MCF7_24H_X2_B20,0.2,0.0,1.0,phase2_mcf7,raw_modz_consensus
BRD-K93918653,LJP007_MCF7_24H_X2_B20,0.1,0.0,0.0,phase2_mcf7,raw_modz_consensus
BRD-K99964838,LJP007_MCF7_24H_X2_B20,1.0,1.0,1.0,phase2_mcf7,raw_modz_consensus
BRD-A61304759,LJP007_MCF7_24H_X3_B20,1.0,1.0,1.0,phase2_mcf7,raw_modz_consensus
BRD-K02708799,LJP007_MCF7_24H_X3_B20,1.0,1.0,1.0,phase2_mcf7,raw_modz_consensus
BRD-K05804044,LJP007_MCF7_24H_X3_B20,0.5,0.0,1.0,phase2_mcf7,raw_modz_consensus
BRD-K13662825,LJP007_MCF7_24H_X3_B20,1.0,1.0,1.0,phase2_mcf7,raw_modz_consensus
BRD-K21718444,LJP007_MCF7_24H_X3_B20,0.5,0.0,1.0,phase2_mcf7,raw_modz_consensus
BRD-K28392481,LJP007_MCF7_24H_X3_B20,1.0,1.0,1.0,phase2_mcf7,raw_modz_consensus
BRD-K33379087,LJP007_MCF7_24H_X3_B20,0.5,0.0,1.0,phase2_mcf7,raw_modz_consensus
BRD-K40738845,LJP007_MCF7_24H_X3_B20,0.3333333333333333,0.0,1.0,phase2_mcf7,raw_modz_consensus
BRD-K42805893,LJP007_MCF7_24H_X3_B20,1.0,1.0,1.0,phase2_mcf7,raw_modz_consensus
BRD-K49328571,LJP007_MCF7_24H_X3_B20,1.0,1.0,1.0,phase2_mcf7,raw_modz_consensus
BRD-K49865102,LJP007_MCF7_24H_X3_B20,0.3333333333333333,0.0,1.0,phase2_mcf7,raw_modz_consensus
BRD-K51544265,LJP007_MCF7_24H_X3_B20,0.5,0.0,1.0,phase2_mcf7,raw_modz_consensus
BRD-K53414658,LJP007_MCF7_24H_X3_B20,0.2,0.0,1.0,phase2_mcf7,raw_modz_consensus
BRD-K53417444,LJP007_MCF7_24H_X3_B20,0.3333333333333333,0.0,1.0,phase2_mcf7,raw_modz_consensus
BRD-K57169635,LJP007_MCF7_24H_X3_B20,1.0,1.0,1.0,phase2_mcf7,raw_modz_consensus
BRD-K59317601,LJP007_MCF7_24H_X3_B20,1.0,1.0,1.0,phase2_mcf7,raw_modz_consensus
BRD-K60866521,LJP007_MCF7_24H_X3_B20,0.14285714285714285,0.0,0.0,phase2_mcf7,raw_modz_consensus
BRD-K66538826,LJP007_MCF7_24H_X3_B20,0.02702702702702703,0.0,0.0,phase2_mcf7,raw_modz_consensus
BRD-K71035033,LJP007_MCF7_24H_X3_B20,0.125,0.0,0.0,phase2_mcf7,raw_modz_consensus
BRD-K74065929,LJP007_MCF7_24H_X3_B20,1.0,1.0,1.0,phase2_mcf7,raw_modz_consensus
BRD-K74514084,LJP007_MCF7_24H_X3_B20,0.01818181818181818,0.0,0.0,phase2_mcf7,raw_modz_consensus
BRD-K77625799,LJP007_MCF7_24H_X3_B20,0.030303030303030304,0.0,0.0,phase2_mcf7,raw_modz_consensus
BRD-K79090631,LJP007_MCF7_24H_X3_B20,0.5,0.0,1.0,phase2_mcf7,raw_modz_consensus
BRD-K80700417,LJP007_MCF7_24H_X3_B20,1.0,1.0,1.0,phase2_mcf7,raw_modz_consensus
BRD-K93918653,LJP007_MCF7_24H_X3_B20,0.06666666666666667,0.0,0.0,phase2_mcf7,raw_modz_consensus
BRD-K99964838,LJP007_MCF7_24H_X3_B20,0.1111111111111111,0.0,0.0,phase2_mcf7,raw_modz_consensus
BRD-A58280226,LJP008_MCF7_24H_X1_B20,1.0,1.0,1.0,phase2_mcf7,raw_modz_consensus
BRD-A61304759,LJP008_MCF7_24H_X1_B20,1.0,1.0,1.0,phase2_mcf7,raw_modz_consensus
BRD-K02113016,LJP008_MCF7_24H_X1_B20,0.25,0.0,1.0,phase2_mcf7,raw_modz_consensus
BRD-K02708799,LJP008_MCF7_24H_X1_B20,1.0,1.0,1.0,phase2_mcf7,raw_modz_consensus
BRD-K08109215,LJP008_MCF7_24H_X1_B20,1.0,1.0,1.0,phase2_mcf7,raw_modz_consensus
BRD-K11153516,LJP008_MCF7_24H_X1_B20,1.0,1.0,1.0,phase2_mcf7,raw_modz_consensus
BRD-K12787259,LJP008_MCF7_24H_X1_B20,0.5,0.0,1.0,phase2_mcf7,raw_modz_consensus
BRD-K17743125,LJP008_MCF7_24H_X1_B20,1.0,1.0,1.0,phase2_mcf7,raw_modz_consensus
BRD-K36740062,LJP008_MCF7_24H_X1_B20,0.3333333333333333,0.0,1.0,phase2_mcf7,raw_modz_consensus
BRD-K49328571,LJP008_MCF7_24H_X1_B20,0.019230769230769232,0.0,0.0,phase2_mcf7,raw_modz_consensus
BRD-K49865102,LJP008_MCF7_24H_X1_B20,0.5,0.0,1.0,phase2_mcf7,raw_modz_consensus
BRD-K54256913,LJP008_MCF7_24H_X1_B20,1.0,1.0,1.0,phase2_mcf7,raw_modz_consensus
BRD-K56301217,LJP008_MCF7_24H_X1_B20,0.025,0.0,0.0,phase2_mcf7,raw_modz_consensus
BRD-K77908580,LJP008_MCF7_24H_X1_B20,1.0,1.0,1.0,phase2_mcf7,raw_modz_consensus
BRD-K79090631,LJP008_MCF7_24H_X1_B20,1.0,1.0,1.0,phase2_mcf7,raw_modz_consensus
BRD-K79254416,LJP008_MCF7_24H_X1_B20,0.05263157894736842,0.0,0.0,phase2_mcf7,raw_modz_consensus
BRD-K82928847,LJP008_MCF7_24H_X1_B20,0.5,0.0,1.0,phase2_mcf7,raw_modz_consensus
BRD-K87142802,LJP008_MCF7_24H_X1_B20,1.0,1.0,1.0,phase2_mcf7,raw_modz_consensus
BRD-K92428232,LJP008_MCF7_24H_X1_B20,0.5,0.0,1.0,phase2_mcf7,raw_modz_consensus
BRD-A58280226,LJP008_MCF7_24H_X2_B20,1.0,1.0,1.0,phase2_mcf7,raw_modz_consensus
BRD-A61304759,LJP008_MCF7_24H_X2_B20,1.0,1.0,1.0,phase2_mcf7,raw_modz_consensus
BRD-K02113016,LJP008_MCF7_24H_X2_B20,0.25,0.0,1.0,phase2_mcf7,raw_modz_consensus
BRD-K02708799,LJP008_MCF7_24H_X2_B20,1.0,1.0,1.0,phase2_mcf7,raw_modz_consensus
BRD-K08109215,LJP008_MCF7_24H_X2_B20,1.0,1.0,1.0,phase2_mcf7,raw_modz_consensus
BRD-K11153516,LJP008_MCF7_24H_X2_B20,1.0,1.0,1.0,phase2_mcf7,raw_modz_consensus
BRD-K12787259,LJP008_MCF7_24H_X2_B20,1.0,1.0,1.0,phase2_mcf7,raw_modz_consensus
BRD-K17743125,LJP008_MCF7_24H_X2_B20,1.0,1.0,1.0,phase2_mcf7,raw_modz_consensus
BRD-K36740062,LJP008_MCF7_24H_X2_B20,0.06666666666666667,0.0,0.0,phase2_mcf7,raw_modz_consensus
BRD-K49328571,LJP008_MCF7_24H_X2_B20,0.047619047619047616,0.0,0.0,phase2_mcf7,raw_modz_consensus
BRD-K49865102,LJP008_MCF7_24H_X2_B20,0.25,0.0,1.0,phase2_mcf7,raw_modz_consensus
BRD-K54256913,LJP008_MCF7_24H_X2_B20,0.5,0.0,1.0,phase2_mcf7,raw_modz_consensus
BRD-K56301217,LJP008_MCF7_24H_X2_B20,0.034482758620689655,0.0,0.0,phase2_mcf7,raw_modz_consensus
BRD-K77908580,LJP008_MCF7_24H_X2_B20,1.0,1.0,1.0,phase2_mcf7,raw_modz_consensus
BRD-K79090631,LJP008_MCF7_24H_X2_B20,0.16666666666666666,0.0,0.0,phase2_mcf7,raw_modz_consensus
BRD-K79254416,LJP008_MCF7_24H_X2_B20,0.038461538461538464,0.0,0.0,phase2_mcf7,raw_modz_consensus
BRD-K82928847,LJP008_MCF7_24H_X2_B20,1.0,1.0,1.0,phase2_mcf7,raw_modz_consensus
BRD-K87142802,LJP008_MCF7_24H_X2_B20,0.02040816326530612,0.0,0.0,phase2_mcf7,raw_modz_consensus
BRD-K92428232,LJP008_MCF7_24H_X2_B20,1.0,1.0,1.0,phase2_mcf7,raw_modz_consensus
BRD-A58280226,LJP008_MCF7_24H_X3_B20,0.0196078431372549,0.0,0.0,phase2_mcf7,raw_modz_consensus
BRD-A61304759,LJP008_MCF7_24H_X3_B20,1.0,1.0,1.0,phase2_mcf7,raw_modz_consensus
BRD-K02113016,LJP008_MCF7_24H_X3_B20,0.03333333333333333,0.0,0.0,phase2_mcf7,raw_modz_consensus
BRD-K02708799,LJP008_MCF7_24H_X3_B20,1.0,1.0,1.0,phase2_mcf7,raw_modz_consensus
BRD-K08109215,LJP008_MCF7_24H_X3_B20,1.0,1.0,1.0,phase2_mcf7,raw_modz_consensus
BRD-K11153516,LJP008_MCF7_24H_X3_B20,0.012658227848101266,0.0,0.0,phase2_mcf7,raw_modz_consensus
BRD-K12787259,LJP008_MCF7_24H_X3_B20,0.5,0.0,1.0,phase2_mcf7,raw_modz_consensus
BRD-K17743125,LJP008_MCF7_24H_X3_B20,1.0,1.0,1.0,phase2_mcf7,raw_modz_consensus
BRD-K36740062,LJP008_MCF7_24H_X3_B20,0.06666666666666667,0.0,0.0,phase2_mcf7,raw_modz_consensus
BRD-K49328571,LJP008_MCF7_24H_X3_B20,0.5,0.0,1.0,phase2_mcf7,raw_modz_consensus
BRD-K49865102,LJP008_MCF7_24H_X3_B20,0.5,0.0,1.0,phase2_mcf7,raw_modz_consensus
BRD-K54256913,LJP008_MCF7_24H_X3_B20,0.14285714285714285,0.0,0.0,phase2_mcf7,raw_modz_consensus
BRD-K56301217,LJP008_MCF7_24H_X3_B20,0.014705882352941176,0.0,0.0,phase2_mcf7,raw_modz_consensus
BRD-K77908580,LJP008_MCF7_24H_X3_B20,1.0,1.0,1.0,phase2_mcf7,raw_modz_consensus
BRD-K79090631,LJP008_MCF7_24H_X3_B20,0.3333333333333333,0.0,1.0,phase2_mcf7,raw_modz_consensus
BRD-K79254416,LJP008_MCF7_24H_X3_B20,0.02564102564102564,0.0,0.0,phase2_mcf7,raw_modz_consensus
BRD-K82928847,LJP008_MCF7_24H_X3_B20,0.16666666666666666,0.0,0.0,phase2_mcf7,raw_modz_consensus
BRD-K87142802,LJP008_MCF7_24H_X3_B20,0.5,0.0,1.0,phase2_mcf7,raw_modz_consensus
BRD-K92428232,LJP008_MCF7_24H_X3_B20,1.0,1.0,1.0,phase2_mcf7,raw_modz_consensus
BRD-A61304759,LJP009_MCF7_24H_X1_B20,1.0,1.0,1.0,phase2_mcf7,raw_modz_consensus
BRD-K02113016,LJP009_MCF7_24H_X1_B20,0.013333333333333334,0.0,0.0,phase2_mcf7,raw_modz_consensus
BRD-K02123250,LJP009_MCF7_24H_X1_B20,0.5,0.0,1.0,phase2_mcf7,raw_modz_consensus
BRD-K02708799,LJP009_MCF7_24H_X1_B20,0.5,0.0,1.0,phase2_mcf7,raw_modz_consensus
BRD-K09132007,LJP009_MCF7_24H_X1_B20,0.014492753623188406,0.0,0.0,phase2_mcf7,raw_modz_consensus
BRD-K09951645,LJP009_MCF7_24H_X1_B20,0.029411764705882353,0.0,0.0,phase2_mcf7,raw_modz_consensus
BRD-K16730910,LJP009_MCF7_24H_X1_B20,0.2,0.0,1.0,phase2_mcf7,raw_modz_consensus
BRD-K19477839,LJP009_MCF7_24H_X1_B20,0.047619047619047616,0.0,0.0,phase2_mcf7,raw_modz_consensus
BRD-K45746021,LJP009_MCF7_24H_X1_B20,0.5,0.0,1.0,phase2_mcf7,raw_modz_consensus
BRD-K49328571,LJP009_MCF7_24H_X1_B20,0.14285714285714285,0.0,0.0,phase2_mcf7,raw_modz_consensus
BRD-K49865102,LJP009_MCF7_24H_X1_B20,0.5,0.0,1.0,phase2_mcf7,raw_modz_consensus
BRD-K70511574,LJP009_MCF7_24H_X1_B20,0.05,0.0,0.0,phase2_mcf7,raw_modz_consensus
BRD-K79090631,LJP009_MCF7_24H_X1_B20,0.5,0.0,1.0,phase2_mcf7,raw_modz_consensus
BRD-K83963101,LJP009_MCF7_24H_X1_B20,0.3333333333333333,0.0,1.0,phase2_mcf7,raw_modz_consensus
BRD-K87142802,LJP009_MCF7_24H_X1_B20,1.0,1.0,1.0,phase2_mcf7,raw_modz_consensus
BRD-K93123848,LJP009_MCF7_24H_X1_B20,0.01694915254237288,0.0,0.0,phase2_mcf7,raw_modz_consensus
BRD-A61304759,LJP009_MCF7_24H_X2_B20,1.0,1.0,1.0,phase2_mcf7,raw_modz_consensus
BRD-K02113016,LJP009_MCF7_24H_X2_B20,0.058823529411764705,0.0,0.0,phase2_mcf7,raw_modz_consensus
BRD-K02123250,LJP009_MCF7_24H_X2_B20,0.3333333333333333,0.0,1.0,phase2_mcf7,raw_modz_consensus
BRD-K02708799,LJP009_MCF7_24H_X2_B20,0.09090909090909091,0.0,0.0,phase2_mcf7,raw_modz_consensus
BRD-K09132007,LJP009_MCF7_24H_X2_B20,0.06666666666666667,0.0,0.0,phase2_mcf7,raw_modz_consensus
BRD-K09951645,LJP009_MCF7_24H_X2_B20,0.3333333333333333,0.0,1.0,phase2_mcf7,raw_modz_consensus
BRD-K16730910,LJP009_MCF7_24H_X2_B20,0.2,0.0,1.0,phase2_mcf7,raw_modz_consensus
BRD-K19477839,LJP009_MCF7_24H_X2_B20,0.03125,0.0,0.0,phase2_mcf7,raw_modz_consensus
BRD-K45746021,LJP009_MCF7_24H_X2_B20,0.2,0.0,1.0,phase2_mcf7,raw_modz_consensus
BRD-K49328571,LJP009_MCF7_24H_X2_B20,1.0,1.0,1.0,phase2_mcf7,raw_modz_consensus
BRD-K49865102,LJP009_MCF7_24H_X2_B20,0.0625,0.0,0.0,phase2_mcf7,raw_modz_consensus
BRD-K70511574,LJP009_MCF7_24H_X2_B20,0.5,0.0,1.0,phase2_mcf7,raw_modz_consensus
BRD-K79090631,LJP009_MCF7_24H_X2_B20,0.5,0.0,1.0,phase2_mcf7,raw_modz_consensus
BRD-K83963101,LJP009_MCF7_24H_X2_B20,1.0,1.0,1.0,phase2_mcf7,raw_modz_consensus
BRD-K87142802,LJP009_MCF7_24H_X2_B20,0.25,0.0,1.0,phase2_mcf7,raw_modz_consensus
BRD-K93123848,LJP009_MCF7_24H_X2_B20,0.018867924528301886,0.0,0.0,phase2_mcf7,raw_modz_consensus
BRD-A61304759,LJP009_MCF7_24H_X3_B20,1.0,1.0,1.0,phase2_mcf7,raw_modz_consensus
BRD-K02113016,LJP009_MCF7_24H_X3_B20,0.04,0.0,0.0,phase2_mcf7,raw_modz_consensus
BRD-K02123250,LJP009_MCF7_24H_X3_B20,0.2,0.0,1.0,phase2_mcf7,raw_modz_consensus
BRD-K02708799,LJP009_MCF7_24H_X3_B20,1.0,1.0,1.0,phase2_mcf7,raw_modz_consensus
BRD-K09132007,LJP009_MCF7_24H_X3_B20,0.0625,0.0,0.0,phase2_mcf7,raw_modz_consensus
BRD-K09951645,LJP009_MCF7_24H_X3_B20,1.0,1.0,1.0,phase2_mcf7,raw_modz_consensus
BRD-K16730910,LJP009_MCF7_24H_X3_B20,0.038461538461538464,0.0,0.0,phase2_mcf7,raw_modz_consensus
BRD-K19477839,LJP009_MCF7_24H_X3_B20,0.018867924528301886,0.0,0.0,phase2_mcf7,raw_modz_consensus
BRD-K45746021,LJP009_MCF7_24H_X3_B20,1.0,1.0,1.0,phase2_mcf7,raw_modz_consensus
BRD-K49328571,LJP009_MCF7_24H_X3_B20,0.16666666666666666,0.0,0.0,phase2_mcf7,raw_modz_consensus
BRD-K49865102,LJP009_MCF7_24H_X3_B20,0.015625,0.0,0.0,phase2_mcf7,raw_modz_consensus
BRD-K70511574,LJP009_MCF7_24H_X3_B20,1.0,1.0,1.0,phase2_mcf7,raw_modz_consensus
BRD-K79090631,LJP009_MCF7_24H_X3_B20,1.0,1.0,1.0,phase2_mcf7,raw_modz_consensus
BRD-K83963101,LJP009_MCF7_24H_X3_B20,0.16666666666666666,0.0,0.0,phase2_mcf7,raw_modz_consensus
BRD-K87142802,LJP009_MCF7_24H_X3_B20,1.0,1.0,1.0,phase2_mcf7,raw_modz_consensus
BRD-K93123848,LJP009_MCF7_24H_X3_B20,0.02631578947368421,0.0,0.0,phase2_mcf7,raw_modz_consensus
BRD-K12184916,REP.A002_MCF7_24H_X1_B27,0.16666666666666666,0.0,0.0,phase2_mcf7,raw_modz_consensus
BRD-K16730910,REP.A002_MCF7_24H_X1_B27,1.0,1.0,1.0,phase2_mcf7,raw_modz_consensus
BRD-K17743125,REP.A002_MCF7_24H_X1_B27,1.0,1.0,1.0,phase2_mcf7,raw_modz_consensus
BRD-K99964838,REP.A002_MCF7_24H_X1_B27,0.014285714285714285,0.0,0.0,phase2_mcf7,raw_modz_consensus
BRD-K12184916,REP.A002_MCF7_24H_X2_B29,0.013513513513513514,0.0,0.0,phase2_mcf7,raw_modz_consensus
BRD-K16730910,REP.A002_MCF7_24H_X2_B29,0.05,0.0,0.0,phase2_mcf7,raw_modz_consensus
BRD-K17743125,REP.A002_MCF7_24H_X2_B29,0.020833333333333332,0.0,0.0,phase2_mcf7,raw_modz_consensus
BRD-K99964838,REP.A002_MCF7_24H_X2_B29,0.013157894736842105,0.0,0.0,phase2_mcf7,raw_modz_consensus
BRD-K12184916,REP.A002_MCF7_24H_X3_B27,0.08333333333333333,0.0,0.0,phase2_mcf7,raw_modz_consensus
BRD-K16730910,REP.A002_MCF7_24H_X3_B27,1.0,1.0,1.0,phase2_mcf7,raw_modz_consensus
BRD-K17743125,REP.A002_MCF7_24H_X3_B27,1.0,1.0,1.0,phase2_mcf7,raw_modz_consensus
BRD-K99964838,REP.A002_MCF7_24H_X3_B27,0.2,0.0,1.0,phase2_mcf7,raw_modz_consensus
BRD-K33379087,REP.A003_MCF7_24H_X1_B27,1.0,1.0,1.0,phase2_mcf7,raw_modz_consensus
BRD-K33379087,REP.A003_MCF7_24H_X2_B27,0.5,0.0,1.0,phase2_mcf7,raw_modz_consensus
BRD-K33379087,REP.A003_MCF7_24H_X3_B27,1.0,1.0,1.0,phase2_mcf7,raw_modz_consensus
BRD-K19687926,REP.A004_MCF7_24H_X1_B27,0.027777777777777776,0.0,0.0,phase2_mcf7,raw_modz_consensus
BRD-K20285085,REP.A004_MCF7_24H_X1_B27,1.0,1.0,1.0,phase2_mcf7,raw_modz_consensus
BRD-K21718444,REP.A004_MCF7_24H_X1_B27,1.0,1.0,1.0,phase2_mcf7,raw_modz_consensus
BRD-K19687926,REP.A004_MCF7_24H_X2_B27,0.02,0.0,0.0,phase2_mcf7,raw_modz_consensus
BRD-K20285085,REP.A004_MCF7_24H_X2_B27,1.0,1.0,1.0,phase2_mcf7,raw_modz_consensus
BRD-K21718444,REP.A004_MCF7_24H_X2_B27,1.0,1.0,1.0,phase2_mcf7,raw_modz_consensus
BRD-K19687926,REP.A004_MCF7_24H_X3_B27,0.038461538461538464,0.0,0.0,phase2_mcf7,raw_modz_consensus
BRD-K20285085,REP.A004_MCF7_24H_X3_B27,1.0,1.0,1.0,phase2_mcf7,raw_modz_consensus
BRD-K21718444,REP.A004_MCF7_24H_X3_B27,1.0,1.0,1.0,phase2_mcf7,raw_modz_consensus
BRD-K08109215,REP.A005_MCF7_24H_X1_B27,1.0,1.0,1.0,phase2_mcf7,raw_modz_consensus
BRD-K08799216,REP.A005_MCF7_24H_X1_B27,1.0,1.0,1.0,phase2_mcf7,raw_modz_consensus
BRD-K09132007,REP.A005_MCF7_24H_X1_B27,0.1,0.0,0.0,phase2_mcf7,raw_modz_consensus
BRD-K09951645,REP.A005_MCF7_24H_X1_B27,0.022727272727272728,0.0,0.0,phase2_mcf7,raw_modz_consensus
BRD-K11153516,REP.A005_MCF7_24H_X1_B27,0.5,0.0,1.0,phase2_mcf7,raw_modz_consensus
BRD-K08109215,REP.A005_MCF7_24H_X2_B27,1.0,1.0,1.0,phase2_mcf7,raw_modz_consensus
BRD-K08799216,REP.A005_MCF7_24H_X2_B27,1.0,1.0,1.0,phase2_mcf7,raw_modz_consensus
BRD-K09132007,REP.A005_MCF7_24H_X2_B27,0.02127659574468085,0.0,0.0,phase2_mcf7,raw_modz_consensus
BRD-K09951645,REP.A005_MCF7_24H_X2_B27,1.0,1.0,1.0,phase2_mcf7,raw_modz_consensus
BRD-K11153516,REP.A005_MCF7_24H_X2_B27,0.5,0.0,1.0,phase2_mcf7,raw_modz_consensus
BRD-K08109215,REP.A005_MCF7_24H_X3_B27,1.0,1.0,1.0,phase2_mcf7,raw_modz_consensus
BRD-K08799216,REP.A005_MCF7_24H_X3_B27,1.0,1.0,1.0,phase2_mcf7,raw_modz_consensus
BRD-K09132007,REP.A005_MCF7_24H_X3_B27,1.0,1.0,1.0,phase2_mcf7,raw_modz_consensus
BRD-K09951645,REP.A005_MCF7_24H_X3_B27,0.5,0.0,1.0,phase2_mcf7,raw_modz_consensus
BRD-K11153516,REP.A005_MCF7_24H_X3_B27,1.0,1.0,1.0,phase2_mcf7,raw_modz_consensus
BRD-K19477839,REP.A006_MCF7_24H_X1_B22,0.037037037037037035,0.0,0.0,phase2_mcf7,raw_modz_consensus
BRD-K23984367,REP.A006_MCF7_24H_X1_B22,0.043478260869565216,0.0,0.0,phase2_mcf7,raw_modz_consensus
BRD-K19477839,REP.A006_MCF7_24H_X2_B24,1.0,1.0,1.0,phase2_mcf7,raw_modz_consensus
BRD-K23984367,REP.A006_MCF7_24H_X2_B24,0.015384615384615385,0.0,0.0,phase2_mcf7,raw_modz_consensus
BRD-K19477839,REP.A006_MCF7_24H_X3_B22,0.3333333333333333,0.0,1.0,phase2_mcf7,raw_modz_consensus
BRD-K23984367,REP.A006_MCF7_24H_X3_B22,0.09090909090909091,0.0,0.0,phase2_mcf7,raw_modz_consensus
BRD-K40175214,REP.A007_MCF7_24H_X1_B22,0.5,0.0,1.0,phase2_mcf7,raw_modz_consensus
BRD-K42191735,REP.A007_MCF7_24H_X1_B22,0.037037037037037035,0.0,0.0,phase2_mcf7,raw_modz_consensus
BRD-K42805893,REP.A007_MCF7_24H_X1_B22,1.0,1.0,1.0,phase2_mcf7,raw_modz_consensus
BRD-K52911425,REP.A007_MCF7_24H_X1_B22,1.0,1.0,1.0,phase2_mcf7,raw_modz_consensus
BRD-K67868012,REP.A007_MCF7_24H_X1_B22,0.02,0.0,0.0,phase2_mcf7,raw_modz_consensus
BRD-K40175214,REP.A007_MCF7_24H_X2_B22,0.04,0.0,0.0,phase2_mcf7,raw_modz_consensus
BRD-K42191735,REP.A007_MCF7_24H_X2_B22,1.0,1.0,1.0,phase2_mcf7,raw_modz_consensus
BRD-K42805893,REP.A007_MCF7_24H_X2_B22,0.07692307692307693,0.0,0.0,phase2_mcf7,raw_modz_consensus
BRD-K52911425,REP.A007_MCF7_24H_X2_B22,0.25,0.0,1.0,phase2_mcf7,raw_modz_consensus
BRD-K67868012,REP.A007_MCF7_24H_X2_B22,0.037037037037037035,0.0,0.0,phase2_mcf7,raw_modz_consensus
BRD-K40175214,REP.A007_MCF7_24H_X3.A2_B23,1.0,1.0,1.0,phase2_mcf7,raw_modz_consensus
BRD-K42191735,REP.A007_MCF7_24H_X3.A2_B23,1.0,1.0,1.0,phase2_mcf7,raw_modz_consensus
BRD-K42805893,REP.A007_MCF7_24H_X3.A2_B23,1.0,1.0,1.0,phase2_mcf7,raw_modz_consensus
BRD-K52911425,REP.A007_MCF7_24H_X3.A2_B23,0.14285714285714285,0.0,0.0,phase2_mcf7,raw_modz_consensus
BRD-K67868012,REP.A007_MCF7_24H_X3.A2_B23,0.03333333333333333,0.0,0.0,phase2_mcf7,raw_modz_consensus
BRD-K36740062,REP.A008_MCF7_24H_X1_B24,0.5,0.0,1.0,phase2_mcf7,raw_modz_consensus
BRD-K36740062,REP.A008_MCF7_24H_X2_B24,1.0,1.0,1.0,phase2_mcf7,raw_modz_consensus
BRD-K36740062,REP.A008_MCF7_24H_X3_B24,1.0,1.0,1.0,phase2_mcf7,raw_modz_consensus
BRD-K28392481,REP.A009_MCF7_24H_X1_B24,0.030303030303030304,0.0,0.0,phase2_mcf7,raw_modz_consensus
BRD-K28392481,REP.A009_MCF7_24H_X2_B24,0.3333333333333333,0.0,1.0,phase2_mcf7,raw_modz_consensus
BRD-K28392481,REP.A009_MCF7_24H_X3_B24,1.0,1.0,1.0,phase2_mcf7,raw_modz_consensus
BRD-K12787259,REP.A010_MCF7_24H_X1_B24,1.0,1.0,1.0,phase2_mcf7,raw_modz_consensus
BRD-K13390322,REP.A010_MCF7_24H_X1_B24,0.5,0.0,1.0,phase2_mcf7,raw_modz_consensus
BRD-K13662825,REP.A010_MCF7_24H_X1_B24,1.0,1.0,1.0,phase2_mcf7,raw_modz_consensus
BRD-K12787259,REP.A010_MCF7_24H_X2_B24,1.0,1.0,1.0,phase2_mcf7,raw_modz_consensus
BRD-K13390322,REP.A010_MCF7_24H_X2_B24,0.5,0.0,1.0,phase2_mcf7,raw_modz_consensus
BRD-K13662825,REP.A010_MCF7_24H_X2_B24,1.0,1.0,1.0,phase2_mcf7,raw_modz_consensus
BRD-K12787259,REP.A010_MCF7_24H_X3_B24,1.0,1.0,1.0,phase2_mcf7,raw_modz_consensus
BRD-K13390322,REP.A010_MCF7_24H_X3_B24,0.5,0.0,1.0,phase2_mcf7,raw_modz_consensus
BRD-K13662825,REP.A010_MCF7_24H_X3_B24,1.0,1.0,1.0,phase2_mcf7,raw_modz_consensus
BRD-K05804044,REP.A011_MCF7_24H_X1_B24,0.5,0.0,1.0,phase2_mcf7,raw_modz_consensus
BRD-K07691486,REP.A011_MCF7_24H_X1_B24,0.014084507042253521,0.0,0.0,phase2_mcf7,raw_modz_consensus
BRD-K05804044,REP.A011_MCF7_24H_X2_B24,0.02702702702702703,0.0,0.0,phase2_mcf7,raw_modz_consensus
BRD-K07691486,REP.A011_MCF7_24H_X2_B24,0.07142857142857142,0.0,0.0,phase2_mcf7,raw_modz_consensus
BRD-K05804044,REP.A011_MCF7_24H_X3_B24,0.5,0.0,1.0,phase2_mcf7,raw_modz_consensus
BRD-K07691486,REP.A011_MCF7_24H_X3_B24,0.5,0.0,1.0,phase2_mcf7,raw_modz_consensus
BRD-K02113016,REP.A012_MCF7_24H_X1_B22,0.016129032258064516,0.0,0.0,phase2_mcf7,raw_modz_consensus
BRD-K02123250,REP.A012_MCF7_24H_X1_B22,0.0625,0.0,0.0,phase2_mcf7,raw_modz_consensus
BRD-K03449891,REP.A012_MCF7_24H_X1_B22,1.0,1.0,1.0,phase2_mcf7,raw_modz_consensus
BRD-K02113016,REP.A012_MCF7_24H_X2_B22,0.025,0.0,0.0,phase2_mcf7,raw_modz_consensus
BRD-K02123250,REP.A012_MCF7_24H_X2_B22,0.25,0.0,1.0,phase2_mcf7,raw_modz_consensus
BRD-K03449891,REP.A012_MCF7_24H_X2_B22,0.16666666666666666,0.0,0.0,phase2_mcf7,raw_modz_consensus
BRD-K02123250,REP.A012_MCF7_24H_X3_B22,0.3333333333333333,0.0,1.0,phase2_mcf7,raw_modz_consensus
BRD-K03449891,REP.A012_MCF7_24H_X3_B22,0.16666666666666666,0.0,0.0,phase2_mcf7,raw_modz_consensus
BRD-K40738845,REP.A013_MCF7_24H_X1_B24,0.015151515151515152,0.0,0.0,phase2_mcf7,raw_modz_consensus
BRD-K40738845,REP.A013_MCF7_24H_X2_B22,0.04,0.0,0.0,phase2_mcf7,raw_modz_consensus
BRD-K40738845,REP.A013_MCF7_24H_X3_B22,0.02,0.0,0.0,phase2_mcf7,raw_modz_consensus
BRD-K37687095,REP.A014_MCF7_24H_X1_B23,1.0,1.0,1.0,phase2_mcf7,raw_modz_consensus
BRD-K56751279,REP.A014_MCF7_24H_X1_B23,0.3333333333333333,0.0,1.0,phase2_mcf7,raw_modz_consensus
BRD-K60866521,REP.A014_MCF7_24H_X1_B23,0.0125,0.0,0.0,phase2_mcf7,raw_modz_consensus
BRD-K37687095,REP.A014_MCF7_24H_X2_B23,0.047619047619047616,0.0,0.0,phase2_mcf7,raw_modz_consensus
BRD-K56751279,REP.A014_MCF7_24H_X2_B23,1.0,1.0,1.0,phase2_mcf7,raw_modz_consensus
BRD-K60866521,REP.A014_MCF7_24H_X2_B23,0.0125,0.0,0.0,phase2_mcf7,raw_modz_consensus
BRD-K37687095,REP.A014_MCF7_24H_X3_B23,0.1,0.0,0.0,phase2_mcf7,raw_modz_consensus
BRD-K56751279,REP.A014_MCF7_24H_X3_B23,0.09090909090909091,0.0,0.0,phase2_mcf7,raw_modz_consensus
BRD-K60866521,REP.A014_MCF7_24H_X3_B23,0.01282051282051282,0.0,0.0,phase2_mcf7,raw_modz_consensus
BRD-K56301217,REP.A015_MCF7_24H_X1_B23,1.0,1.0,1.0,phase2_mcf7,raw_modz_consensus
BRD-K57080016,REP.A015_MCF7_24H_X1_B23,0.25,0.0,1.0,phase2_mcf7,raw_modz_consensus
BRD-K57169635,REP.A015_MCF7_24H_X1_B23,0.5,0.0,1.0,phase2_mcf7,raw_modz_consensus
BRD-K59317601,REP.A015_MCF7_24H_X1_B23,1.0,1.0,1.0,phase2_mcf7,raw_modz_consensus
BRD-K56301217,REP.A015_MCF7_24H_X2_B23,0.07142857142857142,0.0,0.0,phase2_mcf7,raw_modz_consensus
BRD-K57080016,REP.A015_MCF7_24H_X2_B23,0.09090909090909091,0.0,0.0,phase2_mcf7,raw_modz_consensus
BRD-K57169635,REP.A015_MCF7_24H_X2_B23,1.0,1.0,1.0,phase2_mcf7,raw_modz_consensus
BRD-K59317601,REP.A015_MCF7_24H_X2_B23,0.25,0.0,1.0,phase2_mcf7,raw_modz_consensus
BRD-K56301217,REP.A015_MCF7_24H_X3_B23,0.01694915254237288,0.0,0.0,phase2_mcf7,raw_modz_consensus
BRD-K57080016,REP.A015_MCF7_24H_X3_B23,0.023809523809523808,0.0,0.0,phase2_mcf7,raw_modz_consensus
BRD-K57169635,REP.A015_MCF7_24H_X3_B23,1.0,1.0,1.0,phase2_mcf7,raw_modz_consensus
BRD-K59317601,REP.A015_MCF7_24H_X3_B23,0.3333333333333333,0.0,1.0,phase2_mcf7,raw_modz_consensus
BRD-A58280226,REP.A016_MCF7_24H_X1_B23,0.5,0.0,1.0,phase2_mcf7,raw_modz_consensus
BRD-K41895714,REP.A016_MCF7_24H_X1_B23,0.020833333333333332,0.0,0.0,phase2_mcf7,raw_modz_consensus
BRD-K51313569,REP.A016_MCF7_24H_X1_B23,0.3333333333333333,0.0,1.0,phase2_mcf7,raw_modz_consensus
BRD-K51544265,REP.A016_MCF7_24H_X1_B23,0.016666666666666666,0.0,0.0,phase2_mcf7,raw_modz_consensus
BRD-K53414658,REP.A016_MCF7_24H_X1_B23,0.05,0.0,0.0,phase2_mcf7,raw_modz_consensus
BRD-K53417444,REP.A016_MCF7_24H_X1_B23,1.0,1.0,1.0,phase2_mcf7,raw_modz_consensus
BRD-K54256913,REP.A016_MCF7_24H_X1_B23,0.3333333333333333,0.0,1.0,phase2_mcf7,raw_modz_consensus
BRD-A58280226,REP.A016_MCF7_24H_X2_B23,0.05263157894736842,0.0,0.0,phase2_mcf7,raw_modz_consensus
BRD-K41895714,REP.A016_MCF7_24H_X2_B23,0.025,0.0,0.0,phase2_mcf7,raw_modz_consensus
BRD-K51313569,REP.A016_MCF7_24H_X2_B23,1.0,1.0,1.0,phase2_mcf7,raw_modz_consensus
BRD-K51544265,REP.A016_MCF7_24H_X2_B23,0.06666666666666667,0.0,0.0,phase2_mcf7,raw_modz_consensus
BRD-K53414658,REP.A016_MCF7_24H_X2_B23,0.3333333333333333,0.0,1.0,phase2_mcf7,raw_modz_consensus
BRD-K53417444,REP.A016_MCF7_24H_X2_B23,1.0,1.0,1.0,phase2_mcf7,raw_modz_consensus
BRD-K54256913,REP.A016_MCF7_24H_X2_B23,0.058823529411764705,0.0,0.0,phase2_mcf7,raw_modz_consensus
BRD-A58280226,REP.A016_MCF7_24H_X3_B23,1.0,1.0,1.0,phase2_mcf7,raw_modz_consensus
BRD-K41895714,REP.A016_MCF7_24H_X3_B23,0.14285714285714285,0.0,0.0,phase2_mcf7,raw_modz_consensus
BRD-K51313569,REP.A016_MCF7_24H_X3_B23,1.0,1.0,1.0,phase2_mcf7,raw_modz_consensus
BRD-K51544265,REP.A016_MCF7_24H_X3_B23,0.022222222222222223,0.0,0.0,phase2_mcf7,raw_modz_consensus
BRD-K53414658,REP.A016_MCF7_24H_X3_B23,0.0196078431372549,0.0,0.0,phase2_mcf7,raw_modz_consensus
BRD-K53417444,REP.A016_MCF7_24H_X3_B23,1.0,1.0,1.0,phase2_mcf7,raw_modz_consensus
BRD-K54256913,REP.A016_MCF7_24H_X3_B23,0.5,0.0,1.0,phase2_mcf7,raw_modz_consensus
BRD-K50168500,REP.A017_MCF7_24H_X1_B23,0.14285714285714285,0.0,0.0,phase2_mcf7,raw_modz_consensus
BRD-K50168500,REP.A017_MCF7_24H_X2_B23,0.5,0.0,1.0,phase2_mcf7,raw_modz_consensus
BRD-K50168500,REP.A017_MCF7_24H_X3_B23,0.2,0.0,1.0,phase2_mcf7,raw_modz_consensus
BRD-K64800655,REP.A018_MCF7_24H_X1_B24,1.0,1.0,1.0,phase2_mcf7,raw_modz_consensus
BRD-K66538826,REP.A018_MCF7_24H_X1_B24,0.07692307692307693,0.0,0.0,phase2_mcf7,raw_modz_consensus
BRD-K64800655,REP.A018_MCF7_24H_X2_B23,1.0,1.0,1.0,phase2_mcf7,raw_modz_consensus
BRD-K66538826,REP.A018_MCF7_24H_X2_B23,0.0625,0.0,0.0,phase2_mcf7,raw_modz_consensus
BRD-K64800655,REP.A018_MCF7_24H_X3_B23,1.0,1.0,1.0,phase2_mcf7,raw_modz_consensus
BRD-K66538826,REP.A018_MCF7_24H_X3_B23,0.5,0.0,1.0,phase2_mcf7,raw_modz_consensus
BRD-K04887706,REP.A019_MCF7_24H_X1_B23,0.02631578947368421,0.0,0.0,phase2_mcf7,raw_modz_consensus
BRD-K45746021,REP.A019_MCF7_24H_X1_B23,0.2,0.0,1.0,phase2_mcf7,raw_modz_consensus
BRD-K49075727,REP.A019_MCF7_24H_X1_B23,1.0,1.0,1.0,phase2_mcf7,raw_modz_consensus
BRD-K49328571,REP.A019_MCF7_24H_X1_B23,0.041666666666666664,0.0,0.0,phase2_mcf7,raw_modz_consensus
BRD-K49865102,REP.A019_MCF7_24H_X1_B23,1.0,1.0,1.0,phase2_mcf7,raw_modz_consensus
BRD-K04887706,REP.A019_MCF7_24H_X2_B24,0.09090909090909091,0.0,0.0,phase2_mcf7,raw_modz_consensus
BRD-K45746021,REP.A019_MCF7_24H_X2_B24,0.03225806451612903,0.0,0.0,phase2_mcf7,raw_modz_consensus
BRD-K49075727,REP.A019_MCF7_24H_X2_B24,0.5,0.0,1.0,phase2_mcf7,raw_modz_consensus
BRD-K49328571,REP.A019_MCF7_24H_X2_B24,0.3333333333333333,0.0,1.0,phase2_mcf7,raw_modz_consensus
BRD-K49865102,REP.A019_MCF7_24H_X2_B24,0.08333333333333333,0.0,0.0,phase2_mcf7,raw_modz_consensus
BRD-K04887706,REP.A019_MCF7_24H_X3_B23,0.02564102564102564,0.0,0.0,phase2_mcf7,raw_modz_consensus
BRD-K45746021,REP.A019_MCF7_24H_X3_B23,0.058823529411764705,0.0,0.0,phase2_mcf7,raw_modz_consensus
BRD-K49075727,REP.A019_MCF7_24H_X3_B23,1.0,1.0,1.0,phase2_mcf7,raw_modz_consensus
BRD-K49865102,REP.A019_MCF7_24H_X3_B23,0.25,0.0,1.0,phase2_mcf7,raw_modz_consensus
BRD-K82928847,REP.A020_MCF7_24H_X1_B23,1.0,1.0,1.0,phase2_mcf7,raw_modz_consensus
BRD-K82928847,REP.A020_MCF7_24H_X2_B23,1.0,1.0,1.0,phase2_mcf7,raw_modz_consensus
BRD-K82928847,REP.A020_MCF7_24H_X3_B23,1.0,1.0,1.0,phase2_mcf7,raw_modz_consensus
BRD-K81528515,REP.A021_MCF7_24H_X1_B23,1.0,1.0,1.0,phase2_mcf7,raw_modz_consensus
BRD-K83963101,REP.A021_MCF7_24H_X1_B23,0.041666666666666664,0.0,0.0,phase2_mcf7,raw_modz_consensus
BRD-K85606544,REP.A021_MCF7_24H_X1_B23,1.0,1.0,1.0,phase2_mcf7,raw_modz_consensus
BRD-K81528515,REP.A021_MCF7_24H_X2_B23,0.2,0.0,1.0,phase2_mcf7,raw_modz_consensus
BRD-K83963101,REP.A021_MCF7_24H_X2_B23,1.0,1.0,1.0,phase2_mcf7,raw_modz_consensus
BRD-K85606544,REP.A021_MCF7_24H_X2_B23,0.09090909090909091,0.0,0.0,phase2_mcf7,raw_modz_consensus
BRD-K81528515,REP.A021_MCF7_24H_X3_B23,0.09090909090909091,0.0,0.0,phase2_mcf7,raw_modz_consensus
BRD-K83963101,REP.A021_MCF7_24H_X3_B23,0.3333333333333333,0.0,1.0,phase2_mcf7,raw_modz_consensus
BRD-K85606544,REP.A021_MCF7_24H_X3_B23,0.09090909090909091,0.0,0.0,phase2_mcf7,raw_modz_consensus
BRD-K70401845,REP.A022_MCF7_24H_X1_B23,0.04,0.0,0.0,phase2_mcf7,raw_modz_consensus
BRD-K71035033,REP.A022_MCF7_24H_X1_B23,0.25,0.0,1.0,phase2_mcf7,raw_modz_consensus
BRD-K72414522,REP.A022_MCF7_24H_X1_B23,0.25,0.0,1.0,phase2_mcf7,raw_modz_consensus
BRD-K76908866,REP.A022_MCF7_24H_X1_B23,0.16666666666666666,0.0,0.0,phase2_mcf7,raw_modz_consensus
BRD-K77908580,REP.A022_MCF7_24H_X1_B23,1.0,1.0,1.0,phase2_mcf7,raw_modz_consensus
BRD-K79254416,REP.A022_MCF7_24H_X1_B23,0.1,0.0,0.0,phase2_mcf7,raw_modz_consensus
BRD-K80700417,REP.A022_MCF7_24H_X1_B23,0.5,0.0,1.0,phase2_mcf7,raw_modz_consensus
BRD-K70401845,REP.A022_MCF7_24H_X2_B23,0.037037037037037035,0.0,0.0,phase2_mcf7,raw_modz_consensus
BRD-K71035033,REP.A022_MCF7_24H_X2_B23,0.08333333333333333,0.0,0.0,phase2_mcf7,raw_modz_consensus
BRD-K72414522,REP.A022_MCF7_24H_X2_B23,1.0,1.0,1.0,phase2_mcf7,raw_modz_consensus
BRD-K76908866,REP.A022_MCF7_24H_X2_B23,0.125,0.0,0.0,phase2_mcf7,raw_modz_consensus
BRD-K77908580,REP.A022_MCF7_24H_X2_B23,1.0,1.0,1.0,phase2_mcf7,raw_modz_consensus
BRD-K79254416,REP.A022_MCF7_24H_X2_B23,0.02631578947368421,0.0,0.0,phase2_mcf7,raw_modz_consensus
BRD-K80700417,REP.A022_MCF7_24H_X2_B23,0.2,0.0,1.0,phase2_mcf7,raw_modz_consensus
BRD-K70401845,REP.A022_MCF7_24H_X3_B23,0.5,0.0,1.0,phase2_mcf7,raw_modz_consensus
BRD-K71035033,REP.A022_MCF7_24H_X3_B23,1.0,1.0,1.0,phase2_mcf7,raw_modz_consensus
BRD-K72414522,REP.A022_MCF7_24H_X3_B23,0.2,0.0,1.0,phase2_mcf7,raw_modz_consensus
BRD-K76908866,REP.A022_MCF7_24H_X3_B23,0.024390243902439025,0.0,0.0,phase2_mcf7,raw_modz_consensus
BRD-K77908580,REP.A022_MCF7_24H_X3_B23,1.0,1.0,1.0,phase2_mcf7,raw_modz_consensus
BRD-K79254416,REP.A022_MCF7_24H_X3_B23,0.25,0.0,1.0,phase2_mcf7,raw_modz_consensus
BRD-K80700417,REP.A022_MCF7_24H_X3_B23,1.0,1.0,1.0,phase2_mcf7,raw_modz_consensus
BRD-K68065987,REP.A023_MCF7_24H_X1_B23,1.0,1.0,1.0,phase2_mcf7,raw_modz_consensus
BRD-K70511574,REP.A023_MCF7_24H_X1_B23,1.0,1.0,1.0,phase2_mcf7,raw_modz_consensus
BRD-K68065987,REP.A023_MCF7_24H_X2_B23,1.0,1.0,1.0,phase2_mcf7,raw_modz_consensus
BRD-K70511574,REP.A023_MCF7_24H_X2_B23,1.0,1.0,1.0,phase2_mcf7,raw_modz_consensus
BRD-K68065987,REP.A023_MCF7_24H_X3_B23,1.0,1.0,1.0,phase2_mcf7,raw_modz_consensus
BRD-K70511574,REP.A023_MCF7_24H_X3_B23,1.0,1.0,1.0,phase2_mcf7,raw_modz_consensus
BRD-K74065929,REP.A024_MCF7_24H_X1_B23,1.0,1.0,1.0,phase2_mcf7,raw_modz_consensus
BRD-K79404599,REP.A024_MCF7_24H_X1_B23,0.125,0.0,0.0,phase2_mcf7,raw_modz_consensus
BRD-K74065929,REP.A024_MCF7_24H_X2_B23,0.5,0.0,1.0,phase2_mcf7,raw_modz_consensus
BRD-K79404599,REP.A024_MCF7_24H_X2_B23,0.02127659574468085,0.0,0.0,phase2_mcf7,raw_modz_consensus
BRD-K74065929,REP.A024_MCF7_24H_X3_B23,0.3333333333333333,0.0,1.0,phase2_mcf7,raw_modz_consensus
BRD-K79404599,REP.A024_MCF7_24H_X3_B23,0.2,0.0,1.0,phase2_mcf7,raw_modz_consensus
BRD-K74514084,REP.A025_MCF7_24H_X1_B23,0.25,0.0,1.0,phase2_mcf7,raw_modz_consensus
BRD-K77625799,REP.A025_MCF7_24H_X1_B23,0.03571428571428571,0.0,0.0,phase2_mcf7,raw_modz_consensus
BRD-K74514084,REP.A025_MCF7_24H_X2_B23,1.0,1.0,1.0,phase2_mcf7,raw_modz_consensus
BRD-K77625799,REP.A025_MCF7_24H_X2_B23,0.017543859649122806,0.0,0.0,phase2_mcf7,raw_modz_consensus
BRD-K74514084,REP.A025_MCF7_24H_X3_B23,0.024390243902439025,0.0,0.0,phase2_mcf7,raw_modz_consensus
BRD-K77625799,REP.A025_MCF7_24H_X3_B23,0.038461538461538464,0.0,0.0,phase2_mcf7,raw_modz_consensus
BRD-K87737963,REP.A026_MCF7_24H_X1_B25,0.16666666666666666,0.0,0.0,phase2_mcf7,raw_modz_consensus
BRD-K99749624,REP.A026_MCF7_24H_X1_B25,1.0,1.0,1.0,phase2_mcf7,raw_modz_consensus
BRD-K87737963,REP.A026_MCF7_24H_X2_B25,0.3333333333333333,0.0,1.0,phase2_mcf7,raw_modz_consensus
BRD-K99749624,REP.A026_MCF7_24H_X2_B25,1.0,1.0,1.0,phase2_mcf7,raw_modz_consensus
BRD-K87737963,REP.A026_MCF7_24H_X3_B25,0.03125,0.0,0.0,phase2_mcf7,raw_modz_consensus
BRD-K99749624,REP.A026_MCF7_24H_X3_B25,1.0,1.0,1.0,phase2_mcf7,raw_modz_consensus
BRD-K93123848,REP.A027_MCF7_24H_X1_B25,0.013513513513513514,0.0,0.0,phase2_mcf7,raw_modz_consensus
BRD-K99545815,REP.A027_MCF7_24H_X1_B25,1.0,1.0,1.0,phase2_mcf7,raw_modz_consensus
BRD-K93123848,REP.A027_MCF7_24H_X2_B25,0.04,0.0,0.0,phase2_mcf7,raw_modz_consensus
BRD-K99545815,REP.A027_MCF7_24H_X2_B25,1.0,1.0,1.0,phase2_mcf7,raw_modz_consensus
BRD-K93123848,REP.A027_MCF7_24H_X3_B25,0.013888888888888888,0.0,0.0,phase2_mcf7,raw_modz_consensus
BRD-K99545815,REP.A027_MCF7_24H_X3_B25,1.0,1.0,1.0,phase2_mcf7,raw_modz_consensus
BRD-K92428232,REP.A028_MCF7_24H_X1_B25,1.0,1.0,1.0,phase2_mcf7,raw_modz_consensus
BRD-K93918653,REP.A028_MCF7_24H_X1_B25,0.03333333333333333,0.0,0.0,phase2_mcf7,raw_modz_consensus
BRD-K92428232,REP.A028_MCF7_24H_X2_B25,1.0,1.0,1.0,phase2_mcf7,raw_modz_consensus
BRD-K93918653,REP.A028_MCF7_24H_X2_B25,1.0,1.0,1.0,phase2_mcf7,raw_modz_consensus
BRD-K92428232,REP.A028_MCF7_24H_X3_B25,1.0,1.0,1.0,phase2_mcf7,raw_modz_consensus
BRD-K93918653,REP.A028_MCF7_24H_X3_B25,1.0,1.0,1.0,phase2_mcf7,raw_modz_consensus
